#
# A fatal error has been detected by the Java Runtime Environment:
#
#  Internal Error (generateOopMap.cpp:2170), pid=17591, tid=17604
#  fatal error: Illegal class file encountered. Try running with -Xverify:all in method draw
#
# JRE version: OpenJDK Runtime Environment Temurin-11.0.24+8 (11.0.24+8) (build 11.0.24+8)
# Java VM: OpenJDK 64-Bit Server VM Temurin-11.0.24+8 (11.0.24+8, mixed mode, tiered, compressed oops, g1 gc, linux-amd64)
# Core dump will be written. Default location: Core dumps may be processed with "/usr/share/apport/apport -p%p -s%s -c%c -d%d -P%P -u%u -g%g -- %E" (or dumping to /home/tatsunidas/graphy-workspace3/graphy/core.17591)
#
# If you would like to submit a bug report, please visit:
#   https://github.com/adoptium/adoptium-support/issues
#

---------------  S U M M A R Y ------------

Command Line: -agentlib:jdwp=transport=dt_socket,suspend=y,address=localhost:36657 -Djava.library.path=./native/native_opencv/linux-x86-64 -javaagent:/home/tatsunidas/eclipse/java-2023-03/eclipse/configuration/org.eclipse.osgi/225/0/.cp/lib/javaagent-shaded.jar -Dfile.encoding=UTF-8 com.vis.core.launcher.Launcher

Host: Intel(R) Core(TM) i7-8550U CPU @ 1.80GHz, 8 cores, 31G, Ubuntu 22.04.4 LTS
Time: Tue Sep 10 11:26:34 2024 JST elapsed time: 4812.594310 seconds (0d 1h 20m 12s)

---------------  T H R E A D  ---------------

Current thread (0x000074de802ce800):  VMThread "VM Thread" [stack: 0x000074de7eafe000,0x000074de7ebfe000] [id=17604]

Stack: [0x000074de7eafe000,0x000074de7ebfe000],  sp=0x000074de7ebfbaa0,  free space=1014k
Native frames: (J=compiled Java code, A=aot compiled Java code, j=interpreted, Vv=VM code, C=native code)
V  [libjvm.so+0xf4f71a]  VMError::report_and_die(int, char const*, char const*, __va_list_tag*, Thread*, unsigned char*, void*, void*, char const*, int, unsigned long)+0x1ca
V  [libjvm.so+0x6d7f0f]  report_fatal(VMErrorType, char const*, int, char const*, ...)+0x10f
V  [libjvm.so+0x84436f]  GenerateOopMap::error_work(char const*, __va_list_tag*)+0xcf
V  [libjvm.so+0x84444b]  GenerateOopMap::report_error(char const*, ...) [clone .constprop.80]+0x8b
V  [libjvm.so+0x846637]  GenerateOopMap::ppload(CellTypeState*, int)+0xf7
V  [libjvm.so+0x847753]  GenerateOopMap::interp1(BytecodeStream*)+0x1013
V  [libjvm.so+0x84905c]  GenerateOopMap::interp_bb(BasicBlock*)+0x15c
V  [libjvm.so+0x84bc3d]  GenerateOopMap::do_interpretation()+0xbd
V  [libjvm.so+0x84bff9]  GenerateOopMap::compute_map(Thread*)+0x269
V  [libjvm.so+0xc6670a]  OopMapCacheEntry::fill(methodHandle const&, int)+0x20a
V  [libjvm.so+0xc66c8b]  OopMapCache::compute_one_oop_map(methodHandle const&, int, InterpreterOopMap*)+0x6b
V  [libjvm.so+0xbf03e6]  Method::mask_for(int, InterpreterOopMap*)+0x76
V  [libjvm.so+0xa73e8c]  VM_GetOrSetLocal::doit()+0x4c
V  [libjvm.so+0xf52e47]  VM_Operation::evaluate()+0xe7
V  [libjvm.so+0xf5940f]  VMThread::evaluate_operation(VM_Operation*) [clone .constprop.66]+0xff
V  [libjvm.so+0xf59988]  VMThread::loop()+0x428
V  [libjvm.so+0xf59e23]  VMThread::run()+0x73
V  [libjvm.so+0xedefaf]  Thread::call_run()+0x14f
V  [libjvm.so+0xc7d336]  thread_native_entry(Thread*)+0xe6

VM_Operation (0x000074de4d3fe890): GetOrSetLocal, mode: safepoint, requested by thread 0x000074de80454000


---------------  P R O C E S S  ---------------

Threads class SMR info:
_java_thread_list=0x000074ddc4541400, length=20, elements={
0x000074de802d7000, 0x000074de802db000, 0x000074de802f0000, 0x000074de802f2000,
0x000074de802f4000, 0x000074de802f6000, 0x000074de802f8000, 0x000074de803ce000,
0x000074de80454000, 0x000074de80458000, 0x000074ddf4001800, 0x000074de8097c000,
0x000074de809e1000, 0x000074ddb82da000, 0x000074de811f5000, 0x000074de81371000,
0x000074de8113c000, 0x000074de8113f000, 0x000074de81143000, 0x000074de8002a800
}

Java Threads: ( => current thread )
  0x000074de802d7000 JavaThread "Reference Handler" daemon [_thread_blocked, id=17605, stack(0x000074de7e700000,0x000074de7e800000)]
  0x000074de802db000 JavaThread "Finalizer" daemon [_thread_blocked, id=17606, stack(0x000074de64500000,0x000074de64600000)]
  0x000074de802f0000 JavaThread "Signal Dispatcher" daemon [_thread_blocked, id=17607, stack(0x000074de64400000,0x000074de64500000)]
  0x000074de802f2000 JavaThread "Service Thread" daemon [_thread_blocked, id=17608, stack(0x000074de64300000,0x000074de64400000)]
  0x000074de802f4000 JavaThread "C2 CompilerThread0" daemon [_thread_blocked, id=17609, stack(0x000074de64200000,0x000074de64300000)]
  0x000074de802f6000 JavaThread "C1 CompilerThread0" daemon [_thread_blocked, id=17610, stack(0x000074de64100000,0x000074de64200000)]
  0x000074de802f8000 JavaThread "Sweeper thread" daemon [_thread_blocked, id=17611, stack(0x000074de64000000,0x000074de64100000)]
  0x000074de803ce000 JavaThread "Common-Cleaner" daemon [_thread_blocked, id=17612, stack(0x000074de5ef00000,0x000074de5f000000)]
  0x000074de80454000 JavaThread "JDWP Transport Listener: dt_socket" daemon [_thread_blocked, id=17615, stack(0x000074de4d300000,0x000074de4d400000)] _threads_hazard_ptr=0x000074ddc4541400
  0x000074de80458000 JavaThread "JDWP Event Helper Thread" daemon [_thread_blocked, id=17616, stack(0x000074de4cb00000,0x000074de4cc00000)]
  0x000074ddf4001800 JavaThread "JDWP Command Reader" daemon [_thread_in_native, id=17617, stack(0x000074de4ca00000,0x000074de4cb00000)]
  0x000074de8097c000 JavaThread "Java2D Disposer" daemon [_thread_blocked, id=17627, stack(0x000074de57100000,0x000074de57200000)]
  0x000074de809e1000 JavaThread "AWT-XAWT" daemon [_thread_in_native, id=17628, stack(0x000074de47dc6000,0x000074de47ec6000)]
  0x000074ddb82da000 JavaThread "TimerQueue" daemon [_thread_blocked, id=17643, stack(0x000074de462ff000,0x000074de463ff000)]
  0x000074de811f5000 JavaThread "Timer-0" daemon [_thread_blocked, id=17646, stack(0x000074de45300000,0x000074de45400000)]
  0x000074de81371000 JavaThread "derby.rawStoreDaemon" daemon [_thread_blocked, id=17647, stack(0x000074de44700000,0x000074de44800000)]
  0x000074de8113c000 JavaThread "pool-1-thread-1" [_thread_in_native, id=17649, stack(0x000074de47900000,0x000074de47a00000)]
  0x000074de8113f000 JavaThread "AWT-Shutdown" [_thread_blocked, id=17650, stack(0x000074de47800000,0x000074de47900000)]
  0x000074de81143000 JavaThread "AWT-EventQueue-0" [_thread_blocked, id=17651, stack(0x000074de463ff000,0x000074de464ff000)]
  0x000074de8002a800 JavaThread "DestroyJavaVM" [_thread_blocked, id=17597, stack(0x000074de86fcb000,0x000074de870cb000)]

Other Threads:
=>0x000074de802ce800 VMThread "VM Thread" [stack: 0x000074de7eafe000,0x000074de7ebfe000] [id=17604]
  0x000074de8082a800 WatcherThread [stack: 0x000074de4c900000,0x000074de4ca00000] [id=17623]
  0x000074de80044000 GCTaskThread "GC Thread#0" [stack: 0x000074de86700000,0x000074de86800000] [id=17599]
  0x000074de30019000 GCTaskThread "GC Thread#1" [stack: 0x000074de47700000,0x000074de47800000] [id=17632]
  0x000074de3001a800 GCTaskThread "GC Thread#2" [stack: 0x000074de47300000,0x000074de47400000] [id=17633]
  0x000074de3001c800 GCTaskThread "GC Thread#3" [stack: 0x000074de471ff000,0x000074de472ff000] [id=17634]
  0x000074de3001e000 GCTaskThread "GC Thread#4" [stack: 0x000074de470fe000,0x000074de471fe000] [id=17635]
  0x000074de3001f800 GCTaskThread "GC Thread#5" [stack: 0x000074de46d00000,0x000074de46e00000] [id=17636]
  0x000074de30021000 GCTaskThread "GC Thread#6" [stack: 0x000074de46bff000,0x000074de46cff000] [id=17637]
  0x000074de30022800 GCTaskThread "GC Thread#7" [stack: 0x000074de46afe000,0x000074de46bfe000] [id=17638]
  0x000074de8007e800 ConcurrentGCThread "G1 Main Marker" [stack: 0x000074de840fd000,0x000074de841fd000] [id=17600]
  0x000074de80080800 ConcurrentGCThread "G1 Conc#0" [stack: 0x000074de7ff00000,0x000074de80000000] [id=17601]
  0x000074de48001000 ConcurrentGCThread "G1 Conc#1" [stack: 0x000074de46500000,0x000074de46600000] [id=17641]
  0x000074de80202000 ConcurrentGCThread "G1 Refine#0" [stack: 0x000074de7ed00000,0x000074de7ee00000] [id=17602]
  0x000074de80204000 ConcurrentGCThread "G1 Young RemSet Sampling" [stack: 0x000074de7ebff000,0x000074de7ecff000] [id=17603]

Threads with active compile tasks:

VM state:at safepoint (normal execution)

VM Mutex/Monitor currently owned by a thread:  ([mutex/lock_event])
[0x000074de800284e0] Threads_lock - owner thread: 0x000074de802ce800

Heap address: 0x000000060c600000, size: 7994 MB, Compressed Oops mode: Zero based, Oop shift amount: 3
Narrow klass base: 0x0000000800000000, Narrow klass shift: 0
Compressed class space size: 1073741824 Address: 0x0000000800000000

Heap:
 garbage-first heap   total 485376K, used 358509K [0x000000060c600000, 0x0000000800000000)
  region size 2048K, 75 young (153600K), 1 survivors (2048K)
 Metaspace       used 54168K, capacity 56132K, committed 56348K, reserved 1099776K
  class space    used 5395K, capacity 6624K, committed 6780K, reserved 1048576K
Heap Regions: E=young(eden), S=young(survivor), O=old, HS=humongous(starts), HC=humongous(continues), CS=collection set, F=free, A=archive, TAMS=top-at-mark-start (previous, next)
|   0|0x000000060c600000, 0x000000060c7ffff8, 0x000000060c800000| 99%| O|  |TAMS 0x000000060c7ffff8, 0x000000060c600000| Untracked 
|   1|0x000000060c800000, 0x000000060c9ffff0, 0x000000060ca00000| 99%| O|  |TAMS 0x000000060c9ffff0, 0x000000060c800000| Untracked 
|   2|0x000000060ca00000, 0x000000060cc00000, 0x000000060cc00000|100%| O|  |TAMS 0x000000060cc00000, 0x000000060ca00000| Untracked 
|   3|0x000000060cc00000, 0x000000060ce00000, 0x000000060ce00000|100%|HS|  |TAMS 0x000000060ce00000, 0x000000060cc00000| Complete 
|   4|0x000000060ce00000, 0x000000060cffffe0, 0x000000060d000000| 99%| O|  |TAMS 0x000000060cffffe0, 0x000000060ce00000| Untracked 
|   5|0x000000060d000000, 0x000000060d1fde38, 0x000000060d200000| 99%| O|  |TAMS 0x000000060d1fde38, 0x000000060d000000| Untracked 
|   6|0x000000060d200000, 0x000000060d3fffe0, 0x000000060d400000| 99%| O|  |TAMS 0x000000060d3fffe0, 0x000000060d200000| Untracked 
|   7|0x000000060d400000, 0x000000060d5ffff0, 0x000000060d600000| 99%| O|  |TAMS 0x000000060d5ffff0, 0x000000060d400000| Untracked 
|   8|0x000000060d600000, 0x000000060d800000, 0x000000060d800000|100%|HS|  |TAMS 0x000000060d800000, 0x000000060d600000| Complete 
|   9|0x000000060d800000, 0x000000060da00000, 0x000000060da00000|100%|HC|  |TAMS 0x000000060da00000, 0x000000060d800000| Complete 
|  10|0x000000060da00000, 0x000000060dc00000, 0x000000060dc00000|100%|HC|  |TAMS 0x000000060dc00000, 0x000000060da00000| Complete 
|  11|0x000000060dc00000, 0x000000060de00000, 0x000000060de00000|100%|HS|  |TAMS 0x000000060de00000, 0x000000060dc00000| Complete 
|  12|0x000000060de00000, 0x000000060e000000, 0x000000060e000000|100%|HC|  |TAMS 0x000000060e000000, 0x000000060de00000| Complete 
|  13|0x000000060e000000, 0x000000060e200000, 0x000000060e200000|100%|HC|  |TAMS 0x000000060e200000, 0x000000060e000000| Complete 
|  14|0x000000060e200000, 0x000000060e400000, 0x000000060e400000|100%|HS|  |TAMS 0x000000060e400000, 0x000000060e200000| Complete 
|  15|0x000000060e400000, 0x000000060e600000, 0x000000060e600000|100%|HC|  |TAMS 0x000000060e600000, 0x000000060e400000| Complete 
|  16|0x000000060e600000, 0x000000060e800000, 0x000000060e800000|100%|HC|  |TAMS 0x000000060e800000, 0x000000060e600000| Complete 
|  17|0x000000060e800000, 0x000000060e9ffff8, 0x000000060ea00000| 99%| O|  |TAMS 0x000000060e9ffff8, 0x000000060e800000| Untracked 
|  18|0x000000060ea00000, 0x000000060ebd97f0, 0x000000060ec00000| 92%| O|  |TAMS 0x000000060ebd97f0, 0x000000060ea00000| Untracked 
|  19|0x000000060ec00000, 0x000000060edfffa0, 0x000000060ee00000| 99%| O|  |TAMS 0x000000060edfffa0, 0x000000060ec00000| Untracked 
|  20|0x000000060ee00000, 0x000000060effffe0, 0x000000060f000000| 99%| O|  |TAMS 0x000000060effffe0, 0x000000060ee00000| Untracked 
|  21|0x000000060f000000, 0x000000060f200000, 0x000000060f200000|100%| O|  |TAMS 0x000000060f200000, 0x000000060f000000| Untracked 
|  22|0x000000060f200000, 0x000000060f3fffe0, 0x000000060f400000| 99%| O|  |TAMS 0x000000060f3fffe0, 0x000000060f200000| Untracked 
|  23|0x000000060f400000, 0x000000060f5ffff8, 0x000000060f600000| 99%| O|  |TAMS 0x000000060f5ffff8, 0x000000060f400000| Untracked 
|  24|0x000000060f600000, 0x000000060f800000, 0x000000060f800000|100%| O|  |TAMS 0x000000060f800000, 0x000000060f600000| Untracked 
|  25|0x000000060f800000, 0x000000060f9ffff8, 0x000000060fa00000| 99%| O|  |TAMS 0x000000060f9ffff8, 0x000000060f800000| Untracked 
|  26|0x000000060fa00000, 0x000000060fc00000, 0x000000060fc00000|100%| O|  |TAMS 0x000000060fc00000, 0x000000060fa00000| Untracked 
|  27|0x000000060fc00000, 0x000000060fdfffe0, 0x000000060fe00000| 99%| O|  |TAMS 0x000000060fdfffe0, 0x000000060fc00000| Untracked 
|  28|0x000000060fe00000, 0x000000060fffffe0, 0x0000000610000000| 99%| O|  |TAMS 0x000000060fffffe0, 0x000000060fe00000| Untracked 
|  29|0x0000000610000000, 0x0000000610200000, 0x0000000610200000|100%| O|  |TAMS 0x0000000610200000, 0x0000000610000000| Untracked 
|  30|0x0000000610200000, 0x00000006103ffff8, 0x0000000610400000| 99%| O|  |TAMS 0x00000006103ffff8, 0x0000000610200000| Untracked 
|  31|0x0000000610400000, 0x00000006105ffff0, 0x0000000610600000| 99%| O|  |TAMS 0x00000006105ffff0, 0x0000000610400000| Untracked 
|  32|0x0000000610600000, 0x00000006107ffff8, 0x0000000610800000| 99%| O|  |TAMS 0x00000006107ffff8, 0x0000000610600000| Untracked 
|  33|0x0000000610800000, 0x00000006109ffff0, 0x0000000610a00000| 99%| O|  |TAMS 0x00000006109ffff0, 0x0000000610800000| Untracked 
|  34|0x0000000610a00000, 0x0000000610bffff8, 0x0000000610c00000| 99%| O|  |TAMS 0x0000000610bffff8, 0x0000000610a00000| Untracked 
|  35|0x0000000610c00000, 0x0000000610dfff98, 0x0000000610e00000| 99%| O|  |TAMS 0x0000000610dfff98, 0x0000000610c00000| Untracked 
|  36|0x0000000610e00000, 0x0000000610fffff0, 0x0000000611000000| 99%| O|  |TAMS 0x0000000610fffff0, 0x0000000610e00000| Untracked 
|  37|0x0000000611000000, 0x00000006111e3c88, 0x0000000611200000| 94%| O|  |TAMS 0x00000006111e3c88, 0x0000000611000000| Untracked 
|  38|0x0000000611200000, 0x00000006112e2118, 0x0000000611400000| 44%| O|  |TAMS 0x00000006112e2118, 0x0000000611200000| Untracked 
|  39|0x0000000611400000, 0x00000006115fffe0, 0x0000000611600000| 99%| O|  |TAMS 0x00000006115fffe0, 0x0000000611400000| Untracked 
|  40|0x0000000611600000, 0x00000006117e71a0, 0x0000000611800000| 95%| O|  |TAMS 0x00000006117e71a0, 0x0000000611600000| Untracked 
|  41|0x0000000611800000, 0x0000000611a00000, 0x0000000611a00000|100%|HS|  |TAMS 0x0000000611a00000, 0x0000000611800000| Untracked 
|  42|0x0000000611a00000, 0x0000000611be6330, 0x0000000611c00000| 94%| O|  |TAMS 0x0000000611be6330, 0x0000000611a00000| Untracked 
|  43|0x0000000611c00000, 0x0000000611dffff0, 0x0000000611e00000| 99%| O|  |TAMS 0x0000000611dffff0, 0x0000000611c00000| Untracked 
|  44|0x0000000611e00000, 0x0000000611f4bcb0, 0x0000000612000000| 64%| O|  |TAMS 0x0000000611f4bcb0, 0x0000000611e00000| Untracked 
|  45|0x0000000612000000, 0x00000006121c2dd8, 0x0000000612200000| 88%| O|  |TAMS 0x00000006121c2dd8, 0x0000000612000000| Untracked 
|  46|0x0000000612200000, 0x0000000612400000, 0x0000000612400000|100%|HS|  |TAMS 0x0000000612400000, 0x0000000612200000| Untracked 
|  47|0x0000000612400000, 0x0000000612600000, 0x0000000612600000|100%|HC|  |TAMS 0x0000000612600000, 0x0000000612400000| Untracked 
|  48|0x0000000612600000, 0x0000000612800000, 0x0000000612800000|100%|HS|  |TAMS 0x0000000612800000, 0x0000000612600000| Complete 
|  49|0x0000000612800000, 0x0000000612a00000, 0x0000000612a00000|100%|HC|  |TAMS 0x0000000612a00000, 0x0000000612800000| Complete 
|  50|0x0000000612a00000, 0x0000000612c00000, 0x0000000612c00000|100%|HC|  |TAMS 0x0000000612c00000, 0x0000000612a00000| Complete 
|  51|0x0000000612c00000, 0x0000000612dffff0, 0x0000000612e00000| 99%| O|  |TAMS 0x0000000612dffff0, 0x0000000612c00000| Untracked 
|  52|0x0000000612e00000, 0x0000000612ff8900, 0x0000000613000000| 98%| O|  |TAMS 0x0000000612ff8900, 0x0000000612e00000| Untracked 
|  53|0x0000000613000000, 0x00000006131cbe08, 0x0000000613200000| 89%| O|  |TAMS 0x00000006131cbe08, 0x0000000613000000| Untracked 
|  54|0x0000000613200000, 0x00000006133df120, 0x0000000613400000| 93%| O|  |TAMS 0x00000006133df120, 0x0000000613200000| Untracked 
|  55|0x0000000613400000, 0x0000000613600000, 0x0000000613600000|100%| O|  |TAMS 0x0000000613600000, 0x0000000613400000| Untracked 
|  56|0x0000000613600000, 0x00000006137e3e00, 0x0000000613800000| 94%| O|  |TAMS 0x00000006137e3e00, 0x0000000613600000| Untracked 
|  57|0x0000000613800000, 0x00000006139eb208, 0x0000000613a00000| 95%| O|  |TAMS 0x00000006139eb208, 0x0000000613800000| Untracked 
|  58|0x0000000613a00000, 0x0000000613c00000, 0x0000000613c00000|100%|HS|  |TAMS 0x0000000613c00000, 0x0000000613a00000| Complete 
|  59|0x0000000613c00000, 0x0000000613e00000, 0x0000000613e00000|100%|HC|  |TAMS 0x0000000613e00000, 0x0000000613c00000| Complete 
|  60|0x0000000613e00000, 0x0000000614000000, 0x0000000614000000|100%|HC|  |TAMS 0x0000000614000000, 0x0000000613e00000| Complete 
|  61|0x0000000614000000, 0x0000000614200000, 0x0000000614200000|100%|HS|  |TAMS 0x0000000614200000, 0x0000000614000000| Complete 
|  62|0x0000000614200000, 0x0000000614400000, 0x0000000614400000|100%|HC|  |TAMS 0x0000000614400000, 0x0000000614200000| Complete 
|  63|0x0000000614400000, 0x0000000614600000, 0x0000000614600000|100%|HC|  |TAMS 0x0000000614600000, 0x0000000614400000| Complete 
|  64|0x0000000614600000, 0x00000006146782a0, 0x0000000614800000| 23%| O|  |TAMS 0x00000006146782a0, 0x0000000614600000| Untracked 
|  65|0x0000000614800000, 0x0000000614a00000, 0x0000000614a00000|100%|HS|  |TAMS 0x0000000614800000, 0x0000000614800000| Complete 
|  66|0x0000000614a00000, 0x0000000614c00000, 0x0000000614c00000|100%|HC|  |TAMS 0x0000000614a00000, 0x0000000614a00000| Complete 
|  67|0x0000000614c00000, 0x0000000614e00000, 0x0000000614e00000|100%|HC|  |TAMS 0x0000000614c00000, 0x0000000614c00000| Complete 
|  68|0x0000000614e00000, 0x0000000615000000, 0x0000000615000000|100%|HS|  |TAMS 0x0000000615000000, 0x0000000614e00000| Complete 
|  69|0x0000000615000000, 0x0000000615200000, 0x0000000615200000|100%|HC|  |TAMS 0x0000000615200000, 0x0000000615000000| Complete 
|  70|0x0000000615200000, 0x0000000615400000, 0x0000000615400000|100%|HC|  |TAMS 0x0000000615400000, 0x0000000615200000| Complete 
|  71|0x0000000615400000, 0x0000000615600000, 0x0000000615600000|100%|HS|  |TAMS 0x0000000615600000, 0x0000000615400000| Complete 
|  72|0x0000000615600000, 0x0000000615800000, 0x0000000615800000|100%|HC|  |TAMS 0x0000000615800000, 0x0000000615600000| Complete 
|  73|0x0000000615800000, 0x0000000615a00000, 0x0000000615a00000|100%|HC|  |TAMS 0x0000000615a00000, 0x0000000615800000| Complete 
|  74|0x0000000615a00000, 0x0000000615c00000, 0x0000000615c00000|100%|HS|  |TAMS 0x0000000615c00000, 0x0000000615a00000| Complete 
|  75|0x0000000615c00000, 0x0000000615e00000, 0x0000000615e00000|100%|HC|  |TAMS 0x0000000615e00000, 0x0000000615c00000| Complete 
|  76|0x0000000615e00000, 0x0000000616000000, 0x0000000616000000|100%|HC|  |TAMS 0x0000000616000000, 0x0000000615e00000| Complete 
|  77|0x0000000616000000, 0x0000000616200000, 0x0000000616200000|100%|HS|  |TAMS 0x0000000616200000, 0x0000000616000000| Complete 
|  78|0x0000000616200000, 0x0000000616400000, 0x0000000616400000|100%|HC|  |TAMS 0x0000000616400000, 0x0000000616200000| Complete 
|  79|0x0000000616400000, 0x0000000616600000, 0x0000000616600000|100%|HC|  |TAMS 0x0000000616600000, 0x0000000616400000| Complete 
|  80|0x0000000616600000, 0x0000000616800000, 0x0000000616800000|100%|HS|  |TAMS 0x0000000616800000, 0x0000000616600000| Complete 
|  81|0x0000000616800000, 0x0000000616a00000, 0x0000000616a00000|100%|HC|  |TAMS 0x0000000616a00000, 0x0000000616800000| Complete 
|  82|0x0000000616a00000, 0x0000000616c00000, 0x0000000616c00000|100%|HC|  |TAMS 0x0000000616c00000, 0x0000000616a00000| Complete 
|  83|0x0000000616c00000, 0x0000000616e00000, 0x0000000616e00000|100%| O|  |TAMS 0x0000000616c00000, 0x0000000616c00000| Untracked 
|  84|0x0000000616e00000, 0x0000000617000000, 0x0000000617000000|100%| O|  |TAMS 0x0000000616e00000, 0x0000000616e00000| Untracked 
|  85|0x0000000617000000, 0x0000000617200000, 0x0000000617200000|100%| O|  |TAMS 0x0000000617000000, 0x0000000617000000| Untracked 
|  86|0x0000000617200000, 0x0000000617400000, 0x0000000617400000|100%| O|  |TAMS 0x0000000617200000, 0x0000000617200000| Untracked 
|  87|0x0000000617400000, 0x0000000617600000, 0x0000000617600000|100%| O|  |TAMS 0x0000000617400000, 0x0000000617400000| Untracked 
|  88|0x0000000617600000, 0x00000006176ac200, 0x0000000617800000| 33%| O|  |TAMS 0x0000000617600000, 0x0000000617600000| Untracked 
|  89|0x0000000617800000, 0x0000000617800000, 0x0000000617a00000|  0%| F|  |TAMS 0x0000000617800000, 0x0000000617800000| Untracked 
|  90|0x0000000617a00000, 0x0000000617a00000, 0x0000000617c00000|  0%| F|  |TAMS 0x0000000617a00000, 0x0000000617a00000| Untracked 
|  91|0x0000000617c00000, 0x0000000617c00000, 0x0000000617e00000|  0%| F|  |TAMS 0x0000000617c00000, 0x0000000617c00000| Untracked 
|  92|0x0000000617e00000, 0x0000000617e00000, 0x0000000618000000|  0%| F|  |TAMS 0x0000000617e00000, 0x0000000617e00000| Untracked 
|  93|0x0000000618000000, 0x0000000618000000, 0x0000000618200000|  0%| F|  |TAMS 0x0000000618000000, 0x0000000618000000| Untracked 
|  94|0x0000000618200000, 0x0000000618200000, 0x0000000618400000|  0%| F|  |TAMS 0x0000000618200000, 0x0000000618200000| Untracked 
|  95|0x0000000618400000, 0x0000000618400000, 0x0000000618600000|  0%| F|  |TAMS 0x0000000618400000, 0x0000000618400000| Untracked 
|  96|0x0000000618600000, 0x0000000618600000, 0x0000000618800000|  0%| F|  |TAMS 0x0000000618600000, 0x0000000618600000| Untracked 
|  97|0x0000000618800000, 0x0000000618800000, 0x0000000618a00000|  0%| F|  |TAMS 0x0000000618800000, 0x0000000618800000| Untracked 
|  98|0x0000000618a00000, 0x0000000618a00000, 0x0000000618c00000|  0%| F|  |TAMS 0x0000000618a00000, 0x0000000618a00000| Untracked 
|  99|0x0000000618c00000, 0x0000000618e00000, 0x0000000618e00000|100%|HS|  |TAMS 0x0000000618e00000, 0x0000000618c00000| Complete 
| 100|0x0000000618e00000, 0x0000000619000000, 0x0000000619000000|100%|HC|  |TAMS 0x0000000619000000, 0x0000000618e00000| Complete 
| 101|0x0000000619000000, 0x0000000619200000, 0x0000000619200000|100%|HC|  |TAMS 0x0000000619200000, 0x0000000619000000| Complete 
| 102|0x0000000619200000, 0x0000000619400000, 0x0000000619400000|100%|HC|  |TAMS 0x0000000619400000, 0x0000000619200000| Complete 
| 103|0x0000000619400000, 0x0000000619600000, 0x0000000619600000|100%|HC|  |TAMS 0x0000000619600000, 0x0000000619400000| Complete 
| 104|0x0000000619600000, 0x0000000619800000, 0x0000000619800000|100%|HC|  |TAMS 0x0000000619800000, 0x0000000619600000| Complete 
| 105|0x0000000619800000, 0x0000000619a00000, 0x0000000619a00000|100%|HC|  |TAMS 0x0000000619a00000, 0x0000000619800000| Complete 
| 106|0x0000000619a00000, 0x0000000619c00000, 0x0000000619c00000|100%|HC|  |TAMS 0x0000000619c00000, 0x0000000619a00000| Complete 
| 107|0x0000000619c00000, 0x0000000619e00000, 0x0000000619e00000|100%|HC|  |TAMS 0x0000000619e00000, 0x0000000619c00000| Complete 
| 108|0x0000000619e00000, 0x000000061a000000, 0x000000061a000000|100%|HC|  |TAMS 0x000000061a000000, 0x0000000619e00000| Complete 
| 109|0x000000061a000000, 0x000000061a200000, 0x000000061a200000|100%|HC|  |TAMS 0x000000061a200000, 0x000000061a000000| Complete 
| 110|0x000000061a200000, 0x000000061a400000, 0x000000061a400000|100%|HC|  |TAMS 0x000000061a400000, 0x000000061a200000| Complete 
| 111|0x000000061a400000, 0x000000061a600000, 0x000000061a600000|100%|HC|  |TAMS 0x000000061a600000, 0x000000061a400000| Complete 
| 112|0x000000061a600000, 0x000000061a800000, 0x000000061a800000|100%|HC|  |TAMS 0x000000061a800000, 0x000000061a600000| Complete 
| 113|0x000000061a800000, 0x000000061aa00000, 0x000000061aa00000|100%|HC|  |TAMS 0x000000061aa00000, 0x000000061a800000| Complete 
| 114|0x000000061aa00000, 0x000000061ac00000, 0x000000061ac00000|100%|HC|  |TAMS 0x000000061ac00000, 0x000000061aa00000| Complete 
| 115|0x000000061ac00000, 0x000000061ac00000, 0x000000061ae00000|  0%| F|  |TAMS 0x000000061ac00000, 0x000000061ac00000| Untracked 
| 116|0x000000061ae00000, 0x000000061ae00000, 0x000000061b000000|  0%| F|  |TAMS 0x000000061ae00000, 0x000000061ae00000| Untracked 
| 117|0x000000061b000000, 0x000000061b000000, 0x000000061b200000|  0%| F|  |TAMS 0x000000061b000000, 0x000000061b000000| Untracked 
| 118|0x000000061b200000, 0x000000061b200000, 0x000000061b400000|  0%| F|  |TAMS 0x000000061b200000, 0x000000061b200000| Untracked 
| 119|0x000000061b400000, 0x000000061b400000, 0x000000061b600000|  0%| F|  |TAMS 0x000000061b400000, 0x000000061b400000| Untracked 
| 120|0x000000061b600000, 0x000000061b600000, 0x000000061b800000|  0%| F|  |TAMS 0x000000061b600000, 0x000000061b600000| Untracked 
| 121|0x000000061b800000, 0x000000061b800000, 0x000000061ba00000|  0%| F|  |TAMS 0x000000061b800000, 0x000000061b800000| Untracked 
| 122|0x000000061ba00000, 0x000000061ba00000, 0x000000061bc00000|  0%| F|  |TAMS 0x000000061ba00000, 0x000000061ba00000| Untracked 
| 123|0x000000061bc00000, 0x000000061bc00000, 0x000000061be00000|  0%| F|  |TAMS 0x000000061bc00000, 0x000000061bc00000| Untracked 
| 124|0x000000061be00000, 0x000000061be00000, 0x000000061c000000|  0%| F|  |TAMS 0x000000061be00000, 0x000000061be00000| Untracked 
| 125|0x000000061c000000, 0x000000061c000000, 0x000000061c200000|  0%| F|  |TAMS 0x000000061c000000, 0x000000061c000000| Untracked 
| 126|0x000000061c200000, 0x000000061c200000, 0x000000061c400000|  0%| F|  |TAMS 0x000000061c200000, 0x000000061c200000| Untracked 
| 127|0x000000061c400000, 0x000000061c400000, 0x000000061c600000|  0%| F|  |TAMS 0x000000061c400000, 0x000000061c400000| Untracked 
| 128|0x000000061c600000, 0x000000061c600000, 0x000000061c800000|  0%| F|  |TAMS 0x000000061c600000, 0x000000061c600000| Untracked 
| 129|0x000000061c800000, 0x000000061c80b970, 0x000000061ca00000|  2%| S|CS|TAMS 0x000000061c800000, 0x000000061c800000| Complete 
| 130|0x000000061ca00000, 0x000000061ca00000, 0x000000061cc00000|  0%| F|  |TAMS 0x000000061ca00000, 0x000000061ca00000| Untracked 
| 131|0x000000061cc00000, 0x000000061cc00000, 0x000000061ce00000|  0%| F|  |TAMS 0x000000061cc00000, 0x000000061cc00000| Untracked 
| 132|0x000000061ce00000, 0x000000061ce00000, 0x000000061d000000|  0%| F|  |TAMS 0x000000061ce00000, 0x000000061ce00000| Untracked 
| 133|0x000000061d000000, 0x000000061d000000, 0x000000061d200000|  0%| F|  |TAMS 0x000000061d000000, 0x000000061d000000| Untracked 
| 134|0x000000061d200000, 0x000000061d200000, 0x000000061d400000|  0%| F|  |TAMS 0x000000061d200000, 0x000000061d200000| Untracked 
| 135|0x000000061d400000, 0x000000061d400000, 0x000000061d600000|  0%| F|  |TAMS 0x000000061d400000, 0x000000061d400000| Untracked 
| 136|0x000000061d600000, 0x000000061d600000, 0x000000061d800000|  0%| F|  |TAMS 0x000000061d600000, 0x000000061d600000| Untracked 
| 137|0x000000061d800000, 0x000000061d800000, 0x000000061da00000|  0%| F|  |TAMS 0x000000061d800000, 0x000000061d800000| Untracked 
| 138|0x000000061da00000, 0x000000061da00000, 0x000000061dc00000|  0%| F|  |TAMS 0x000000061da00000, 0x000000061da00000| Untracked 
| 139|0x000000061dc00000, 0x000000061dc00000, 0x000000061de00000|  0%| F|  |TAMS 0x000000061dc00000, 0x000000061dc00000| Untracked 
| 140|0x000000061de00000, 0x000000061de00000, 0x000000061e000000|  0%| F|  |TAMS 0x000000061de00000, 0x000000061de00000| Untracked 
| 141|0x000000061e000000, 0x000000061e000000, 0x000000061e200000|  0%| F|  |TAMS 0x000000061e000000, 0x000000061e000000| Untracked 
| 142|0x000000061e200000, 0x000000061e200000, 0x000000061e400000|  0%| F|  |TAMS 0x000000061e200000, 0x000000061e200000| Untracked 
| 143|0x000000061e400000, 0x000000061e400000, 0x000000061e600000|  0%| F|  |TAMS 0x000000061e400000, 0x000000061e400000| Untracked 
| 144|0x000000061e600000, 0x000000061e600000, 0x000000061e800000|  0%| F|  |TAMS 0x000000061e600000, 0x000000061e600000| Untracked 
| 145|0x000000061e800000, 0x000000061e800000, 0x000000061ea00000|  0%| F|  |TAMS 0x000000061e800000, 0x000000061e800000| Untracked 
| 146|0x000000061ea00000, 0x000000061ea00000, 0x000000061ec00000|  0%| F|  |TAMS 0x000000061ea00000, 0x000000061ea00000| Untracked 
| 147|0x000000061ec00000, 0x000000061ec00000, 0x000000061ee00000|  0%| F|  |TAMS 0x000000061ec00000, 0x000000061ec00000| Untracked 
| 148|0x000000061ee00000, 0x000000061ee00000, 0x000000061f000000|  0%| F|  |TAMS 0x000000061ee00000, 0x000000061ee00000| Untracked 
| 149|0x000000061f000000, 0x000000061f000000, 0x000000061f200000|  0%| F|  |TAMS 0x000000061f000000, 0x000000061f000000| Untracked 
| 150|0x000000061f200000, 0x000000061f200000, 0x000000061f400000|  0%| F|  |TAMS 0x000000061f200000, 0x000000061f200000| Untracked 
| 151|0x000000061f400000, 0x000000061f400000, 0x000000061f600000|  0%| F|  |TAMS 0x000000061f400000, 0x000000061f400000| Untracked 
| 152|0x000000061f600000, 0x000000061f600000, 0x000000061f800000|  0%| F|  |TAMS 0x000000061f600000, 0x000000061f600000| Untracked 
| 153|0x000000061f800000, 0x000000061f800000, 0x000000061fa00000|  0%| F|  |TAMS 0x000000061f800000, 0x000000061f800000| Untracked 
| 154|0x000000061fa00000, 0x000000061fa00000, 0x000000061fc00000|  0%| F|  |TAMS 0x000000061fa00000, 0x000000061fa00000| Untracked 
| 155|0x000000061fc00000, 0x000000061fc00000, 0x000000061fe00000|  0%| F|  |TAMS 0x000000061fc00000, 0x000000061fc00000| Untracked 
| 156|0x000000061fe00000, 0x000000061fe00000, 0x0000000620000000|  0%| F|  |TAMS 0x000000061fe00000, 0x000000061fe00000| Untracked 
| 157|0x0000000620000000, 0x0000000620000000, 0x0000000620200000|  0%| F|  |TAMS 0x0000000620000000, 0x0000000620000000| Untracked 
| 158|0x0000000620200000, 0x0000000620200000, 0x0000000620400000|  0%| F|  |TAMS 0x0000000620200000, 0x0000000620200000| Untracked 
| 159|0x0000000620400000, 0x0000000620400000, 0x0000000620600000|  0%| F|  |TAMS 0x0000000620400000, 0x0000000620400000| Untracked 
| 160|0x0000000620600000, 0x0000000620600000, 0x0000000620800000|  0%| F|  |TAMS 0x0000000620600000, 0x0000000620600000| Untracked 
| 161|0x0000000620800000, 0x0000000620800000, 0x0000000620a00000|  0%| F|  |TAMS 0x0000000620800000, 0x0000000620800000| Untracked 
| 162|0x0000000620a00000, 0x0000000620a00000, 0x0000000620c00000|  0%| F|  |TAMS 0x0000000620a00000, 0x0000000620a00000| Untracked 
| 163|0x0000000620c00000, 0x0000000620e00000, 0x0000000620e00000|100%| E|  |TAMS 0x0000000620c00000, 0x0000000620c00000| Complete 
| 164|0x0000000620e00000, 0x0000000621000000, 0x0000000621000000|100%| E|CS|TAMS 0x0000000620e00000, 0x0000000620e00000| Complete 
| 165|0x0000000621000000, 0x0000000621200000, 0x0000000621200000|100%| E|CS|TAMS 0x0000000621000000, 0x0000000621000000| Complete 
| 166|0x0000000621200000, 0x0000000621400000, 0x0000000621400000|100%| E|CS|TAMS 0x0000000621200000, 0x0000000621200000| Complete 
| 167|0x0000000621400000, 0x0000000621600000, 0x0000000621600000|100%| E|CS|TAMS 0x0000000621400000, 0x0000000621400000| Complete 
| 168|0x0000000621600000, 0x0000000621800000, 0x0000000621800000|100%| E|CS|TAMS 0x0000000621600000, 0x0000000621600000| Complete 
| 169|0x0000000621800000, 0x0000000621a00000, 0x0000000621a00000|100%| E|CS|TAMS 0x0000000621800000, 0x0000000621800000| Complete 
| 170|0x0000000621a00000, 0x0000000621c00000, 0x0000000621c00000|100%| E|CS|TAMS 0x0000000621a00000, 0x0000000621a00000| Complete 
| 171|0x0000000621c00000, 0x0000000621e00000, 0x0000000621e00000|100%| E|CS|TAMS 0x0000000621c00000, 0x0000000621c00000| Complete 
| 172|0x0000000621e00000, 0x0000000622000000, 0x0000000622000000|100%| E|CS|TAMS 0x0000000621e00000, 0x0000000621e00000| Complete 
| 173|0x0000000622000000, 0x0000000622200000, 0x0000000622200000|100%| E|CS|TAMS 0x0000000622000000, 0x0000000622000000| Complete 
| 174|0x0000000622200000, 0x0000000622400000, 0x0000000622400000|100%| E|CS|TAMS 0x0000000622200000, 0x0000000622200000| Complete 
| 175|0x0000000622400000, 0x0000000622600000, 0x0000000622600000|100%| E|CS|TAMS 0x0000000622400000, 0x0000000622400000| Complete 
| 176|0x0000000622600000, 0x0000000622800000, 0x0000000622800000|100%| E|CS|TAMS 0x0000000622600000, 0x0000000622600000| Complete 
| 177|0x0000000622800000, 0x0000000622a00000, 0x0000000622a00000|100%| E|CS|TAMS 0x0000000622800000, 0x0000000622800000| Complete 
| 178|0x0000000622a00000, 0x0000000622c00000, 0x0000000622c00000|100%| E|CS|TAMS 0x0000000622a00000, 0x0000000622a00000| Complete 
| 179|0x0000000622c00000, 0x0000000622e00000, 0x0000000622e00000|100%| E|CS|TAMS 0x0000000622c00000, 0x0000000622c00000| Complete 
| 180|0x0000000622e00000, 0x0000000623000000, 0x0000000623000000|100%| E|CS|TAMS 0x0000000622e00000, 0x0000000622e00000| Complete 
| 181|0x0000000623000000, 0x0000000623200000, 0x0000000623200000|100%| E|CS|TAMS 0x0000000623000000, 0x0000000623000000| Complete 
| 182|0x0000000623200000, 0x0000000623400000, 0x0000000623400000|100%| E|CS|TAMS 0x0000000623200000, 0x0000000623200000| Complete 
| 183|0x0000000623400000, 0x0000000623600000, 0x0000000623600000|100%| E|CS|TAMS 0x0000000623400000, 0x0000000623400000| Complete 
| 184|0x0000000623600000, 0x0000000623800000, 0x0000000623800000|100%| E|CS|TAMS 0x0000000623600000, 0x0000000623600000| Complete 
| 185|0x0000000623800000, 0x0000000623a00000, 0x0000000623a00000|100%| E|CS|TAMS 0x0000000623800000, 0x0000000623800000| Complete 
| 186|0x0000000623a00000, 0x0000000623c00000, 0x0000000623c00000|100%| E|CS|TAMS 0x0000000623a00000, 0x0000000623a00000| Complete 
| 187|0x0000000623c00000, 0x0000000623e00000, 0x0000000623e00000|100%| E|CS|TAMS 0x0000000623c00000, 0x0000000623c00000| Complete 
| 188|0x0000000623e00000, 0x0000000624000000, 0x0000000624000000|100%| E|CS|TAMS 0x0000000623e00000, 0x0000000623e00000| Complete 
| 189|0x0000000624000000, 0x0000000624200000, 0x0000000624200000|100%| E|CS|TAMS 0x0000000624000000, 0x0000000624000000| Complete 
| 190|0x0000000624200000, 0x0000000624400000, 0x0000000624400000|100%| E|CS|TAMS 0x0000000624200000, 0x0000000624200000| Complete 
| 191|0x0000000624400000, 0x0000000624600000, 0x0000000624600000|100%| E|CS|TAMS 0x0000000624400000, 0x0000000624400000| Complete 
| 192|0x0000000624600000, 0x0000000624800000, 0x0000000624800000|100%| E|CS|TAMS 0x0000000624600000, 0x0000000624600000| Complete 
| 193|0x0000000624800000, 0x0000000624a00000, 0x0000000624a00000|100%| E|CS|TAMS 0x0000000624800000, 0x0000000624800000| Complete 
| 194|0x0000000624a00000, 0x0000000624c00000, 0x0000000624c00000|100%| E|CS|TAMS 0x0000000624a00000, 0x0000000624a00000| Complete 
| 195|0x0000000624c00000, 0x0000000624e00000, 0x0000000624e00000|100%| E|CS|TAMS 0x0000000624c00000, 0x0000000624c00000| Complete 
| 196|0x0000000624e00000, 0x0000000625000000, 0x0000000625000000|100%| E|CS|TAMS 0x0000000624e00000, 0x0000000624e00000| Complete 
| 197|0x0000000625000000, 0x0000000625200000, 0x0000000625200000|100%| E|CS|TAMS 0x0000000625000000, 0x0000000625000000| Complete 
| 198|0x0000000625200000, 0x0000000625400000, 0x0000000625400000|100%| E|CS|TAMS 0x0000000625200000, 0x0000000625200000| Complete 
| 199|0x0000000625400000, 0x0000000625600000, 0x0000000625600000|100%| E|CS|TAMS 0x0000000625400000, 0x0000000625400000| Complete 
| 200|0x0000000625600000, 0x0000000625800000, 0x0000000625800000|100%| E|CS|TAMS 0x0000000625600000, 0x0000000625600000| Complete 
| 201|0x0000000625800000, 0x0000000625a00000, 0x0000000625a00000|100%| E|CS|TAMS 0x0000000625800000, 0x0000000625800000| Complete 
| 202|0x0000000625a00000, 0x0000000625c00000, 0x0000000625c00000|100%| E|CS|TAMS 0x0000000625a00000, 0x0000000625a00000| Complete 
| 203|0x0000000625c00000, 0x0000000625e00000, 0x0000000625e00000|100%| E|CS|TAMS 0x0000000625c00000, 0x0000000625c00000| Complete 
| 204|0x0000000625e00000, 0x0000000626000000, 0x0000000626000000|100%| E|CS|TAMS 0x0000000625e00000, 0x0000000625e00000| Complete 
| 205|0x0000000626000000, 0x0000000626200000, 0x0000000626200000|100%| E|CS|TAMS 0x0000000626000000, 0x0000000626000000| Complete 
| 206|0x0000000626200000, 0x0000000626400000, 0x0000000626400000|100%| E|CS|TAMS 0x0000000626200000, 0x0000000626200000| Complete 
| 207|0x0000000626400000, 0x0000000626600000, 0x0000000626600000|100%| E|CS|TAMS 0x0000000626400000, 0x0000000626400000| Complete 
| 208|0x0000000626600000, 0x0000000626800000, 0x0000000626800000|100%| E|CS|TAMS 0x0000000626600000, 0x0000000626600000| Complete 
| 209|0x0000000626800000, 0x0000000626a00000, 0x0000000626a00000|100%| E|CS|TAMS 0x0000000626800000, 0x0000000626800000| Complete 
| 210|0x0000000626a00000, 0x0000000626c00000, 0x0000000626c00000|100%| E|CS|TAMS 0x0000000626a00000, 0x0000000626a00000| Complete 
| 211|0x0000000626c00000, 0x0000000626e00000, 0x0000000626e00000|100%| E|CS|TAMS 0x0000000626c00000, 0x0000000626c00000| Complete 
| 212|0x0000000626e00000, 0x0000000627000000, 0x0000000627000000|100%| E|CS|TAMS 0x0000000626e00000, 0x0000000626e00000| Complete 
| 213|0x0000000627000000, 0x0000000627200000, 0x0000000627200000|100%| E|CS|TAMS 0x0000000627000000, 0x0000000627000000| Complete 
| 214|0x0000000627200000, 0x0000000627400000, 0x0000000627400000|100%| E|CS|TAMS 0x0000000627200000, 0x0000000627200000| Complete 
| 215|0x0000000627400000, 0x0000000627600000, 0x0000000627600000|100%| E|CS|TAMS 0x0000000627400000, 0x0000000627400000| Complete 
| 216|0x0000000627600000, 0x0000000627800000, 0x0000000627800000|100%| E|CS|TAMS 0x0000000627600000, 0x0000000627600000| Complete 
| 217|0x0000000627800000, 0x0000000627a00000, 0x0000000627a00000|100%| E|CS|TAMS 0x0000000627800000, 0x0000000627800000| Complete 
| 218|0x0000000627a00000, 0x0000000627c00000, 0x0000000627c00000|100%| E|CS|TAMS 0x0000000627a00000, 0x0000000627a00000| Complete 
| 219|0x0000000627c00000, 0x0000000627e00000, 0x0000000627e00000|100%| E|CS|TAMS 0x0000000627c00000, 0x0000000627c00000| Complete 
| 220|0x0000000627e00000, 0x0000000628000000, 0x0000000628000000|100%| E|CS|TAMS 0x0000000627e00000, 0x0000000627e00000| Complete 
| 221|0x0000000628000000, 0x0000000628200000, 0x0000000628200000|100%| E|CS|TAMS 0x0000000628000000, 0x0000000628000000| Complete 
| 222|0x0000000628200000, 0x0000000628400000, 0x0000000628400000|100%| E|CS|TAMS 0x0000000628200000, 0x0000000628200000| Complete 
| 223|0x0000000628400000, 0x0000000628600000, 0x0000000628600000|100%| E|CS|TAMS 0x0000000628400000, 0x0000000628400000| Complete 
| 224|0x0000000628600000, 0x0000000628800000, 0x0000000628800000|100%| E|CS|TAMS 0x0000000628600000, 0x0000000628600000| Complete 
| 225|0x0000000628800000, 0x0000000628a00000, 0x0000000628a00000|100%| E|CS|TAMS 0x0000000628800000, 0x0000000628800000| Complete 
| 226|0x0000000628a00000, 0x0000000628c00000, 0x0000000628c00000|100%| E|CS|TAMS 0x0000000628a00000, 0x0000000628a00000| Complete 
| 227|0x0000000628c00000, 0x0000000628e00000, 0x0000000628e00000|100%| E|CS|TAMS 0x0000000628c00000, 0x0000000628c00000| Complete 
| 228|0x0000000628e00000, 0x0000000629000000, 0x0000000629000000|100%| E|CS|TAMS 0x0000000628e00000, 0x0000000628e00000| Complete 
| 229|0x0000000629000000, 0x0000000629200000, 0x0000000629200000|100%| E|CS|TAMS 0x0000000629000000, 0x0000000629000000| Complete 
| 230|0x0000000629200000, 0x0000000629400000, 0x0000000629400000|100%| E|CS|TAMS 0x0000000629200000, 0x0000000629200000| Complete 
| 231|0x0000000629400000, 0x0000000629600000, 0x0000000629600000|100%| E|CS|TAMS 0x0000000629400000, 0x0000000629400000| Complete 
| 232|0x0000000629600000, 0x0000000629800000, 0x0000000629800000|100%| E|CS|TAMS 0x0000000629600000, 0x0000000629600000| Complete 
| 233|0x0000000629800000, 0x0000000629a00000, 0x0000000629a00000|100%| E|CS|TAMS 0x0000000629800000, 0x0000000629800000| Complete 
| 234|0x0000000629a00000, 0x0000000629c00000, 0x0000000629c00000|100%| E|CS|TAMS 0x0000000629a00000, 0x0000000629a00000| Complete 
| 235|0x0000000629c00000, 0x0000000629e00000, 0x0000000629e00000|100%| E|CS|TAMS 0x0000000629c00000, 0x0000000629c00000| Complete 
| 236|0x0000000629e00000, 0x000000062a000000, 0x000000062a000000|100%| E|CS|TAMS 0x0000000629e00000, 0x0000000629e00000| Complete 

Card table byte_map: [0x000074de64e00000,0x000074de65d9d000] _byte_map_base: 0x000074de61d9d000

Marking Bits (Prev, Next): (CMBitMap*) 0x000074de8006e088, (CMBitMap*) 0x000074de8006e0c0
 Prev Bits: [0x000074de57200000, 0x000074de5eee8000)
 Next Bits: [0x000074de4f400000, 0x000074de570e8000)

Polling page: 0x000074de871d0000

Metaspace:

Usage:
  Non-class:     48.35 MB capacity,    47.63 MB ( 99%) used,   608.55 KB (  1%) free+waste,   125.88 KB ( <1%) overhead. 
      Class:      6.47 MB capacity,     5.27 MB ( 81%) used,     1.15 MB ( 18%) free+waste,    56.19 KB ( <1%) overhead. 
       Both:     54.82 MB capacity,    52.90 MB ( 97%) used,     1.74 MB (  3%) free+waste,   182.06 KB ( <1%) overhead. 

Virtual space:
  Non-class space:       50.00 MB reserved,      48.41 MB ( 97%) committed 
      Class space:        1.00 GB reserved,       6.62 MB ( <1%) committed 
             Both:        1.05 GB reserved,      55.03 MB (  5%) committed 

Chunk freelists:
   Non-Class:  60.00 KB
       Class:  32.00 KB
        Both:  92.00 KB

MaxMetaspaceSize: unlimited
CompressedClassSpaceSize: 1.00 GB
Initial GC threshold: 20.80 MB
Current GC threshold: 91.71 MB
CDS: off

CodeHeap 'non-profiled nmethods': size=120032Kb used=14842Kb max_used=15569Kb free=105189Kb
 bounds [0x000074de6e8c8000, 0x000074de6f808000, 0x000074de75e00000]
CodeHeap 'profiled nmethods': size=120028Kb used=19696Kb max_used=22825Kb free=100331Kb
 bounds [0x000074de67391000, 0x000074de689e1000, 0x000074de6e8c8000]
CodeHeap 'non-nmethods': size=5700Kb used=1746Kb max_used=1858Kb free=3953Kb
 bounds [0x000074de66e00000, 0x000074de67070000, 0x000074de67391000]
 total_blobs=10763 nmethods=9679 adapters=999
 compilation: enabled
              stopped_count=0, restarted_count=0
 full_count=0

Compilation events (20 events):
Event: 4803.429 Thread 0x000074de802f6000 11829       3       sun.awt.X11.XDecoratedPeer::getLocation (8 bytes)
Event: 4803.430 Thread 0x000074de802f6000 nmethod 11829 0x000074de67bcf790 code [0x000074de67bcf960, 0x000074de67bcfcf0]
Event: 4803.547 Thread 0x000074de802f6000 11830       3       java.awt.Component$1::getBounds (24 bytes)
Event: 4803.548 Thread 0x000074de802f6000 nmethod 11830 0x000074de67bdf910 code [0x000074de67bdfae0, 0x000074de67bdfdf0]
Event: 4803.549 Thread 0x000074de802f6000 11831       3       sun.awt.X11.XConfigureEvent::get_send_event (20 bytes)
Event: 4803.550 Thread 0x000074de802f6000 nmethod 11831 0x000074de684d5010 code [0x000074de684d5200, 0x000074de684d5620]
Event: 4803.568 Thread 0x000074de802f6000 11832       3       javax.swing.event.AncestorEvent::<init> (18 bytes)
Event: 4803.569 Thread 0x000074de802f6000 nmethod 11832 0x000074de67895010 code [0x000074de678951e0, 0x000074de67895400]
Event: 4803.658 Thread 0x000074de802f6000 11833       3       sun.awt.X11.XFramePeer::isMaximized (16 bytes)
Event: 4803.658 Thread 0x000074de802f6000 nmethod 11833 0x000074de67860490 code [0x000074de67860640, 0x000074de67860790]
Event: 4803.675 Thread 0x000074de802f6000 11835       3       javax.swing.AncestorNotifier::fireAncestorMoved (69 bytes)
Event: 4803.677 Thread 0x000074de802f6000 nmethod 11835 0x000074de681d7e90 code [0x000074de681d80a0, 0x000074de681d8730]
Event: 4803.677 Thread 0x000074de802f6000 11834       3       javax.swing.AncestorNotifier::componentMoved (23 bytes)
Event: 4803.678 Thread 0x000074de802f6000 nmethod 11834 0x000074de67a5a790 code [0x000074de67a5a980, 0x000074de67a5b010]
Event: 4803.726 Thread 0x000074de802f6000 11836       3       sun.awt.X11.XConfigureEvent::get_x (20 bytes)
Event: 4803.727 Thread 0x000074de802f6000 nmethod 11836 0x000074de68299810 code [0x000074de68299a00, 0x000074de68299d60]
Event: 4803.728 Thread 0x000074de802f6000 11837       3       sun.awt.X11.XConfigureEvent::get_y (20 bytes)
Event: 4803.729 Thread 0x000074de802f6000 nmethod 11837 0x000074de6829f310 code [0x000074de6829f500, 0x000074de6829f860]
Event: 4803.729 Thread 0x000074de802f6000 11838       3       java.awt.event.ComponentAdapter::componentMoved (1 bytes)
Event: 4803.729 Thread 0x000074de802f6000 nmethod 11838 0x000074de67968190 code [0x000074de67968340, 0x000074de67968430]

GC Heap History (20 events):
Event: 4783.741 GC heap before
{Heap before GC invocations=1420 (full 5):
 garbage-first heap   total 485376K, used 426077K [0x000000060c600000, 0x0000000800000000)
  region size 2048K, 107 young (219136K), 1 survivors (2048K)
 Metaspace       used 54110K, capacity 56132K, committed 56348K, reserved 1099776K
  class space    used 5392K, capacity 6624K, committed 6780K, reserved 1048576K
}
Event: 4783.747 GC heap after
{Heap after GC invocations=1421 (full 5):
 garbage-first heap   total 485376K, used 208983K [0x000000060c600000, 0x0000000800000000)
  region size 2048K, 1 young (2048K), 1 survivors (2048K)
 Metaspace       used 54110K, capacity 56132K, committed 56348K, reserved 1099776K
  class space    used 5392K, capacity 6624K, committed 6780K, reserved 1048576K
}
Event: 4786.655 GC heap before
{Heap before GC invocations=1421 (full 5):
 garbage-first heap   total 485376K, used 426071K [0x000000060c600000, 0x0000000800000000)
  region size 2048K, 107 young (219136K), 1 survivors (2048K)
 Metaspace       used 54110K, capacity 56132K, committed 56348K, reserved 1099776K
  class space    used 5392K, capacity 6624K, committed 6780K, reserved 1048576K
}
Event: 4786.663 GC heap after
{Heap after GC invocations=1422 (full 5):
 garbage-first heap   total 485376K, used 208987K [0x000000060c600000, 0x0000000800000000)
  region size 2048K, 1 young (2048K), 1 survivors (2048K)
 Metaspace       used 54110K, capacity 56132K, committed 56348K, reserved 1099776K
  class space    used 5392K, capacity 6624K, committed 6780K, reserved 1048576K
}
Event: 4789.917 GC heap before
{Heap before GC invocations=1422 (full 5):
 garbage-first heap   total 485376K, used 426075K [0x000000060c600000, 0x0000000800000000)
  region size 2048K, 107 young (219136K), 1 survivors (2048K)
 Metaspace       used 54134K, capacity 56132K, committed 56348K, reserved 1099776K
  class space    used 5395K, capacity 6624K, committed 6780K, reserved 1048576K
}
Event: 4789.923 GC heap after
{Heap after GC invocations=1423 (full 5):
 garbage-first heap   total 485376K, used 208984K [0x000000060c600000, 0x0000000800000000)
  region size 2048K, 1 young (2048K), 1 survivors (2048K)
 Metaspace       used 54134K, capacity 56132K, committed 56348K, reserved 1099776K
  class space    used 5395K, capacity 6624K, committed 6780K, reserved 1048576K
}
Event: 4792.876 GC heap before
{Heap before GC invocations=1423 (full 5):
 garbage-first heap   total 485376K, used 426072K [0x000000060c600000, 0x0000000800000000)
  region size 2048K, 107 young (219136K), 1 survivors (2048K)
 Metaspace       used 54134K, capacity 56132K, committed 56348K, reserved 1099776K
  class space    used 5395K, capacity 6624K, committed 6780K, reserved 1048576K
}
Event: 4792.879 GC heap after
{Heap after GC invocations=1424 (full 5):
 garbage-first heap   total 485376K, used 208997K [0x000000060c600000, 0x0000000800000000)
  region size 2048K, 1 young (2048K), 1 survivors (2048K)
 Metaspace       used 54134K, capacity 56132K, committed 56348K, reserved 1099776K
  class space    used 5395K, capacity 6624K, committed 6780K, reserved 1048576K
}
Event: 4795.691 GC heap before
{Heap before GC invocations=1424 (full 5):
 garbage-first heap   total 485376K, used 426085K [0x000000060c600000, 0x0000000800000000)
  region size 2048K, 107 young (219136K), 1 survivors (2048K)
 Metaspace       used 54134K, capacity 56132K, committed 56348K, reserved 1099776K
  class space    used 5395K, capacity 6624K, committed 6780K, reserved 1048576K
}
Event: 4795.697 GC heap after
{Heap after GC invocations=1425 (full 5):
 garbage-first heap   total 485376K, used 209007K [0x000000060c600000, 0x0000000800000000)
  region size 2048K, 1 young (2048K), 1 survivors (2048K)
 Metaspace       used 54134K, capacity 56132K, committed 56348K, reserved 1099776K
  class space    used 5395K, capacity 6624K, committed 6780K, reserved 1048576K
}
Event: 4798.206 GC heap before
{Heap before GC invocations=1425 (full 5):
 garbage-first heap   total 485376K, used 426095K [0x000000060c600000, 0x0000000800000000)
  region size 2048K, 107 young (219136K), 1 survivors (2048K)
 Metaspace       used 54134K, capacity 56132K, committed 56348K, reserved 1099776K
  class space    used 5395K, capacity 6624K, committed 6780K, reserved 1048576K
}
Event: 4798.212 GC heap after
{Heap after GC invocations=1426 (full 5):
 garbage-first heap   total 485376K, used 209003K [0x000000060c600000, 0x0000000800000000)
  region size 2048K, 1 young (2048K), 1 survivors (2048K)
 Metaspace       used 54134K, capacity 56132K, committed 56348K, reserved 1099776K
  class space    used 5395K, capacity 6624K, committed 6780K, reserved 1048576K
}
Event: 4800.889 GC heap before
{Heap before GC invocations=1426 (full 5):
 garbage-first heap   total 485376K, used 426091K [0x000000060c600000, 0x0000000800000000)
  region size 2048K, 107 young (219136K), 1 survivors (2048K)
 Metaspace       used 54134K, capacity 56132K, committed 56348K, reserved 1099776K
  class space    used 5395K, capacity 6624K, committed 6780K, reserved 1048576K
}
Event: 4800.895 GC heap after
{Heap after GC invocations=1427 (full 5):
 garbage-first heap   total 485376K, used 209002K [0x000000060c600000, 0x0000000800000000)
  region size 2048K, 1 young (2048K), 1 survivors (2048K)
 Metaspace       used 54134K, capacity 56132K, committed 56348K, reserved 1099776K
  class space    used 5395K, capacity 6624K, committed 6780K, reserved 1048576K
}
Event: 4803.536 GC heap before
{Heap before GC invocations=1427 (full 5):
 garbage-first heap   total 485376K, used 426090K [0x000000060c600000, 0x0000000800000000)
  region size 2048K, 107 young (219136K), 1 survivors (2048K)
 Metaspace       used 54163K, capacity 56132K, committed 56348K, reserved 1099776K
  class space    used 5395K, capacity 6624K, committed 6780K, reserved 1048576K
}
Event: 4803.544 GC heap after
{Heap after GC invocations=1428 (full 5):
 garbage-first heap   total 485376K, used 209001K [0x000000060c600000, 0x0000000800000000)
  region size 2048K, 1 young (2048K), 1 survivors (2048K)
 Metaspace       used 54163K, capacity 56132K, committed 56348K, reserved 1099776K
  class space    used 5395K, capacity 6624K, committed 6780K, reserved 1048576K
}
Event: 4806.182 GC heap before
{Heap before GC invocations=1428 (full 5):
 garbage-first heap   total 485376K, used 426089K [0x000000060c600000, 0x0000000800000000)
  region size 2048K, 107 young (219136K), 1 survivors (2048K)
 Metaspace       used 54168K, capacity 56132K, committed 56348K, reserved 1099776K
  class space    used 5395K, capacity 6624K, committed 6780K, reserved 1048576K
}
Event: 4806.185 GC heap after
{Heap after GC invocations=1429 (full 5):
 garbage-first heap   total 485376K, used 209004K [0x000000060c600000, 0x0000000800000000)
  region size 2048K, 1 young (2048K), 1 survivors (2048K)
 Metaspace       used 54168K, capacity 56132K, committed 56348K, reserved 1099776K
  class space    used 5395K, capacity 6624K, committed 6780K, reserved 1048576K
}
Event: 4808.750 GC heap before
{Heap before GC invocations=1429 (full 5):
 garbage-first heap   total 485376K, used 426092K [0x000000060c600000, 0x0000000800000000)
  region size 2048K, 107 young (219136K), 1 survivors (2048K)
 Metaspace       used 54168K, capacity 56132K, committed 56348K, reserved 1099776K
  class space    used 5395K, capacity 6624K, committed 6780K, reserved 1048576K
}
Event: 4808.758 GC heap after
{Heap after GC invocations=1430 (full 5):
 garbage-first heap   total 485376K, used 209005K [0x000000060c600000, 0x0000000800000000)
  region size 2048K, 1 young (2048K), 1 survivors (2048K)
 Metaspace       used 54168K, capacity 56132K, committed 56348K, reserved 1099776K
  class space    used 5395K, capacity 6624K, committed 6780K, reserved 1048576K
}

Deoptimization events (20 events):
Event: 4579.123 Thread 0x000074de81143000 DEOPT PACKING pc=0x000074de6f7f1a20 sp=0x000074de464f92a0
Event: 4579.123 Thread 0x000074de81143000 DEOPT UNPACKING pc=0x000074de66e49ea5 sp=0x000074de464f9200 mode 2
Event: 4579.123 Thread 0x000074de81143000 Uncommon trap: trap_request=0xffffffd6 fr.pc=0x000074de6f7f1a20 relative=0x0000000000001860
Event: 4579.123 Thread 0x000074de81143000 Uncommon trap: reason=array_check action=maybe_recompile pc=0x000074de6f7f1a20 method=java.util.ComparableTimSort.binarySort([Ljava/lang/Object;III)V @ 215 c2
Event: 4579.123 Thread 0x000074de81143000 DEOPT PACKING pc=0x000074de6f7f1a20 sp=0x000074de464f92a0
Event: 4579.123 Thread 0x000074de81143000 DEOPT UNPACKING pc=0x000074de66e49ea5 sp=0x000074de464f9200 mode 2
Event: 4579.137 Thread 0x000074de81143000 DEOPT PACKING pc=0x000074de685ca9bc sp=0x000074de464fbae0
Event: 4579.137 Thread 0x000074de81143000 DEOPT UNPACKING pc=0x000074de66e4a64a sp=0x000074de464fb0e8 mode 1
Event: 4579.137 Thread 0x000074de81143000 DEOPT PACKING pc=0x000074de685ca9bc sp=0x000074de464fbae0
Event: 4579.137 Thread 0x000074de81143000 DEOPT UNPACKING pc=0x000074de66e4a64a sp=0x000074de464fb0e8 mode 1
Event: 4579.147 Thread 0x000074de81143000 DEOPT PACKING pc=0x000074de685ca9bc sp=0x000074de464fbae0
Event: 4579.147 Thread 0x000074de81143000 DEOPT UNPACKING pc=0x000074de66e4a64a sp=0x000074de464fb0e8 mode 1
Event: 4579.147 Thread 0x000074de81143000 DEOPT PACKING pc=0x000074de685ca9bc sp=0x000074de464fbae0
Event: 4579.147 Thread 0x000074de81143000 DEOPT UNPACKING pc=0x000074de66e4a64a sp=0x000074de464fb0e8 mode 1
Event: 4753.573 Thread 0x000074de81143000 Uncommon trap: trap_request=0xffffff4d fr.pc=0x000074de6ee8c9f8 relative=0x0000000000000338
Event: 4753.574 Thread 0x000074de81143000 Uncommon trap: reason=unstable_if action=reinterpret pc=0x000074de6ee8c9f8 method=java.awt.geom.AffineTransform.transform([FI[DII)V @ 4 c2
Event: 4753.574 Thread 0x000074de81143000 DEOPT PACKING pc=0x000074de6ee8c9f8 sp=0x000074de464f9cd0
Event: 4753.574 Thread 0x000074de81143000 DEOPT UNPACKING pc=0x000074de66e49ea5 sp=0x000074de464f9c20 mode 2
Event: 4755.790 Thread 0x000074de81143000 DEOPT PACKING pc=0x000074de67ade5d8 sp=0x000074de464f9c60
Event: 4755.790 Thread 0x000074de81143000 DEOPT UNPACKING pc=0x000074de66e4a64a sp=0x000074de464f90e8 mode 0

Classes redefined (15 events):
Event: 308.406 Thread 0x000074de802ce800 redefined class name=com.vis.core.view.D2.roi.ShapeRoi, count=1
Event: 376.647 Thread 0x000074de802ce800 redefined class name=com.vis.core.view.D2.roi.RoiBrush, count=1
Event: 496.987 Thread 0x000074de802ce800 redefined class name=com.vis.core.view.D2.roi.RoiBrush, count=2
Event: 1064.217 Thread 0x000074de802ce800 redefined class name=com.vis.core.view.D2.roi.ShapeRoi, count=2
Event: 1187.490 Thread 0x000074de802ce800 redefined class name=com.vis.core.view.D2.roi.RoiBrush, count=3
Event: 1196.846 Thread 0x000074de802ce800 redefined class name=com.vis.core.view.D2.roi.RoiBrush, count=4
Event: 1383.509 Thread 0x000074de802ce800 redefined class name=com.vis.core.view.D2.roi.RoiBrush, count=5
Event: 1839.482 Thread 0x000074de802ce800 redefined class name=com.vis.core.view.D2.roi.RoiBrush, count=6
Event: 2469.356 Thread 0x000074de802ce800 redefined class name=com.vis.core.view.D2.roi.RoiConverter, count=1
Event: 3282.452 Thread 0x000074de802ce800 redefined class name=com.vis.core.view.D2.roi.RoiConverter, count=2
Event: 4217.751 Thread 0x000074de802ce800 redefined class name=com.vis.core.view.D2.roi.ShapeRoi, count=3
Event: 4440.009 Thread 0x000074de802ce800 redefined class name=com.vis.core.view.D2.roi.ShapeRoi, count=4
Event: 4567.197 Thread 0x000074de802ce800 redefined class name=com.vis.core.view.D2.roi.RoiConverter, count=3
Event: 4753.542 Thread 0x000074de802ce800 redefined class name=com.vis.core.view.D2.roi.ShapeRoi, count=5
Event: 4787.704 Thread 0x000074de802ce800 redefined class name=com.vis.core.view.D2.roi.ShapeRoi, count=6

Internal exceptions (20 events):
Event: 4291.236 Thread 0x000074de81143000 Implicit null exception at 0x000074de6881a9ab to 0x000074de6881ba79
Event: 4291.236 Thread 0x000074de81143000 Exception <a 'java/lang/NullPointerException'{0x000000062805c9b0}> (0x000000062805c9b0) thrown at [./src/hotspot/share/runtime/sharedRuntime.cpp, line 606]
Event: 4291.237 Thread 0x000074de81143000 Implicit null exception at 0x000074de67bc153b to 0x000074de67bc1647
Event: 4291.237 Thread 0x000074de81143000 Exception <a 'java/lang/NullPointerException'{0x000000062806c298}> (0x000000062806c298) thrown at [./src/hotspot/share/runtime/sharedRuntime.cpp, line 606]
Event: 4291.237 Thread 0x000074de81143000 Implicit null exception at 0x000074de67bc153b to 0x000074de67bc1647
Event: 4291.237 Thread 0x000074de81143000 Exception <a 'java/lang/NullPointerException'{0x000000062807bb80}> (0x000000062807bb80) thrown at [./src/hotspot/share/runtime/sharedRuntime.cpp, line 606]
Event: 4291.489 Thread 0x000074de81143000 Implicit null exception at 0x000074de6881a9ab to 0x000074de6881ba79
Event: 4291.489 Thread 0x000074de81143000 Exception <a 'java/lang/NullPointerException'{0x0000000626ddb4e8}> (0x0000000626ddb4e8) thrown at [./src/hotspot/share/runtime/sharedRuntime.cpp, line 606]
Event: 4291.489 Thread 0x000074de81143000 Implicit null exception at 0x000074de67bc153b to 0x000074de67bc1647
Event: 4291.490 Thread 0x000074de81143000 Exception <a 'java/lang/NullPointerException'{0x0000000626deadd0}> (0x0000000626deadd0) thrown at [./src/hotspot/share/runtime/sharedRuntime.cpp, line 606]
Event: 4291.490 Thread 0x000074de81143000 Implicit null exception at 0x000074de67bc153b to 0x000074de67bc1647
Event: 4291.490 Thread 0x000074de81143000 Exception <a 'java/lang/NullPointerException'{0x0000000626dfa6b8}> (0x0000000626dfa6b8) thrown at [./src/hotspot/share/runtime/sharedRuntime.cpp, line 606]
Event: 4577.956 Thread 0x000074de81143000 Implicit null exception at 0x000074de6881a9ab to 0x000074de6881ba79
Event: 4577.956 Thread 0x000074de81143000 Exception <a 'java/lang/NullPointerException'{0x0000000627533118}> (0x0000000627533118) thrown at [./src/hotspot/share/runtime/sharedRuntime.cpp, line 606]
Event: 4577.957 Thread 0x000074de81143000 Implicit null exception at 0x000074de67bc153b to 0x000074de67bc1647
Event: 4577.957 Thread 0x000074de81143000 Exception <a 'java/lang/NullPointerException'{0x0000000627542a00}> (0x0000000627542a00) thrown at [./src/hotspot/share/runtime/sharedRuntime.cpp, line 606]
Event: 4577.957 Thread 0x000074de81143000 Implicit null exception at 0x000074de67bc153b to 0x000074de67bc1647
Event: 4577.957 Thread 0x000074de81143000 Exception <a 'java/lang/NullPointerException'{0x00000006275522e8}> (0x00000006275522e8) thrown at [./src/hotspot/share/runtime/sharedRuntime.cpp, line 606]
Event: 4579.138 Thread 0x000074de81143000 Exception <a 'java/lang/NullPointerException'{0x00000006274a6bb0}> (0x00000006274a6bb0) thrown at [./src/hotspot/share/interpreter/linkResolver.cpp, line 1440]
Event: 4579.147 Thread 0x000074de81143000 Exception <a 'java/lang/NullPointerException'{0x00000006274ffd60}> (0x00000006274ffd60) thrown at [./src/hotspot/share/interpreter/linkResolver.cpp, line 1440]

Events (20 events):
Event: 4810.589 Executing VM operation: GetFrameCount done
Event: 4810.589 Executing VM operation: GetStackTrace
Event: 4810.589 Executing VM operation: GetStackTrace done
Event: 4810.616 Executing VM operation: GetFrameCount
Event: 4810.616 Executing VM operation: GetFrameCount done
Event: 4810.617 Executing VM operation: GetOwnedMonitorInfo
Event: 4810.617 Executing VM operation: GetOwnedMonitorInfo done
Event: 4810.627 Executing VM operation: GetCurrentContendedMonitor
Event: 4810.627 Executing VM operation: GetCurrentContendedMonitor done
Event: 4810.628 Executing VM operation: GetOwnedMonitorInfo
Event: 4810.629 Executing VM operation: GetOwnedMonitorInfo done
Event: 4810.629 Executing VM operation: GetCurrentContendedMonitor
Event: 4810.630 Executing VM operation: GetCurrentContendedMonitor done
Event: 4810.633 Executing VM operation: GetCurrentContendedMonitor
Event: 4810.633 Executing VM operation: GetCurrentContendedMonitor done
Event: 4810.634 Executing VM operation: GetOwnedMonitorInfo
Event: 4810.634 Executing VM operation: GetOwnedMonitorInfo done
Event: 4812.593 Executing VM operation: GetFrameLocation
Event: 4812.593 Executing VM operation: GetFrameLocation done
Event: 4812.593 Executing VM operation: GetOrSetLocal


Dynamic libraries:
60c600000-62a000000 rw-p 00000000 00:00 0 
62a000000-800000000 ---p 00000000 00:00 0 
800000000-80069f000 rw-p 00000000 00:00 0 
80069f000-840000000 ---p 00000000 00:00 0 
63adcc400000-63adcc401000 r-xp 00000000 103:02 58199771                  /usr/lib/jvm/temurin-11-jdk-amd64/bin/java
63adcc601000-63adcc602000 r--p 00001000 103:02 58199771                  /usr/lib/jvm/temurin-11-jdk-amd64/bin/java
63adcc602000-63adcc603000 rw-p 00002000 103:02 58199771                  /usr/lib/jvm/temurin-11-jdk-amd64/bin/java
63adcd884000-63adcd8a5000 rw-p 00000000 00:00 0                          [heap]
74dd64000000-74dd64021000 rw-p 00000000 00:00 0 
74dd64021000-74dd68000000 ---p 00000000 00:00 0 
74dd68000000-74dd6802d000 rw-p 00000000 00:00 0 
74dd6802d000-74dd6c000000 ---p 00000000 00:00 0 
74dd70000000-74dd70021000 rw-p 00000000 00:00 0 
74dd70021000-74dd74000000 ---p 00000000 00:00 0 
74dd74000000-74dd75ed7000 rw-p 00000000 00:00 0 
74dd75ed7000-74dd78000000 ---p 00000000 00:00 0 
74dd7c000000-74dd7c021000 rw-p 00000000 00:00 0 
74dd7c021000-74dd80000000 ---p 00000000 00:00 0 
74dd80000000-74dd80872000 rw-p 00000000 00:00 0 
74dd80872000-74dd84000000 ---p 00000000 00:00 0 
74dd88000000-74dd88026000 rw-p 00000000 00:00 0 
74dd88026000-74dd8c000000 ---p 00000000 00:00 0 
74dd8c000000-74dd8c02a000 rw-p 00000000 00:00 0 
74dd8c02a000-74dd90000000 ---p 00000000 00:00 0 
74dd94000000-74dd94030000 rw-p 00000000 00:00 0 
74dd94030000-74dd98000000 ---p 00000000 00:00 0 
74dd98000000-74dd98021000 rw-p 00000000 00:00 0 
74dd98021000-74dd9c000000 ---p 00000000 00:00 0 
74dda0000000-74dda0031000 rw-p 00000000 00:00 0 
74dda0031000-74dda4000000 ---p 00000000 00:00 0 
74dda4000000-74dda4045000 rw-p 00000000 00:00 0 
74dda4045000-74dda8000000 ---p 00000000 00:00 0 
74ddac000000-74ddac021000 rw-p 00000000 00:00 0 
74ddac021000-74ddb0000000 ---p 00000000 00:00 0 
74ddb0000000-74ddb0021000 rw-p 00000000 00:00 0 
74ddb0021000-74ddb4000000 ---p 00000000 00:00 0 
74ddb8000000-74ddb8318000 rw-p 00000000 00:00 0 
74ddb8318000-74ddbc000000 ---p 00000000 00:00 0 
74ddbc000000-74ddbc021000 rw-p 00000000 00:00 0 
74ddbc021000-74ddc0000000 ---p 00000000 00:00 0 
74ddc4000000-74ddc655f000 rw-p 00000000 00:00 0 
74ddc655f000-74ddc8000000 ---p 00000000 00:00 0 
74ddc8000000-74ddc8030000 rw-p 00000000 00:00 0 
74ddc8030000-74ddcc000000 ---p 00000000 00:00 0 
74ddd0000000-74ddd0021000 rw-p 00000000 00:00 0 
74ddd0021000-74ddd4000000 ---p 00000000 00:00 0 
74ddd4000000-74ddd4021000 rw-p 00000000 00:00 0 
74ddd4021000-74ddd8000000 ---p 00000000 00:00 0 
74dddc000000-74dddc021000 rw-p 00000000 00:00 0 
74dddc021000-74dde0000000 ---p 00000000 00:00 0 
74dde0000000-74dde0021000 rw-p 00000000 00:00 0 
74dde0021000-74dde4000000 ---p 00000000 00:00 0 
74dde8000000-74dde8021000 rw-p 00000000 00:00 0 
74dde8021000-74ddec000000 ---p 00000000 00:00 0 
74ddec000000-74ddec021000 rw-p 00000000 00:00 0 
74ddec021000-74ddf0000000 ---p 00000000 00:00 0 
74ddf4000000-74ddf403e000 rw-p 00000000 00:00 0 
74ddf403e000-74ddf8000000 ---p 00000000 00:00 0 
74ddf8000000-74ddf8049000 rw-p 00000000 00:00 0 
74ddf8049000-74ddfc000000 ---p 00000000 00:00 0 
74de00000000-74de00021000 rw-p 00000000 00:00 0 
74de00021000-74de04000000 ---p 00000000 00:00 0 
74de04000000-74de04021000 rw-p 00000000 00:00 0 
74de04021000-74de08000000 ---p 00000000 00:00 0 
74de0c000000-74de0cd9b000 rw-p 00000000 00:00 0 
74de0cd9b000-74de10000000 ---p 00000000 00:00 0 
74de10000000-74de1375f000 rw-p 00000000 00:00 0 
74de1375f000-74de14000000 ---p 00000000 00:00 0 
74de18000000-74de18021000 rw-p 00000000 00:00 0 
74de18021000-74de1c000000 ---p 00000000 00:00 0 
74de1c000000-74de1c021000 rw-p 00000000 00:00 0 
74de1c021000-74de20000000 ---p 00000000 00:00 0 
74de24000000-74de24021000 rw-p 00000000 00:00 0 
74de24021000-74de28000000 ---p 00000000 00:00 0 
74de28000000-74de28021000 rw-p 00000000 00:00 0 
74de28021000-74de2c000000 ---p 00000000 00:00 0 
74de2f000000-74de2f080000 rw-p 00000000 00:00 0 
74de2f080000-74de2f200000 ---p 00000000 00:00 0 
74de2f200000-74de2f3c0000 rw-p 00000000 00:00 0 
74de2f3c0000-74de2f5c0000 rw-p 00000000 00:00 0 
74de2f5c0000-74de2f7c0000 rw-p 00000000 00:00 0 
74de2f7c0000-74de2f9c0000 rw-p 00000000 00:00 0 
74de2f9c0000-74de2fbc0000 rw-p 00000000 00:00 0 
74de2fbc0000-74de2fdc0000 rw-p 00000000 00:00 0 
74de2fdc0000-74de30000000 rw-p 00000000 00:00 0 
74de30000000-74de31ac1000 rw-p 00000000 00:00 0 
74de31ac1000-74de34000000 ---p 00000000 00:00 0 
74de34000000-74de34021000 rw-p 00000000 00:00 0 
74de34021000-74de38000000 ---p 00000000 00:00 0 
74de38200000-74de38202000 r-xp 00000000 103:02 58603494                  /usr/lib/jvm/temurin-11-jdk-amd64/lib/libextnet.so
74de38202000-74de38401000 ---p 00002000 103:02 58603494                  /usr/lib/jvm/temurin-11-jdk-amd64/lib/libextnet.so
74de38401000-74de38402000 r--p 00001000 103:02 58603494                  /usr/lib/jvm/temurin-11-jdk-amd64/lib/libextnet.so
74de38402000-74de38403000 rw-p 00002000 103:02 58603494                  /usr/lib/jvm/temurin-11-jdk-amd64/lib/libextnet.so
74de38800000-74de389c0000 rw-p 00000000 00:00 0 
74de389c0000-74de38be8000 rw-p 00000000 00:00 0 
74de38be8000-74de38c00000 ---p 00000000 00:00 0 
74de38c00000-74de38dc0000 rw-p 00000000 00:00 0 
74de38dc0000-74de38fc0000 rw-p 00000000 00:00 0 
74de38fc0000-74de391c0000 rw-p 00000000 00:00 0 
74de391c0000-74de39400000 rw-p 00000000 00:00 0 
74de39400000-74de3954b000 r--p 00000000 103:02 48502524                  /home/tatsunidas/graphy-workspace3/graphy/native/native_opencv/linux-x86-64/libopencv_java.so
74de3954b000-74de39fb8000 r-xp 0014b000 103:02 48502524                  /home/tatsunidas/graphy-workspace3/graphy/native/native_opencv/linux-x86-64/libopencv_java.so
74de39fb8000-74de3a272000 r--p 00bb8000 103:02 48502524                  /home/tatsunidas/graphy-workspace3/graphy/native/native_opencv/linux-x86-64/libopencv_java.so
74de3a272000-74de3a273000 ---p 00e72000 103:02 48502524                  /home/tatsunidas/graphy-workspace3/graphy/native/native_opencv/linux-x86-64/libopencv_java.so
74de3a273000-74de3a2ad000 r--p 00e72000 103:02 48502524                  /home/tatsunidas/graphy-workspace3/graphy/native/native_opencv/linux-x86-64/libopencv_java.so
74de3a2ad000-74de3a2bb000 rw-p 00eac000 103:02 48502524                  /home/tatsunidas/graphy-workspace3/graphy/native/native_opencv/linux-x86-64/libopencv_java.so
74de3a2bb000-74de3a36c000 rw-p 00000000 00:00 0 
74de3a400000-74de3a5c0000 rw-p 00000000 00:00 0 
74de3a5c0000-74de3a800000 rw-p 00000000 00:00 0 
74de3a800000-74de3a932000 r-xp 00000000 103:02 48502523                  /home/tatsunidas/graphy-workspace3/graphy/native/native_opencv/linux-x86-64/libclib_jiio.so
74de3a932000-74de3aa31000 ---p 00132000 103:02 48502523                  /home/tatsunidas/graphy-workspace3/graphy/native/native_opencv/linux-x86-64/libclib_jiio.so
74de3aa31000-74de3aa35000 rw-p 00131000 103:02 48502523                  /home/tatsunidas/graphy-workspace3/graphy/native/native_opencv/linux-x86-64/libclib_jiio.so
74de3ac00000-74de3adc0000 rw-p 00000000 00:00 0 
74de3adc0000-74de3b000000 rw-p 00000000 00:00 0 
74de3b000000-74de3b005000 r-xp 00000000 103:02 58603511                  /usr/lib/jvm/temurin-11-jdk-amd64/lib/libmanagement_ext.so
74de3b005000-74de3b205000 ---p 00005000 103:02 58603511                  /usr/lib/jvm/temurin-11-jdk-amd64/lib/libmanagement_ext.so
74de3b205000-74de3b206000 r--p 00005000 103:02 58603511                  /usr/lib/jvm/temurin-11-jdk-amd64/lib/libmanagement_ext.so
74de3b206000-74de3b207000 rw-p 00006000 103:02 58603511                  /usr/lib/jvm/temurin-11-jdk-amd64/lib/libmanagement_ext.so
74de3b600000-74de3b601000 ---p 00000000 00:00 0 
74de3b601000-74de3be01000 rw-p 00000000 00:00 0 
74de3c000000-74de3c021000 rw-p 00000000 00:00 0 
74de3c021000-74de40000000 ---p 00000000 00:00 0 
74de40000000-74de40026000 rw-p 00000000 00:00 0 
74de40026000-74de44000000 ---p 00000000 00:00 0 
74de44200000-74de44204000 r-xp 00000000 103:02 58603509                  /usr/lib/jvm/temurin-11-jdk-amd64/lib/libmanagement.so
74de44204000-74de44403000 ---p 00004000 103:02 58603509                  /usr/lib/jvm/temurin-11-jdk-amd64/lib/libmanagement.so
74de44403000-74de44404000 r--p 00003000 103:02 58603509                  /usr/lib/jvm/temurin-11-jdk-amd64/lib/libmanagement.so
74de44404000-74de44405000 rw-p 00004000 103:02 58603509                  /usr/lib/jvm/temurin-11-jdk-amd64/lib/libmanagement.so
74de4449d000-74de444a1000 ---p 00000000 00:00 0 
74de444a1000-74de4459d000 rw-p 00000000 00:00 0 
74de4459d000-74de445a1000 ---p 00000000 00:00 0 
74de445a1000-74de4469d000 rw-p 00000000 00:00 0 
74de44700000-74de44704000 ---p 00000000 00:00 0 
74de44704000-74de44800000 rw-p 00000000 00:00 0 
74de44800000-74de44a00000 rw-p 00000000 00:00 0 
74de44a00000-74de44a01000 ---p 00000000 00:00 0 
74de44a01000-74de45201000 rw-p 00000000 00:00 0 
74de45300000-74de45304000 ---p 00000000 00:00 0 
74de45304000-74de45400000 rw-p 00000000 00:00 0 
74de45400000-74de45401000 ---p 00000000 00:00 0 
74de45401000-74de45c01000 rw-p 00000000 00:00 0 
74de45e00000-74de46059000 r-xp 00000000 103:02 58603495                  /usr/lib/jvm/temurin-11-jdk-amd64/lib/libfontmanager.so
74de46059000-74de46258000 ---p 00259000 103:02 58603495                  /usr/lib/jvm/temurin-11-jdk-amd64/lib/libfontmanager.so
74de46258000-74de4625a000 r--p 00258000 103:02 58603495                  /usr/lib/jvm/temurin-11-jdk-amd64/lib/libfontmanager.so
74de4625a000-74de4625b000 rw-p 0025a000 103:02 58603495                  /usr/lib/jvm/temurin-11-jdk-amd64/lib/libfontmanager.so
74de4625b000-74de4625c000 rw-p 00000000 00:00 0 
74de462ff000-74de46303000 ---p 00000000 00:00 0 
74de46303000-74de463ff000 rw-p 00000000 00:00 0 
74de463ff000-74de46403000 ---p 00000000 00:00 0 
74de46403000-74de464ff000 rw-p 00000000 00:00 0 
74de464ff000-74de46500000 ---p 00000000 00:00 0 
74de46500000-74de46600000 rw-p 00000000 00:00 0 
74de46600000-74de46800000 rw-p 00000000 00:00 0 
74de46800000-74de4685e000 r-xp 00000000 103:02 58603492                  /usr/lib/jvm/temurin-11-jdk-amd64/lib/libawt_xawt.so
74de4685e000-74de46a5e000 ---p 0005e000 103:02 58603492                  /usr/lib/jvm/temurin-11-jdk-amd64/lib/libawt_xawt.so
74de46a5e000-74de46a5f000 r--p 0005e000 103:02 58603492                  /usr/lib/jvm/temurin-11-jdk-amd64/lib/libawt_xawt.so
74de46a5f000-74de46a61000 rw-p 0005f000 103:02 58603492                  /usr/lib/jvm/temurin-11-jdk-amd64/lib/libawt_xawt.so
74de46a61000-74de46a63000 rw-p 00000000 00:00 0 
74de46afd000-74de46afe000 ---p 00000000 00:00 0 
74de46afe000-74de46bfe000 rw-p 00000000 00:00 0 
74de46bfe000-74de46bff000 ---p 00000000 00:00 0 
74de46bff000-74de46cff000 rw-p 00000000 00:00 0 
74de46cff000-74de46d00000 ---p 00000000 00:00 0 
74de46d00000-74de46e00000 rw-p 00000000 00:00 0 
74de46e00000-74de46e9e000 r-xp 00000000 103:02 58603490                  /usr/lib/jvm/temurin-11-jdk-amd64/lib/libawt.so
74de46e9e000-74de4709e000 ---p 0009e000 103:02 58603490                  /usr/lib/jvm/temurin-11-jdk-amd64/lib/libawt.so
74de4709e000-74de4709f000 r--p 0009e000 103:02 58603490                  /usr/lib/jvm/temurin-11-jdk-amd64/lib/libawt.so
74de4709f000-74de470aa000 rw-p 0009f000 103:02 58603490                  /usr/lib/jvm/temurin-11-jdk-amd64/lib/libawt.so
74de470aa000-74de470cf000 rw-p 00000000 00:00 0 
74de470fd000-74de470fe000 ---p 00000000 00:00 0 
74de470fe000-74de471fe000 rw-p 00000000 00:00 0 
74de471fe000-74de471ff000 ---p 00000000 00:00 0 
74de471ff000-74de472ff000 rw-p 00000000 00:00 0 
74de472ff000-74de47300000 ---p 00000000 00:00 0 
74de47300000-74de47400000 rw-p 00000000 00:00 0 
74de47400000-74de47415000 r-xp 00000000 103:02 58603513                  /usr/lib/jvm/temurin-11-jdk-amd64/lib/libnet.so
74de47415000-74de47614000 ---p 00015000 103:02 58603513                  /usr/lib/jvm/temurin-11-jdk-amd64/lib/libnet.so
74de47614000-74de47615000 r--p 00014000 103:02 58603513                  /usr/lib/jvm/temurin-11-jdk-amd64/lib/libnet.so
74de47615000-74de47616000 rw-p 00015000 103:02 58603513                  /usr/lib/jvm/temurin-11-jdk-amd64/lib/libnet.so
74de476ff000-74de47700000 ---p 00000000 00:00 0 
74de47700000-74de47800000 rw-p 00000000 00:00 0 
74de47800000-74de47804000 ---p 00000000 00:00 0 
74de47804000-74de47900000 rw-p 00000000 00:00 0 
74de47900000-74de47904000 ---p 00000000 00:00 0 
74de47904000-74de47a00000 rw-p 00000000 00:00 0 
74de47a00000-74de47a10000 r-xp 00000000 103:02 58603514                  /usr/lib/jvm/temurin-11-jdk-amd64/lib/libnio.so
74de47a10000-74de47c0f000 ---p 00010000 103:02 58603514                  /usr/lib/jvm/temurin-11-jdk-amd64/lib/libnio.so
74de47c0f000-74de47c10000 r--p 0000f000 103:02 58603514                  /usr/lib/jvm/temurin-11-jdk-amd64/lib/libnio.so
74de47c10000-74de47c11000 rw-p 00010000 103:02 58603514                  /usr/lib/jvm/temurin-11-jdk-amd64/lib/libnio.so
74de47cc6000-74de47cca000 ---p 00000000 00:00 0 
74de47cca000-74de47dc6000 rw-p 00000000 00:00 0 
74de47dc6000-74de47dca000 ---p 00000000 00:00 0 
74de47dca000-74de47ec6000 rw-p 00000000 00:00 0 
74de47ec6000-74de47ee3000 r--p 00000000 103:02 58198200                  /usr/lib/x86_64-linux-gnu/libglib-2.0.so.0.7200.4
74de47ee3000-74de47f72000 r-xp 0001d000 103:02 58198200                  /usr/lib/x86_64-linux-gnu/libglib-2.0.so.0.7200.4
74de47f72000-74de47ffc000 r--p 000ac000 103:02 58198200                  /usr/lib/x86_64-linux-gnu/libglib-2.0.so.0.7200.4
74de47ffc000-74de47ffd000 ---p 00136000 103:02 58198200                  /usr/lib/x86_64-linux-gnu/libglib-2.0.so.0.7200.4
74de47ffd000-74de47ffe000 r--p 00136000 103:02 58198200                  /usr/lib/x86_64-linux-gnu/libglib-2.0.so.0.7200.4
74de47ffe000-74de47fff000 rw-p 00137000 103:02 58198200                  /usr/lib/x86_64-linux-gnu/libglib-2.0.so.0.7200.4
74de47fff000-74de48000000 rw-p 00000000 00:00 0 
74de48000000-74de48021000 rw-p 00000000 00:00 0 
74de48021000-74de4c000000 ---p 00000000 00:00 0 
74de4c0e6000-74de4c11e000 r--p 00000000 103:02 58198193                  /usr/lib/x86_64-linux-gnu/libgio-2.0.so.0.7200.4
74de4c11e000-74de4c22f000 r-xp 00038000 103:02 58198193                  /usr/lib/x86_64-linux-gnu/libgio-2.0.so.0.7200.4
74de4c22f000-74de4c2b5000 r--p 00149000 103:02 58198193                  /usr/lib/x86_64-linux-gnu/libgio-2.0.so.0.7200.4
74de4c2b5000-74de4c2bd000 r--p 001ce000 103:02 58198193                  /usr/lib/x86_64-linux-gnu/libgio-2.0.so.0.7200.4
74de4c2bd000-74de4c2be000 rw-p 001d6000 103:02 58198193                  /usr/lib/x86_64-linux-gnu/libgio-2.0.so.0.7200.4
74de4c2be000-74de4c2c0000 rw-p 00000000 00:00 0 
74de4c2c0000-74de4c2d9000 r--p 00000000 103:02 58196239                  /usr/lib/x86_64-linux-gnu/libX11.so.6.4.0
74de4c2d9000-74de4c365000 r-xp 00019000 103:02 58196239                  /usr/lib/x86_64-linux-gnu/libX11.so.6.4.0
74de4c365000-74de4c3fa000 r--p 000a5000 103:02 58196239                  /usr/lib/x86_64-linux-gnu/libX11.so.6.4.0
74de4c3fa000-74de4c3fb000 ---p 0013a000 103:02 58196239                  /usr/lib/x86_64-linux-gnu/libX11.so.6.4.0
74de4c3fb000-74de4c3fc000 r--p 0013a000 103:02 58196239                  /usr/lib/x86_64-linux-gnu/libX11.so.6.4.0
74de4c3fc000-74de4c400000 rw-p 0013b000 103:02 58196239                  /usr/lib/x86_64-linux-gnu/libX11.so.6.4.0
74de4c400000-74de4c600000 rw-p 00000000 00:00 0 
74de4c600000-74de4c604000 r-xp 00000000 103:02 58603493                  /usr/lib/jvm/temurin-11-jdk-amd64/lib/libdt_socket.so
74de4c604000-74de4c804000 ---p 00004000 103:02 58603493                  /usr/lib/jvm/temurin-11-jdk-amd64/lib/libdt_socket.so
74de4c804000-74de4c805000 r--p 00004000 103:02 58603493                  /usr/lib/jvm/temurin-11-jdk-amd64/lib/libdt_socket.so
74de4c805000-74de4c806000 rw-p 00005000 103:02 58603493                  /usr/lib/jvm/temurin-11-jdk-amd64/lib/libdt_socket.so
74de4c8ff000-74de4c900000 ---p 00000000 00:00 0 
74de4c900000-74de4ca00000 rw-p 00000000 00:00 0 
74de4ca00000-74de4ca04000 ---p 00000000 00:00 0 
74de4ca04000-74de4cb00000 rw-p 00000000 00:00 0 
74de4cb00000-74de4cb04000 ---p 00000000 00:00 0 
74de4cb04000-74de4cc00000 rw-p 00000000 00:00 0 
74de4cc00000-74de4d279000 r--p 00000000 103:02 58196334                  /usr/lib/locale/locale-archive
74de4d300000-74de4d304000 ---p 00000000 00:00 0 
74de4d304000-74de4d400000 rw-p 00000000 00:00 0 
74de4d400000-74de4fb68000 rw-p 00000000 00:00 0 
74de4fb68000-74de570e8000 ---p 00000000 00:00 0 
74de57100000-74de57104000 ---p 00000000 00:00 0 
74de57104000-74de57200000 rw-p 00000000 00:00 0 
74de57200000-74de57968000 rw-p 00000000 00:00 0 
74de57968000-74de5eee8000 ---p 00000000 00:00 0 
74de5ef00000-74de5ef04000 ---p 00000000 00:00 0 
74de5ef04000-74de5f000000 rw-p 00000000 00:00 0 
74de5f000000-74de5f0ed000 rw-p 00000000 00:00 0 
74de5f0ed000-74de5ff9d000 ---p 00000000 00:00 0 
74de60000000-74de60021000 rw-p 00000000 00:00 0 
74de60021000-74de64000000 ---p 00000000 00:00 0 
74de64000000-74de64004000 ---p 00000000 00:00 0 
74de64004000-74de64100000 rw-p 00000000 00:00 0 
74de64100000-74de64104000 ---p 00000000 00:00 0 
74de64104000-74de64200000 rw-p 00000000 00:00 0 
74de64200000-74de64204000 ---p 00000000 00:00 0 
74de64204000-74de64300000 rw-p 00000000 00:00 0 
74de64300000-74de64304000 ---p 00000000 00:00 0 
74de64304000-74de64400000 rw-p 00000000 00:00 0 
74de64400000-74de64404000 ---p 00000000 00:00 0 
74de64404000-74de64500000 rw-p 00000000 00:00 0 
74de64500000-74de64504000 ---p 00000000 00:00 0 
74de64504000-74de64600000 rw-p 00000000 00:00 0 
74de64600000-74de64dc0000 rw-p 00000000 00:00 0 
74de64dc0000-74de64eed000 rw-p 00000000 00:00 0 
74de64eed000-74de65d9d000 ---p 00000000 00:00 0 
74de65e00000-74de65eed000 rw-p 00000000 00:00 0 
74de65eed000-74de66d9d000 ---p 00000000 00:00 0 
74de66e00000-74de67070000 rwxp 00000000 00:00 0 
74de67070000-74de67391000 ---p 00000000 00:00 0 
74de67391000-74de689e1000 rwxp 00000000 00:00 0 
74de689e1000-74de6e8c8000 ---p 00000000 00:00 0 
74de6e8c8000-74de6f808000 rwxp 00000000 00:00 0 
74de6f808000-74de75e00000 ---p 00000000 00:00 0 
74de75e00000-74de7e631000 r--s 00000000 103:02 58603524                  /usr/lib/jvm/temurin-11-jdk-amd64/lib/modules
74de7e700000-74de7e704000 ---p 00000000 00:00 0 
74de7e704000-74de7e800000 rw-p 00000000 00:00 0 
74de7e800000-74de7e81b000 r-xp 00000000 103:02 58603523                  /usr/lib/jvm/temurin-11-jdk-amd64/lib/libzip.so
74de7e81b000-74de7ea1a000 ---p 0001b000 103:02 58603523                  /usr/lib/jvm/temurin-11-jdk-amd64/lib/libzip.so
74de7ea1a000-74de7ea1b000 r--p 0001a000 103:02 58603523                  /usr/lib/jvm/temurin-11-jdk-amd64/lib/libzip.so
74de7ea1b000-74de7ea1c000 rw-p 0001b000 103:02 58603523                  /usr/lib/jvm/temurin-11-jdk-amd64/lib/libzip.so
74de7ea2b000-74de7eafd000 rw-s 00000000 00:01 98319                      /SYSV00000000 (deleted)
74de7eafd000-74de7eafe000 ---p 00000000 00:00 0 
74de7eafe000-74de7ebfe000 rw-p 00000000 00:00 0 
74de7ebfe000-74de7ebff000 ---p 00000000 00:00 0 
74de7ebff000-74de7ecff000 rw-p 00000000 00:00 0 
74de7ecff000-74de7ed00000 ---p 00000000 00:00 0 
74de7ed00000-74de7ee00000 rw-p 00000000 00:00 0 
74de7ee00000-74de7ee0a000 r-xp 00000000 103:02 58603496                  /usr/lib/jvm/temurin-11-jdk-amd64/lib/libinstrument.so
74de7ee0a000-74de7f009000 ---p 0000a000 103:02 58603496                  /usr/lib/jvm/temurin-11-jdk-amd64/lib/libinstrument.so
74de7f009000-74de7f00a000 r--p 00009000 103:02 58603496                  /usr/lib/jvm/temurin-11-jdk-amd64/lib/libinstrument.so
74de7f00a000-74de7f00b000 rw-p 0000a000 103:02 58603496                  /usr/lib/jvm/temurin-11-jdk-amd64/lib/libinstrument.so
74de7f0fd000-74de7f400000 rw-p 00000000 00:00 0 
74de7f400000-74de7f43c000 r-xp 00000000 103:02 58603504                  /usr/lib/jvm/temurin-11-jdk-amd64/lib/libjdwp.so
74de7f43c000-74de7f63b000 ---p 0003c000 103:02 58603504                  /usr/lib/jvm/temurin-11-jdk-amd64/lib/libjdwp.so
74de7f63b000-74de7f63c000 r--p 0003b000 103:02 58603504                  /usr/lib/jvm/temurin-11-jdk-amd64/lib/libjdwp.so
74de7f63c000-74de7f63d000 rw-p 0003c000 103:02 58603504                  /usr/lib/jvm/temurin-11-jdk-amd64/lib/libjdwp.so
74de7f666000-74de7f668000 r--p 00000000 103:02 58223675                  /usr/lib/x86_64-linux-gnu/libpcre2-8.so.0.10.4
74de7f668000-74de7f6d3000 r-xp 00002000 103:02 58223675                  /usr/lib/x86_64-linux-gnu/libpcre2-8.so.0.10.4
74de7f6d3000-74de7f6fb000 r--p 0006d000 103:02 58223675                  /usr/lib/x86_64-linux-gnu/libpcre2-8.so.0.10.4
74de7f6fb000-74de7f6fc000 r--p 00094000 103:02 58223675                  /usr/lib/x86_64-linux-gnu/libpcre2-8.so.0.10.4
74de7f6fc000-74de7f6fd000 rw-p 00095000 103:02 58223675                  /usr/lib/x86_64-linux-gnu/libpcre2-8.so.0.10.4
74de7f6fd000-74de7fa00000 rw-p 00000000 00:00 0 
74de7fa00000-74de7fa1b000 r-xp 00000000 103:02 58603505                  /usr/lib/jvm/temurin-11-jdk-amd64/lib/libjimage.so
74de7fa1b000-74de7fc1a000 ---p 0001b000 103:02 58603505                  /usr/lib/jvm/temurin-11-jdk-amd64/lib/libjimage.so
74de7fc1a000-74de7fc1c000 r--p 0001a000 103:02 58603505                  /usr/lib/jvm/temurin-11-jdk-amd64/lib/libjimage.so
74de7fc1c000-74de7fc1d000 rw-p 0001c000 103:02 58603505                  /usr/lib/jvm/temurin-11-jdk-amd64/lib/libjimage.so
74de7fc1f000-74de7fc50000 r--p 00000000 103:02 58327608                  /usr/share/glib-2.0/schemas/gschemas.compiled
74de7fc50000-74de7fc57000 r--p 00000000 103:02 58197109                  /usr/lib/x86_64-linux-gnu/libblkid.so.1.1.0
74de7fc57000-74de7fc77000 r-xp 00007000 103:02 58197109                  /usr/lib/x86_64-linux-gnu/libblkid.so.1.1.0
74de7fc77000-74de7fc80000 r--p 00027000 103:02 58197109                  /usr/lib/x86_64-linux-gnu/libblkid.so.1.1.0
74de7fc80000-74de7fc81000 ---p 00030000 103:02 58197109                  /usr/lib/x86_64-linux-gnu/libblkid.so.1.1.0
74de7fc81000-74de7fc86000 r--p 00030000 103:02 58197109                  /usr/lib/x86_64-linux-gnu/libblkid.so.1.1.0
74de7fc86000-74de7fc87000 rw-p 00035000 103:02 58197109                  /usr/lib/x86_64-linux-gnu/libblkid.so.1.1.0
74de7fc87000-74de7fc89000 r--p 00000000 103:02 58223671                  /usr/lib/x86_64-linux-gnu/libpcre.so.3.13.3
74de7fc89000-74de7fcde000 r-xp 00002000 103:02 58223671                  /usr/lib/x86_64-linux-gnu/libpcre.so.3.13.3
74de7fcde000-74de7fcfb000 r--p 00057000 103:02 58223671                  /usr/lib/x86_64-linux-gnu/libpcre.so.3.13.3
74de7fcfb000-74de7fcfc000 r--p 00073000 103:02 58223671                  /usr/lib/x86_64-linux-gnu/libpcre.so.3.13.3
74de7fcfc000-74de7fcfd000 rw-p 00074000 103:02 58223671                  /usr/lib/x86_64-linux-gnu/libpcre.so.3.13.3
74de7fcfd000-74de7feff000 rw-p 00000000 00:00 0 
74de7feff000-74de7ff00000 ---p 00000000 00:00 0 
74de7ff00000-74de80000000 rw-p 00000000 00:00 0 
74de80000000-74de81790000 rw-p 00000000 00:00 0 
74de81790000-74de84000000 ---p 00000000 00:00 0 
74de8400b000-74de8402c000 r--p 00000000 103:02 58852444                  /usr/share/locale-langpack/ja/LC_MESSAGES/glib20.mo
74de8402c000-74de84032000 r--p 00000000 103:02 58223827                  /usr/lib/x86_64-linux-gnu/libselinux.so.1
74de84032000-74de8404c000 r-xp 00006000 103:02 58223827                  /usr/lib/x86_64-linux-gnu/libselinux.so.1
74de8404c000-74de84053000 r--p 00020000 103:02 58223827                  /usr/lib/x86_64-linux-gnu/libselinux.so.1
74de84053000-74de84054000 ---p 00027000 103:02 58223827                  /usr/lib/x86_64-linux-gnu/libselinux.so.1
74de84054000-74de84055000 r--p 00027000 103:02 58223827                  /usr/lib/x86_64-linux-gnu/libselinux.so.1
74de84055000-74de84056000 rw-p 00028000 103:02 58223827                  /usr/lib/x86_64-linux-gnu/libselinux.so.1
74de84056000-74de84058000 rw-p 00000000 00:00 0 
74de84058000-74de84060000 r--p 00000000 103:02 58196656                  /usr/lib/x86_64-linux-gnu/libmount.so.1.1.0
74de84060000-74de8408c000 r-xp 00008000 103:02 58196656                  /usr/lib/x86_64-linux-gnu/libmount.so.1.1.0
74de8408c000-74de84099000 r--p 00034000 103:02 58196656                  /usr/lib/x86_64-linux-gnu/libmount.so.1.1.0
74de84099000-74de8409a000 ---p 00041000 103:02 58196656                  /usr/lib/x86_64-linux-gnu/libmount.so.1.1.0
74de8409a000-74de8409b000 r--p 00041000 103:02 58196656                  /usr/lib/x86_64-linux-gnu/libmount.so.1.1.0
74de8409b000-74de8409c000 rw-p 00042000 103:02 58196656                  /usr/lib/x86_64-linux-gnu/libmount.so.1.1.0
74de8409c000-74de840ab000 r--p 00000000 103:02 58198207                  /usr/lib/x86_64-linux-gnu/libgobject-2.0.so.0.7200.4
74de840ab000-74de840de000 r-xp 0000f000 103:02 58198207                  /usr/lib/x86_64-linux-gnu/libgobject-2.0.so.0.7200.4
74de840de000-74de840f8000 r--p 00042000 103:02 58198207                  /usr/lib/x86_64-linux-gnu/libgobject-2.0.so.0.7200.4
74de840f8000-74de840fb000 r--p 0005b000 103:02 58198207                  /usr/lib/x86_64-linux-gnu/libgobject-2.0.so.0.7200.4
74de840fb000-74de840fc000 rw-p 0005e000 103:02 58198207                  /usr/lib/x86_64-linux-gnu/libgobject-2.0.so.0.7200.4
74de840fc000-74de840fd000 ---p 00000000 00:00 0 
74de840fd000-74de841fd000 rw-p 00000000 00:00 0 
74de841fd000-74de84400000 rw-p 00000000 00:00 0 
74de84400000-74de84429000 r-xp 00000000 103:02 58603501                  /usr/lib/jvm/temurin-11-jdk-amd64/lib/libjava.so
74de84429000-74de84628000 ---p 00029000 103:02 58603501                  /usr/lib/jvm/temurin-11-jdk-amd64/lib/libjava.so
74de84628000-74de84629000 r--p 00028000 103:02 58603501                  /usr/lib/jvm/temurin-11-jdk-amd64/lib/libjava.so
74de84629000-74de8462a000 rw-p 00029000 103:02 58603501                  /usr/lib/jvm/temurin-11-jdk-amd64/lib/libjava.so
74de8462a000-74de8462b000 rw-p 00000000 00:00 0 
74de8462d000-74de8462f000 r--p 00000000 103:02 58222534                  /usr/lib/x86_64-linux-gnu/libXfixes.so.3.1.0
74de8462f000-74de84632000 r-xp 00002000 103:02 58222534                  /usr/lib/x86_64-linux-gnu/libXfixes.so.3.1.0
74de84632000-74de84633000 r--p 00005000 103:02 58222534                  /usr/lib/x86_64-linux-gnu/libXfixes.so.3.1.0
74de84633000-74de84634000 r--p 00006000 103:02 58222534                  /usr/lib/x86_64-linux-gnu/libXfixes.so.3.1.0
74de84634000-74de84635000 rw-p 00007000 103:02 58222534                  /usr/lib/x86_64-linux-gnu/libXfixes.so.3.1.0
74de84635000-74de84642000 r--p 00000000 103:02 58196362                  /usr/lib/x86_64-linux-gnu/libfreetype.so.6.18.1
74de84642000-74de846cb000 r-xp 0000d000 103:02 58196362                  /usr/lib/x86_64-linux-gnu/libfreetype.so.6.18.1
74de846cb000-74de846f4000 r--p 00096000 103:02 58196362                  /usr/lib/x86_64-linux-gnu/libfreetype.so.6.18.1
74de846f4000-74de846f5000 ---p 000bf000 103:02 58196362                  /usr/lib/x86_64-linux-gnu/libfreetype.so.6.18.1
74de846f5000-74de846fc000 r--p 000bf000 103:02 58196362                  /usr/lib/x86_64-linux-gnu/libfreetype.so.6.18.1
74de846fc000-74de846fd000 rw-p 000c6000 103:02 58196362                  /usr/lib/x86_64-linux-gnu/libfreetype.so.6.18.1
74de846fd000-74de84a00000 rw-p 00000000 00:00 0 
74de84a00000-74de84a0d000 r-xp 00000000 103:02 58603522                  /usr/lib/jvm/temurin-11-jdk-amd64/lib/libverify.so
74de84a0d000-74de84c0c000 ---p 0000d000 103:02 58603522                  /usr/lib/jvm/temurin-11-jdk-amd64/lib/libverify.so
74de84c0c000-74de84c0e000 r--p 0000c000 103:02 58603522                  /usr/lib/jvm/temurin-11-jdk-amd64/lib/libverify.so
74de84c0e000-74de84c0f000 rw-p 0000e000 103:02 58603522                  /usr/lib/jvm/temurin-11-jdk-amd64/lib/libverify.so
74de84c15000-74de84c17000 r--p 00000000 103:02 58222526                  /usr/lib/x86_64-linux-gnu/libXcursor.so.1.0.2
74de84c17000-74de84c1d000 r-xp 00002000 103:02 58222526                  /usr/lib/x86_64-linux-gnu/libXcursor.so.1.0.2
74de84c1d000-74de84c1f000 r--p 00008000 103:02 58222526                  /usr/lib/x86_64-linux-gnu/libXcursor.so.1.0.2
74de84c1f000-74de84c20000 r--p 00009000 103:02 58222526                  /usr/lib/x86_64-linux-gnu/libXcursor.so.1.0.2
74de84c20000-74de84c21000 rw-p 0000a000 103:02 58222526                  /usr/lib/x86_64-linux-gnu/libXcursor.so.1.0.2
74de84c21000-74de84c23000 r--p 00000000 103:02 58223052                  /usr/lib/x86_64-linux-gnu/libffi.so.8.1.0
74de84c23000-74de84c2a000 r-xp 00002000 103:02 58223052                  /usr/lib/x86_64-linux-gnu/libffi.so.8.1.0
74de84c2a000-74de84c2b000 r--p 00009000 103:02 58223052                  /usr/lib/x86_64-linux-gnu/libffi.so.8.1.0
74de84c2b000-74de84c2c000 ---p 0000a000 103:02 58223052                  /usr/lib/x86_64-linux-gnu/libffi.so.8.1.0
74de84c2c000-74de84c2d000 r--p 0000a000 103:02 58223052                  /usr/lib/x86_64-linux-gnu/libffi.so.8.1.0
74de84c2d000-74de84c2e000 rw-p 0000b000 103:02 58223052                  /usr/lib/x86_64-linux-gnu/libffi.so.8.1.0
74de84c2e000-74de84c30000 r--p 00000000 103:02 58222550                  /usr/lib/x86_64-linux-gnu/libXrandr.so.2.2.0
74de84c30000-74de84c37000 r-xp 00002000 103:02 58222550                  /usr/lib/x86_64-linux-gnu/libXrandr.so.2.2.0
74de84c37000-74de84c39000 r--p 00009000 103:02 58222550                  /usr/lib/x86_64-linux-gnu/libXrandr.so.2.2.0
74de84c39000-74de84c3a000 r--p 0000a000 103:02 58222550                  /usr/lib/x86_64-linux-gnu/libXrandr.so.2.2.0
74de84c3a000-74de84c3b000 rw-p 0000b000 103:02 58222550                  /usr/lib/x86_64-linux-gnu/libXrandr.so.2.2.0
74de84c3b000-74de84c3c000 r--p 00000000 103:02 58222806                  /usr/lib/x86_64-linux-gnu/libbrotlicommon.so.1.0.9
74de84c3c000-74de84c3d000 r-xp 00001000 103:02 58222806                  /usr/lib/x86_64-linux-gnu/libbrotlicommon.so.1.0.9
74de84c3d000-74de84c5c000 r--p 00002000 103:02 58222806                  /usr/lib/x86_64-linux-gnu/libbrotlicommon.so.1.0.9
74de84c5c000-74de84c5d000 r--p 00020000 103:02 58222806                  /usr/lib/x86_64-linux-gnu/libbrotlicommon.so.1.0.9
74de84c5d000-74de84c5e000 rw-p 00021000 103:02 58222806                  /usr/lib/x86_64-linux-gnu/libbrotlicommon.so.1.0.9
74de84c5e000-74de84c5f000 r--p 00000000 103:02 58222808                  /usr/lib/x86_64-linux-gnu/libbrotlidec.so.1.0.9
74de84c5f000-74de84c67000 r-xp 00001000 103:02 58222808                  /usr/lib/x86_64-linux-gnu/libbrotlidec.so.1.0.9
74de84c67000-74de84c6a000 r--p 00009000 103:02 58222808                  /usr/lib/x86_64-linux-gnu/libbrotlidec.so.1.0.9
74de84c6a000-74de84c6b000 r--p 0000b000 103:02 58222808                  /usr/lib/x86_64-linux-gnu/libbrotlidec.so.1.0.9
74de84c6b000-74de84c6c000 rw-p 0000c000 103:02 58222808                  /usr/lib/x86_64-linux-gnu/libbrotlidec.so.1.0.9
74de84c6c000-74de84c6e000 r--p 00000000 103:02 58224170                  /usr/lib/x86_64-linux-gnu/libz.so.1.2.11
74de84c6e000-74de84c7f000 r-xp 00002000 103:02 58224170                  /usr/lib/x86_64-linux-gnu/libz.so.1.2.11
74de84c7f000-74de84c85000 r--p 00013000 103:02 58224170                  /usr/lib/x86_64-linux-gnu/libz.so.1.2.11
74de84c85000-74de84c86000 ---p 00019000 103:02 58224170                  /usr/lib/x86_64-linux-gnu/libz.so.1.2.11
74de84c86000-74de84c87000 r--p 00019000 103:02 58224170                  /usr/lib/x86_64-linux-gnu/libz.so.1.2.11
74de84c87000-74de84c88000 rw-p 0001a000 103:02 58224170                  /usr/lib/x86_64-linux-gnu/libz.so.1.2.11
74de84c88000-74de84c8d000 r--p 00000000 103:02 58223713                  /usr/lib/x86_64-linux-gnu/libpng16.so.16.37.0
74de84c8d000-74de84cb6000 r-xp 00005000 103:02 58223713                  /usr/lib/x86_64-linux-gnu/libpng16.so.16.37.0
74de84cb6000-74de84cc1000 r--p 0002e000 103:02 58223713                  /usr/lib/x86_64-linux-gnu/libpng16.so.16.37.0
74de84cc1000-74de84cc2000 r--p 00038000 103:02 58223713                  /usr/lib/x86_64-linux-gnu/libpng16.so.16.37.0
74de84cc2000-74de84cc3000 rw-p 00039000 103:02 58223713                  /usr/lib/x86_64-linux-gnu/libpng16.so.16.37.0
74de84cc3000-74de84ce5000 r--p 00000000 103:02 58851436                  /usr/share/locale-langpack/ja/LC_MESSAGES/libc.mo
74de84ce5000-74de84ce9000 r--p 00000000 103:02 58222812                  /usr/lib/x86_64-linux-gnu/libbsd.so.0.11.5
74de84ce9000-74de84cf6000 r-xp 00004000 103:02 58222812                  /usr/lib/x86_64-linux-gnu/libbsd.so.0.11.5
74de84cf6000-74de84cf9000 r--p 00011000 103:02 58222812                  /usr/lib/x86_64-linux-gnu/libbsd.so.0.11.5
74de84cf9000-74de84cfa000 ---p 00014000 103:02 58222812                  /usr/lib/x86_64-linux-gnu/libbsd.so.0.11.5
74de84cfa000-74de84cfb000 r--p 00014000 103:02 58222812                  /usr/lib/x86_64-linux-gnu/libbsd.so.0.11.5
74de84cfb000-74de84cfc000 rw-p 00015000 103:02 58222812                  /usr/lib/x86_64-linux-gnu/libbsd.so.0.11.5
74de84cfc000-74de85000000 rw-p 00000000 00:00 0 
74de85000000-74de86282000 r-xp 00000000 103:02 58603532                  /usr/lib/jvm/temurin-11-jdk-amd64/lib/server/libjvm.so
74de86282000-74de86481000 ---p 01282000 103:02 58603532                  /usr/lib/jvm/temurin-11-jdk-amd64/lib/server/libjvm.so
74de86481000-74de86547000 r--p 01281000 103:02 58603532                  /usr/lib/jvm/temurin-11-jdk-amd64/lib/server/libjvm.so
74de86547000-74de86582000 rw-p 01347000 103:02 58603532                  /usr/lib/jvm/temurin-11-jdk-amd64/lib/server/libjvm.so
74de86582000-74de865da000 rw-p 00000000 00:00 0 
74de865dc000-74de865de000 r--p 00000000 103:02 58198206                  /usr/lib/x86_64-linux-gnu/libgmodule-2.0.so.0.7200.4
74de865de000-74de865e0000 r-xp 00002000 103:02 58198206                  /usr/lib/x86_64-linux-gnu/libgmodule-2.0.so.0.7200.4
74de865e0000-74de865e1000 r--p 00004000 103:02 58198206                  /usr/lib/x86_64-linux-gnu/libgmodule-2.0.so.0.7200.4
74de865e1000-74de865e2000 r--p 00004000 103:02 58198206                  /usr/lib/x86_64-linux-gnu/libgmodule-2.0.so.0.7200.4
74de865e2000-74de865e3000 rw-p 00005000 103:02 58198206                  /usr/lib/x86_64-linux-gnu/libgmodule-2.0.so.0.7200.4
74de865e3000-74de865e5000 r--p 00000000 103:02 58223478                  /usr/lib/x86_64-linux-gnu/libmd.so.0.0.5
74de865e5000-74de865ec000 r-xp 00002000 103:02 58223478                  /usr/lib/x86_64-linux-gnu/libmd.so.0.0.5
74de865ec000-74de865ee000 r--p 00009000 103:02 58223478                  /usr/lib/x86_64-linux-gnu/libmd.so.0.0.5
74de865ee000-74de865ef000 r--p 0000a000 103:02 58223478                  /usr/lib/x86_64-linux-gnu/libmd.so.0.0.5
74de865ef000-74de865f0000 rw-p 0000b000 103:02 58223478                  /usr/lib/x86_64-linux-gnu/libmd.so.0.0.5
74de865f0000-74de865f2000 r--p 00000000 103:02 58222530                  /usr/lib/x86_64-linux-gnu/libXdmcp.so.6.0.0
74de865f2000-74de865f4000 r-xp 00002000 103:02 58222530                  /usr/lib/x86_64-linux-gnu/libXdmcp.so.6.0.0
74de865f4000-74de865f6000 r--p 00004000 103:02 58222530                  /usr/lib/x86_64-linux-gnu/libXdmcp.so.6.0.0
74de865f6000-74de865f7000 r--p 00005000 103:02 58222530                  /usr/lib/x86_64-linux-gnu/libXdmcp.so.6.0.0
74de865f7000-74de865f8000 rw-p 00006000 103:02 58222530                  /usr/lib/x86_64-linux-gnu/libXdmcp.so.6.0.0
74de865f8000-74de865f9000 r--p 00000000 103:02 58222519                  /usr/lib/x86_64-linux-gnu/libXau.so.6.0.0
74de865f9000-74de865fb000 r-xp 00001000 103:02 58222519                  /usr/lib/x86_64-linux-gnu/libXau.so.6.0.0
74de865fb000-74de865fc000 r--p 00003000 103:02 58222519                  /usr/lib/x86_64-linux-gnu/libXau.so.6.0.0
74de865fc000-74de865fd000 r--p 00003000 103:02 58222519                  /usr/lib/x86_64-linux-gnu/libXau.so.6.0.0
74de865fd000-74de865fe000 rw-p 00004000 103:02 58222519                  /usr/lib/x86_64-linux-gnu/libXau.so.6.0.0
74de865fe000-74de866ff000 rw-p 00000000 00:00 0 
74de866ff000-74de86700000 ---p 00000000 00:00 0 
74de86700000-74de86800000 rw-p 00000000 00:00 0 
74de86800000-74de86828000 r--p 00000000 103:02 58206679                  /usr/lib/x86_64-linux-gnu/libc.so.6
74de86828000-74de869bd000 r-xp 00028000 103:02 58206679                  /usr/lib/x86_64-linux-gnu/libc.so.6
74de869bd000-74de86a15000 r--p 001bd000 103:02 58206679                  /usr/lib/x86_64-linux-gnu/libc.so.6
74de86a15000-74de86a16000 ---p 00215000 103:02 58206679                  /usr/lib/x86_64-linux-gnu/libc.so.6
74de86a16000-74de86a1a000 r--p 00215000 103:02 58206679                  /usr/lib/x86_64-linux-gnu/libc.so.6
74de86a1a000-74de86a1c000 rw-p 00219000 103:02 58206679                  /usr/lib/x86_64-linux-gnu/libc.so.6
74de86a1c000-74de86a29000 rw-p 00000000 00:00 0 
74de86a2c000-74de86a37000 r--p 00000000 103:02 58224134                  /usr/lib/x86_64-linux-gnu/libxcb.so.1.1.0
74de86a37000-74de86a4b000 r-xp 0000b000 103:02 58224134                  /usr/lib/x86_64-linux-gnu/libxcb.so.1.1.0
74de86a4b000-74de86a54000 r--p 0001f000 103:02 58224134                  /usr/lib/x86_64-linux-gnu/libxcb.so.1.1.0
74de86a54000-74de86a55000 r--p 00027000 103:02 58224134                  /usr/lib/x86_64-linux-gnu/libxcb.so.1.1.0
74de86a55000-74de86a56000 rw-p 00028000 103:02 58224134                  /usr/lib/x86_64-linux-gnu/libxcb.so.1.1.0
74de86a56000-74de86a59000 r--p 00000000 103:02 58222540                  /usr/lib/x86_64-linux-gnu/libXi.so.6.1.0
74de86a59000-74de86a65000 r-xp 00003000 103:02 58222540                  /usr/lib/x86_64-linux-gnu/libXi.so.6.1.0
74de86a65000-74de86a68000 r--p 0000f000 103:02 58222540                  /usr/lib/x86_64-linux-gnu/libXi.so.6.1.0
74de86a68000-74de86a69000 r--p 00011000 103:02 58222540                  /usr/lib/x86_64-linux-gnu/libXi.so.6.1.0
74de86a69000-74de86a6a000 rw-p 00012000 103:02 58222540                  /usr/lib/x86_64-linux-gnu/libXi.so.6.1.0
74de86a6a000-74de86a6c000 r--p 00000000 103:02 58222558                  /usr/lib/x86_64-linux-gnu/libXtst.so.6.1.0
74de86a6c000-74de86a6f000 r-xp 00002000 103:02 58222558                  /usr/lib/x86_64-linux-gnu/libXtst.so.6.1.0
74de86a6f000-74de86a70000 r--p 00005000 103:02 58222558                  /usr/lib/x86_64-linux-gnu/libXtst.so.6.1.0
74de86a70000-74de86a71000 r--p 00005000 103:02 58222558                  /usr/lib/x86_64-linux-gnu/libXtst.so.6.1.0
74de86a71000-74de86a72000 rw-p 00006000 103:02 58222558                  /usr/lib/x86_64-linux-gnu/libXtst.so.6.1.0
74de86a72000-74de86a74000 r--p 00000000 103:02 58222552                  /usr/lib/x86_64-linux-gnu/libXrender.so.1.3.0
74de86a74000-74de86a7b000 r-xp 00002000 103:02 58222552                  /usr/lib/x86_64-linux-gnu/libXrender.so.1.3.0
74de86a7b000-74de86a7d000 r--p 00009000 103:02 58222552                  /usr/lib/x86_64-linux-gnu/libXrender.so.1.3.0
74de86a7d000-74de86a7e000 r--p 0000a000 103:02 58222552                  /usr/lib/x86_64-linux-gnu/libXrender.so.1.3.0
74de86a7e000-74de86a7f000 rw-p 0000b000 103:02 58222552                  /usr/lib/x86_64-linux-gnu/libXrender.so.1.3.0
74de86a7f000-74de86a83000 r--p 00000000 103:02 58222532                  /usr/lib/x86_64-linux-gnu/libXext.so.6.4.0
74de86a83000-74de86a8e000 r-xp 00004000 103:02 58222532                  /usr/lib/x86_64-linux-gnu/libXext.so.6.4.0
74de86a8e000-74de86a92000 r--p 0000f000 103:02 58222532                  /usr/lib/x86_64-linux-gnu/libXext.so.6.4.0
74de86a92000-74de86a93000 r--p 00012000 103:02 58222532                  /usr/lib/x86_64-linux-gnu/libXext.so.6.4.0
74de86a93000-74de86a94000 rw-p 00013000 103:02 58222532                  /usr/lib/x86_64-linux-gnu/libXext.so.6.4.0
74de86a94000-74de86b34000 rw-p 00000000 00:00 0 
74de86b34000-74de86c00000 ---p 00000000 00:00 0 
74de86c00000-74de86c1a000 r-xp 00000000 103:02 58603485                  /usr/lib/jvm/temurin-11-jdk-amd64/lib/jli/libjli.so
74de86c1a000-74de86e1a000 ---p 0001a000 103:02 58603485                  /usr/lib/jvm/temurin-11-jdk-amd64/lib/jli/libjli.so
74de86e1a000-74de86e1b000 r--p 0001a000 103:02 58603485                  /usr/lib/jvm/temurin-11-jdk-amd64/lib/jli/libjli.so
74de86e1b000-74de86e1c000 rw-p 0001b000 103:02 58603485                  /usr/lib/jvm/temurin-11-jdk-amd64/lib/jli/libjli.so
74de86e1e000-74de86e25000 r--p 00000000 103:02 47187321                  /home/tatsunidas/.config/dconf/user
74de86e25000-74de86e29000 r--p 00000000 103:02 58225368                  /usr/lib/x86_64-linux-gnu/gio/modules/libdconfsettings.so
74de86e29000-74de86e30000 r-xp 00004000 103:02 58225368                  /usr/lib/x86_64-linux-gnu/gio/modules/libdconfsettings.so
74de86e30000-74de86e33000 r--p 0000b000 103:02 58225368                  /usr/lib/x86_64-linux-gnu/gio/modules/libdconfsettings.so
74de86e33000-74de86e34000 r--p 0000e000 103:02 58225368                  /usr/lib/x86_64-linux-gnu/gio/modules/libdconfsettings.so
74de86e34000-74de86e35000 rw-p 0000f000 103:02 58225368                  /usr/lib/x86_64-linux-gnu/gio/modules/libdconfsettings.so
74de86e35000-74de86efc000 rw-p 00000000 00:00 0 
74de86efc000-74de86fba000 ---p 00000000 00:00 0 
74de86fba000-74de86fbf000 rw-p 00000000 00:00 0 
74de86fbf000-74de86fc6000 ---p 00000000 00:00 0 
74de86fc6000-74de86fc7000 r--p 00000000 103:02 58206703                  /usr/lib/x86_64-linux-gnu/librt.so.1
74de86fc7000-74de86fc8000 r-xp 00001000 103:02 58206703                  /usr/lib/x86_64-linux-gnu/librt.so.1
74de86fc8000-74de86fc9000 r--p 00002000 103:02 58206703                  /usr/lib/x86_64-linux-gnu/librt.so.1
74de86fc9000-74de86fca000 r--p 00002000 103:02 58206703                  /usr/lib/x86_64-linux-gnu/librt.so.1
74de86fca000-74de86fcb000 rw-p 00003000 103:02 58206703                  /usr/lib/x86_64-linux-gnu/librt.so.1
74de86fcb000-74de86fcf000 ---p 00000000 00:00 0 
74de86fcf000-74de870cb000 rw-p 00000000 00:00 0 
74de870cb000-74de870d9000 r--p 00000000 103:02 58206685                  /usr/lib/x86_64-linux-gnu/libm.so.6
74de870d9000-74de87155000 r-xp 0000e000 103:02 58206685                  /usr/lib/x86_64-linux-gnu/libm.so.6
74de87155000-74de871b0000 r--p 0008a000 103:02 58206685                  /usr/lib/x86_64-linux-gnu/libm.so.6
74de871b0000-74de871b1000 r--p 000e4000 103:02 58206685                  /usr/lib/x86_64-linux-gnu/libm.so.6
74de871b1000-74de871b2000 rw-p 000e5000 103:02 58206685                  /usr/lib/x86_64-linux-gnu/libm.so.6
74de871b2000-74de871b4000 rw-p 00000000 00:00 0 
74de871b4000-74de871b5000 r--p 00000000 103:02 58206683                  /usr/lib/x86_64-linux-gnu/libdl.so.2
74de871b5000-74de871b6000 r-xp 00001000 103:02 58206683                  /usr/lib/x86_64-linux-gnu/libdl.so.2
74de871b6000-74de871b7000 r--p 00002000 103:02 58206683                  /usr/lib/x86_64-linux-gnu/libdl.so.2
74de871b7000-74de871b8000 r--p 00002000 103:02 58206683                  /usr/lib/x86_64-linux-gnu/libdl.so.2
74de871b8000-74de871b9000 rw-p 00003000 103:02 58206683                  /usr/lib/x86_64-linux-gnu/libdl.so.2
74de871b9000-74de871ba000 r--p 00000000 103:02 58206701                  /usr/lib/x86_64-linux-gnu/libpthread.so.0
74de871ba000-74de871bb000 r-xp 00001000 103:02 58206701                  /usr/lib/x86_64-linux-gnu/libpthread.so.0
74de871bb000-74de871bc000 r--p 00002000 103:02 58206701                  /usr/lib/x86_64-linux-gnu/libpthread.so.0
74de871bc000-74de871bd000 r--p 00002000 103:02 58206701                  /usr/lib/x86_64-linux-gnu/libpthread.so.0
74de871bd000-74de871be000 rw-p 00003000 103:02 58206701                  /usr/lib/x86_64-linux-gnu/libpthread.so.0
74de871c1000-74de871c8000 r--s 00000000 103:02 58210169                  /usr/lib/x86_64-linux-gnu/gconv/gconv-modules.cache
74de871c8000-74de871d0000 rw-s 00000000 103:02 20054439                  /tmp/hsperfdata_tatsunidas/17591
74de871d0000-74de871d1000 ---p 00000000 00:00 0 
74de871d1000-74de871d2000 r--p 00000000 00:00 0 
74de871d2000-74de871d4000 rw-p 00000000 00:00 0 
74de871d4000-74de871d6000 r--p 00000000 103:02 58206672                  /usr/lib/x86_64-linux-gnu/ld-linux-x86-64.so.2
74de871d6000-74de87200000 r-xp 00002000 103:02 58206672                  /usr/lib/x86_64-linux-gnu/ld-linux-x86-64.so.2
74de87200000-74de8720b000 r--p 0002c000 103:02 58206672                  /usr/lib/x86_64-linux-gnu/ld-linux-x86-64.so.2
74de8720b000-74de8720c000 r--s 00000000 00:42 233                        /run/user/1000/dconf/user
74de8720c000-74de8720e000 r--p 00037000 103:02 58206672                  /usr/lib/x86_64-linux-gnu/ld-linux-x86-64.so.2
74de8720e000-74de87210000 rw-p 00039000 103:02 58206672                  /usr/lib/x86_64-linux-gnu/ld-linux-x86-64.so.2
7ffcb70a2000-7ffcb70c5000 rw-p 00000000 00:00 0                          [stack]
7ffcb70dd000-7ffcb70e1000 r--p 00000000 00:00 0                          [vvar]
7ffcb70e1000-7ffcb70e3000 r-xp 00000000 00:00 0                          [vdso]
ffffffffff600000-ffffffffff601000 --xp 00000000 00:00 0                  [vsyscall]


VM Arguments:
jvm_args: -agentlib:jdwp=transport=dt_socket,suspend=y,address=localhost:36657 -Djava.library.path=./native/native_opencv/linux-x86-64 -javaagent:/home/tatsunidas/eclipse/java-2023-03/eclipse/configuration/org.eclipse.osgi/225/0/.cp/lib/javaagent-shaded.jar -Dfile.encoding=UTF-8 
java_command: com.vis.core.launcher.Launcher
java_class_path (initial): /home/tatsunidas/graphy-workspace3/graphy/target/classes:/home/tatsunidas/.m2/repository/net/imagej/ij/1.54f/ij-1.54f.jar:/home/tatsunidas/.m2/repository/org/jogamp/gluegen/gluegen-rt-main/2.3.2/gluegen-rt-main-2.3.2.jar:/home/tatsunidas/.m2/repository/org/jogamp/gluegen/gluegen-rt/2.3.2/gluegen-rt-2.3.2.jar:/home/tatsunidas/.m2/repository/org/jogamp/gluegen/gluegen-rt/2.3.2/gluegen-rt-2.3.2-natives-android-aarch64.jar:/home/tatsunidas/.m2/repository/org/jogamp/gluegen/gluegen-rt/2.3.2/gluegen-rt-2.3.2-natives-android-armv6.jar:/home/tatsunidas/.m2/repository/org/jogamp/gluegen/gluegen-rt/2.3.2/gluegen-rt-2.3.2-natives-linux-amd64.jar:/home/tatsunidas/.m2/repository/org/jogamp/gluegen/gluegen-rt/2.3.2/gluegen-rt-2.3.2-natives-linux-armv6.jar:/home/tatsunidas/.m2/repository/org/jogamp/gluegen/gluegen-rt/2.3.2/gluegen-rt-2.3.2-natives-linux-armv6hf.jar:/home/tatsunidas/.m2/repository/org/jogamp/gluegen/gluegen-rt/2.3.2/gluegen-rt-2.3.2-natives-linux-i586.jar:/home/tatsunidas/.m2/repository/org/jogamp/gluegen/gluegen-rt/2.3.2/gluegen-rt-2.3.2-natives-macosx-universal.jar:/home/tatsunidas/.m2/repository/org/jogamp/gluegen/gluegen-rt/2.3.2/gluegen-rt-2.3.2-natives-solaris-amd64.jar:/home/tatsunidas/.m2/repository/org/jogamp/gluegen/gluegen-rt/2.3.2/gluegen-rt-2.3.2-natives-solaris-i586.jar:/home/tatsunidas/.m2/repository/org/jogamp/gluegen/gluegen-rt/2.3.2/gluegen-rt-2.3.2-natives-windows-amd64.jar:/home/tatsunidas/.m2/repository/org/jogamp/gluegen/gluegen-rt/2.3.2/gluegen-rt-2.3.2-natives-windows-i586.jar:/home/tatsunidas/.m2/repository/org/jogamp/jogl/jogl-all-main/2.3.2/jogl-all-main-2.3.2.jar:/home/tatsunidas/.m2/repository/org/jogamp/jogl/jogl-all/2.3.2/jogl-all-2.3.2.jar:/home/tatsunidas/.m2/repository/org/jogamp/jogl/jogl-all/2.3.2/jogl-all-2.3.2-natives-android-aarch64.jar:/home/tatsunidas/.m2/repository/org/jogamp/jogl/jogl-all/2.3.2/jogl-all-2.3.2-natives-android-armv6.jar:/home/tatsunidas/.m2/repository/org/jogamp/jogl/jogl-all/2.3
Launcher Type: SUN_STANDARD

[Global flags]
     intx CICompilerCount                          = 4                                         {product} {ergonomic}
     uint ConcGCThreads                            = 2                                         {product} {ergonomic}
     uint G1ConcRefinementThreads                  = 8                                         {product} {ergonomic}
   size_t G1HeapRegionSize                         = 2097152                                   {product} {ergonomic}
    uintx GCDrainStackTargetSize                   = 64                                        {product} {ergonomic}
   size_t InitialHeapSize                          = 524288000                                 {product} {ergonomic}
   size_t MarkStackSize                            = 4194304                                   {product} {ergonomic}
   size_t MaxHeapSize                              = 8382316544                                {product} {ergonomic}
   size_t MaxNewSize                               = 5028970496                                {product} {ergonomic}
   size_t MinHeapDeltaBytes                        = 2097152                                   {product} {ergonomic}
    uintx NonNMethodCodeHeapSize                   = 5836300                                {pd product} {ergonomic}
    uintx NonProfiledCodeHeapSize                  = 122910970                              {pd product} {ergonomic}
    uintx ProfiledCodeHeapSize                     = 122910970                              {pd product} {ergonomic}
    uintx ReservedCodeCacheSize                    = 251658240                              {pd product} {ergonomic}
     bool SegmentedCodeCache                       = true                                      {product} {ergonomic}
     bool UseCompressedClassPointers               = true                                 {lp64_product} {ergonomic}
     bool UseCompressedOops                        = true                                 {lp64_product} {ergonomic}
     bool UseG1GC                                  = true                                      {product} {ergonomic}

Logging:
Log output configuration:
 #0: stdout all=warning uptime,level,tags
 #1: stderr all=off uptime,level,tags

Environment Variables:
PATH=/usr/local/sbin:/usr/local/bin:/usr/sbin:/usr/bin:/sbin:/bin:/usr/games:/usr/local/games:/snap/bin:/snap/bin:/home/tatsunidas/dcm4che-5.30.0/bin
USERNAME=tatsunidas
SHELL=/bin/bash
DISPLAY=:1
LANG=ja_JP.UTF-8

Signal Handlers:
SIGSEGV: [libjvm.so+0xf51350], sa_mask[0]=11111111011111111101111111111110, sa_flags=SA_RESTART|SA_SIGINFO
SIGBUS: [libjvm.so+0xf51350], sa_mask[0]=11111111011111111101111111111110, sa_flags=SA_RESTART|SA_SIGINFO
SIGFPE: [libjvm.so+0xf51350], sa_mask[0]=11111111011111111101111111111110, sa_flags=SA_RESTART|SA_SIGINFO
SIGPIPE: SIG_IGN, sa_mask[0]=00000000000010000000000000000000, sa_flags=SA_RESTART
SIGXFSZ: [libjvm.so+0xc72290], sa_mask[0]=11111111011111111101111111111110, sa_flags=SA_RESTART|SA_SIGINFO
SIGILL: [libjvm.so+0xf51350], sa_mask[0]=11111111011111111101111111111110, sa_flags=SA_RESTART|SA_SIGINFO
SIGUSR2: [libjvm.so+0xc72130], sa_mask[0]=00100000000000000000000000000000, sa_flags=SA_RESTART|SA_SIGINFO
SIGHUP: [libjvm.so+0xc726a0], sa_mask[0]=11111111011111111101111111111110, sa_flags=SA_RESTART|SA_SIGINFO
SIGINT: [libjvm.so+0xc726a0], sa_mask[0]=11111111011111111101111111111110, sa_flags=SA_RESTART|SA_SIGINFO
SIGTERM: [libjvm.so+0xc726a0], sa_mask[0]=11111111011111111101111111111110, sa_flags=SA_RESTART|SA_SIGINFO
SIGQUIT: [libjvm.so+0xc726a0], sa_mask[0]=11111111011111111101111111111110, sa_flags=SA_RESTART|SA_SIGINFO


---------------  S Y S T E M  ---------------

OS:DISTRIB_ID=Ubuntu
DISTRIB_RELEASE=22.04
DISTRIB_CODENAME=jammy
DISTRIB_DESCRIPTION="Ubuntu 22.04.4 LTS"
uname:Linux 6.8.0-40-generic #40~22.04.3-Ubuntu SMP PREEMPT_DYNAMIC Tue Jul 30 17:30:19 UTC 2 x86_64
OS uptime: 1 days 3:24 hours
libc:glibc 2.35 NPTL 2.35 
rlimit (soft/hard): STACK 8192k/infinity , CORE 0k/infinity , NPROC 127595/127595 , NOFILE 1048576/1048576 , AS infinity/infinity , CPU infinity/infinity , DATA infinity/infinity , FSIZE infinity/infinity , MEMLOCK 4092776k/4092776k
load average:2.67 2.33 2.31

/proc/meminfo:
MemTotal:       32742224 kB
MemFree:        19478640 kB
MemAvailable:   24553808 kB
Buffers:          495400 kB
Cached:          4773996 kB
SwapCached:            0 kB
Active:          7851996 kB
Inactive:        2895408 kB
Active(anon):    6384340 kB
Inactive(anon):        0 kB
Active(file):    1467656 kB
Inactive(file):  2895408 kB
Unevictable:      890044 kB
Mlocked:           12940 kB
SwapTotal:       2097148 kB
SwapFree:        2097148 kB
Zswap:                 0 kB
Zswapped:              0 kB
Dirty:               136 kB
Writeback:             0 kB
AnonPages:       6368160 kB
Mapped:           800076 kB
Shmem:            893608 kB
KReclaimable:    1181408 kB
Slab:            1429868 kB
SReclaimable:    1181408 kB
SUnreclaim:       248460 kB
KernelStack:       21248 kB
PageTables:        54420 kB
SecPageTables:         0 kB
NFS_Unstable:          0 kB
Bounce:                0 kB
WritebackTmp:          0 kB
CommitLimit:    18468260 kB
Committed_AS:   14039016 kB
VmallocTotal:   34359738367 kB
VmallocUsed:       53460 kB
VmallocChunk:          0 kB
Percpu:             8640 kB
HardwareCorrupted:     0 kB
AnonHugePages:         0 kB
ShmemHugePages:   755712 kB
ShmemPmdMapped:        0 kB
FileHugePages:         0 kB
FilePmdMapped:         0 kB
Unaccepted:            0 kB
HugePages_Total:       0
HugePages_Free:        0
HugePages_Rsvd:        0
HugePages_Surp:        0
Hugepagesize:       2048 kB
Hugetlb:               0 kB
DirectMap4k:      182088 kB
DirectMap2M:     4937728 kB
DirectMap1G:    28311552 kB

/sys/kernel/mm/transparent_hugepage/enabled:
always [madvise] never
/sys/kernel/mm/transparent_hugepage/defrag (defrag/compaction efforts parameter):
always defer defer+madvise [madvise] never

Process Memory:
Virtual Size: 12876992K (peak: 12885096K)
Resident Set Size: 799420K (peak: 911228K) (anon: 766492K, file: 32156K, shmem: 772K)
Swapped out: 0K
C-Heap outstanding allocations: 53926K, retained: 145349K
glibc malloc tunables: (default)

/proc/sys/kernel/threads-max (system-wide limit on the number of threads):
255190
/proc/sys/vm/max_map_count (maximum number of memory map areas a process may have):
65530
/proc/sys/kernel/pid_max (system-wide limit on number of process identifiers):
4194304

container (cgroup) information:
container_type: cgroupv2
cpu_cpuset_cpus: not supported
cpu_memory_nodes: not supported
active_processor_count: 8
cpu_quota: not supported
cpu_period: not supported
cpu_shares: not supported
memory_limit_in_bytes: unlimited
memory_and_swap_limit_in_bytes: unlimited
memory_soft_limit_in_bytes: unlimited
memory_usage_in_bytes: 4871276 k
memory_max_usage_in_bytes: not supported
memory_swap_current_in_bytes: unlimited
memory_swap_max_limit_in_bytes: unlimited
maximum number of tasks: 38278
current number of tasks: 419

Steal ticks since vm start: 0
Steal ticks percentage since vm start:  0.000

CPU:total 8 (initial active 8) (4 cores per cpu, 2 threads per core) family 6 model 142 stepping 10 microcode 0xf6, cmov, cx8, fxsr, mmx, sse, sse2, sse3, ssse3, sse4.1, sse4.2, popcnt, avx, avx2, aes, clmul, erms, 3dnowpref, lzcnt, ht, tsc, tscinvbit, bmi1, bmi2, adx, fma
CPU Model and flags from /proc/cpuinfo:
model name	: Intel(R) Core(TM) i7-8550U CPU @ 1.80GHz
flags		: fpu vme de pse tsc msr pae mce cx8 apic sep mtrr pge mca cmov pat pse36 clflush dts acpi mmx fxsr sse sse2 ss ht tm pbe syscall nx pdpe1gb rdtscp lm constant_tsc art arch_perfmon pebs bts rep_good nopl xtopology nonstop_tsc cpuid aperfmperf pni pclmulqdq dtes64 monitor ds_cpl vmx est tm2 ssse3 sdbg fma cx16 xtpr pdcm pcid sse4_1 sse4_2 x2apic movbe popcnt tsc_deadline_timer aes xsave avx f16c rdrand lahf_lm abm 3dnowprefetch cpuid_fault epb pti ssbd ibrs ibpb stibp tpr_shadow flexpriority ept vpid ept_ad fsgsbase tsc_adjust bmi1 avx2 smep bmi2 erms invpcid mpx rdseed adx smap clflushopt intel_pt xsaveopt xsavec xgetbv1 xsaves dtherm ida arat pln pts hwp hwp_notify hwp_act_window hwp_epp vnmi md_clear flush_l1d arch_capabilities
Online cpus:
0-7
Offline cpus:

BIOS frequency limitation:
<Not Available>
Frequency switch latency (ns):
0
Available cpu frequencies:
<Not Available>
Current governor:
powersave
Core performance/turbo boost:
<Not Available>

Memory: 4k page, physical 32742224k(19478640k free), swap 2097148k(2097148k free)

vm_info: OpenJDK 64-Bit Server VM (11.0.24+8) for linux-amd64 JRE (11.0.24+8), built on Jul 17 2024 01:04:23 by "" with gcc 7.5.0

END.
