#
# A fatal error has been detected by the Java Runtime Environment:
#
#  SIGSEGV (0xb) at pc=0x00007b1542b5fc1e, pid=9455, tid=9511
#
# JRE version: OpenJDK Runtime Environment Temurin-11.0.24+8 (11.0.24+8) (build 11.0.24+8)
# Java VM: OpenJDK 64-Bit Server VM Temurin-11.0.24+8 (11.0.24+8, mixed mode, tiered, compressed oops, g1 gc, linux-amd64)
# Problematic frame:
# J 4662 c2 java.lang.String.substring(II)Ljava/lang/String; java.base@11.0.24 (58 bytes) @ 0x00007b1542b5fc1e [0x00007b1542b5fbe0+0x000000000000003e]
#
# Core dump will be written. Default location: Core dumps may be processed with "/usr/share/apport/apport -p%p -s%s -c%c -d%d -P%P -u%u -g%g -- %E" (or dumping to /home/tatsunidas/graphy-workspace3/graphy/core.9455)
#
# If you would like to submit a bug report, please visit:
#   https://github.com/adoptium/adoptium-support/issues
#

---------------  S U M M A R Y ------------

Command Line: -agentlib:jdwp=transport=dt_socket,suspend=y,address=localhost:43819 -Djava.library.path=./native/native_opencv/linux-x86-64 -javaagent:/home/tatsunidas/eclipse/java-2023-03/eclipse/configuration/org.eclipse.osgi/225/0/.cp/lib/javaagent-shaded.jar -Dfile.encoding=UTF-8 com.vis.core.launcher.Launcher

Host: Intel(R) Core(TM) i7-8550U CPU @ 1.80GHz, 8 cores, 31G, Ubuntu 22.04.4 LTS
Time: Wed Aug 28 11:33:47 2024 JST elapsed time: 2820.523548 seconds (0d 0h 47m 0s)

---------------  T H R E A D  ---------------

Current thread (0x00007b15555f1000):  JavaThread "AWT-EventQueue-0" [_thread_in_Java, id=9511, stack(0x00007b1519c03000,0x00007b1519d03000)]

Stack: [0x00007b1519c03000,0x00007b1519d03000],  sp=0x00007b1519cfe0b0,  free space=1004k
Native frames: (J=compiled Java code, A=aot compiled Java code, j=interpreted, Vv=VM code, C=native code)
J 4662 c2 java.lang.String.substring(II)Ljava/lang/String; java.base@11.0.24 (58 bytes) @ 0x00007b1542b5fc1e [0x00007b1542b5fbe0+0x000000000000003e]
j  java.lang.String.subSequence(II)Ljava/lang/CharSequence;+3 java.base@11.0.24
j  com.vis.core.view.D2.ui.glasses.CanvasGlass.activateAndGetCurrentRoiAt(II)Lcom/vis/core/view/D2/roi/RoiObj;+240
j  com.vis.core.view.D2.ui.glasses.CanvasGlass.mouseMoved(Ljava/awt/event/MouseEvent;)V+44
j  com.vis.core.view.D2.ui.glasses.SlideGlassMouseListener.mouseMoved(Ljava/awt/event/MouseEvent;)V+61
j  java.awt.Component.processMouseMotionEvent(Ljava/awt/event/MouseEvent;)V+42 java.desktop@11.0.24
j  javax.swing.JComponent.processMouseMotionEvent(Ljava/awt/event/MouseEvent;)V+42 java.desktop@11.0.24
J 12105 c2 java.awt.Component.processEvent(Ljava/awt/AWTEvent;)V java.desktop@11.0.24 (220 bytes) @ 0x00007b15430be64c [0x00007b15430be520+0x000000000000012c]
j  java.awt.Container.processEvent(Ljava/awt/AWTEvent;)V+18 java.desktop@11.0.24
j  java.awt.Component.dispatchEventImpl(Ljava/awt/AWTEvent;)V+496 java.desktop@11.0.24
J 12114 c2 java.awt.Container.dispatchEventImpl(Ljava/awt/AWTEvent;)V java.desktop@11.0.24 (129 bytes) @ 0x00007b1543081234 [0x00007b15430807a0+0x0000000000000a94]
J 12108 c2 java.awt.LightweightDispatcher.retargetMouseEvent(Ljava/awt/Component;ILjava/awt/event/MouseEvent;)V java.desktop@11.0.24 (372 bytes) @ 0x00007b15430bb400 [0x00007b15430bb0a0+0x0000000000000360]
J 12114 c2 java.awt.Container.dispatchEventImpl(Ljava/awt/AWTEvent;)V java.desktop@11.0.24 (129 bytes) @ 0x00007b1543080f98 [0x00007b15430807a0+0x00000000000007f8]
j  java.awt.Window.dispatchEventImpl(Ljava/awt/AWTEvent;)V+19 java.desktop@11.0.24
J 12109 c2 java.awt.EventQueue$4.run()Ljava/lang/Object; java.desktop@11.0.24 (5 bytes) @ 0x00007b15430ba7f0 [0x00007b15430ba600+0x00000000000001f0]
v  ~StubRoutines::call_stub
V  [libjvm.so+0x8e224b]  JavaCalls::call_helper(JavaValue*, methodHandle const&, JavaCallArguments*, Thread*)+0x39b
V  [libjvm.so+0x99ac04]  JVM_DoPrivileged+0x534
J 2914  java.security.AccessController.doPrivileged(Ljava/security/PrivilegedAction;Ljava/security/AccessControlContext;)Ljava/lang/Object; java.base@11.0.24 (0 bytes) @ 0x00007b1542a6ac28 [0x00007b1542a6ab40+0x00000000000000e8]
J 3687 c1 java.awt.EventQueue$5.run()Ljava/lang/Void; java.desktop@11.0.24 (19 bytes) @ 0x00007b153baab04c [0x00007b153baaad40+0x000000000000030c]
j  java.awt.EventQueue$5.run()Ljava/lang/Object;+1 java.desktop@11.0.24
v  ~StubRoutines::call_stub
V  [libjvm.so+0x8e224b]  JavaCalls::call_helper(JavaValue*, methodHandle const&, JavaCallArguments*, Thread*)+0x39b
V  [libjvm.so+0x99ac04]  JVM_DoPrivileged+0x534
J 2914  java.security.AccessController.doPrivileged(Ljava/security/PrivilegedAction;Ljava/security/AccessControlContext;)Ljava/lang/Object; java.base@11.0.24 (0 bytes) @ 0x00007b1542a6ac28 [0x00007b1542a6ab40+0x00000000000000e8]
J 11724 c2 java.awt.EventQueue.dispatchEvent(Ljava/awt/AWTEvent;)V java.desktop@11.0.24 (80 bytes) @ 0x00007b1543711160 [0x00007b1543710ce0+0x0000000000000480]
J 12107 c2 java.awt.EventDispatchThread.pumpOneEventForFilters(I)V java.desktop@11.0.24 (113 bytes) @ 0x00007b15430bc820 [0x00007b15430bc4e0+0x0000000000000340]
j  java.awt.EventDispatchThread.pumpEventsForFilter(ILjava/awt/Conditional;Ljava/awt/EventFilter;)V+35 java.desktop@11.0.24
j  java.awt.EventDispatchThread.pumpEventsForHierarchy(ILjava/awt/Conditional;Ljava/awt/Component;)V+11 java.desktop@11.0.24
j  java.awt.EventDispatchThread.pumpEvents(ILjava/awt/Conditional;)V+4 java.desktop@11.0.24
j  java.awt.EventDispatchThread.pumpEvents(Ljava/awt/Conditional;)V+3 java.desktop@11.0.24
j  java.awt.EventDispatchThread.run()V+9 java.desktop@11.0.24
v  ~StubRoutines::call_stub
V  [libjvm.so+0x8e224b]  JavaCalls::call_helper(JavaValue*, methodHandle const&, JavaCallArguments*, Thread*)+0x39b
V  [libjvm.so+0x8e020d]  JavaCalls::call_virtual(JavaValue*, Handle, Klass*, Symbol*, Symbol*, Thread*)+0x1ed
V  [libjvm.so+0x98ebfc]  thread_entry(JavaThread*, Thread*)+0x6c
V  [libjvm.so+0xee236a]  JavaThread::thread_main_inner()+0x1ba
V  [libjvm.so+0xedefaf]  Thread::call_run()+0x14f
V  [libjvm.so+0xc7d336]  thread_native_entry(Thread*)+0xe6


siginfo: si_signo: 11 (SIGSEGV), si_code: 1 (SEGV_MAPERR), si_addr: 0x000000000003d8b4

Register to memory mapping:

RAX={method} {0x00007b1538607820} 'substring' '(II)Ljava/lang/String;' in 'java/lang/String'
RBX={method} {0x00007b1538607820} 'substring' '(II)Ljava/lang/String;' in 'java/lang/String'
RCX=0x000000000c6dab80 is an unknown value
RDX=0x000000000ef9a9c0 is an unknown value
RSP=0x00007b1519cfe0b0 is pointing into the stack for thread: 0x00007b15555f1000
RBP=0x00007b1519cfe198 is pointing into the stack for thread: 0x00007b15555f1000
RSI=0x00007b1519cfe1b8 is pointing into the stack for thread: 0x00007b15555f1000
RDI=0x0 is NULL
R8 ={method} {0x00007b1538798568} 'println' '(Ljava/lang/String;)V' in 'java/io/PrintStream'
R9 =0x0000000000000006 is an unknown value
R10=0x0000000000007b15 is an unknown value
R11=0x00007b1542b5fc00 is at entry_point+32 in (nmethod*)0x00007b1542b5fa10
R12=0x0 is NULL
R13=0x00007b1519cfe138 is pointing into the stack for thread: 0x00007b15555f1000
R14=0x00007b1519cfe1b8 is pointing into the stack for thread: 0x00007b15555f1000
R15=0x00007b15555f1000 is a thread


Registers:
RAX=0x00007b1538607820, RBX=0x00007b1538607820, RCX=0x000000000c6dab80, RDX=0x000000000ef9a9c0
RSP=0x00007b1519cfe0b0, RBP=0x00007b1519cfe198, RSI=0x00007b1519cfe1b8, RDI=0x0000000000000000
R8 =0x00007b1538798568, R9 =0x0000000000000006, R10=0x0000000000007b15, R11=0x00007b1542b5fc00
R12=0x0000000000000000, R13=0x00007b1519cfe138, R14=0x00007b1519cfe1b8, R15=0x00007b15555f1000
RIP=0x00007b1542b5fc1e, EFLAGS=0x0000000000010202, CSGSFS=0x002b000000000033, ERR=0x0000000000000004
  TRAPNO=0x000000000000000e

Top of Stack: (sp=0x00007b1519cfe0b0)
0x00007b1519cfe0b0:   00007b1519cfe1a8 0c6dab803ae278d2
0x00007b1519cfe0c0:   00007b153ae08b10 000000e700000000
0x00007b1519cfe0d0:   00007b1519cfe200 00007b1519cfe1a8
0x00007b1519cfe0e0:   0000000800022df0 0000000800001808 

Instructions: (pc=0x00007b1542b5fc1e)
0x00007b1542b5fb1e:   00 00 70 0f 00 00 ff ff ff ff d0 01 00 00 70 0f
0x00007b1542b5fb2e:   00 00 88 0f 00 00 88 0f 00 00 00 00 00 00 b0 12
0x00007b1542b5fb3e:   00 00 c0 13 00 00 d8 13 00 00 68 14 00 00 78 14
0x00007b1542b5fb4e:   00 00 60 00 00 00 36 12 00 00 04 00 00 00 00 00
0x00007b1542b5fb5e:   00 00 00 00 00 00 02 00 00 00 00 00 00 00 00 00
0x00007b1542b5fb6e:   00 00 00 00 00 00 00 00 00 00 da 01 00 00 ff ff
0x00007b1542b5fb7e:   ff ff ff ff ff ff 00 00 00 00 17 60 01 f0 93 cc
0x00007b1542b5fb8e:   02 f0 76 cc 01 f0 59 cd 02 f0 be cc 01 f0 1a cd
0x00007b1542b5fb9e:   01 f0 5a cc 02 f0 83 cc 4f b1 ed c0 0d 64 93 c0
0x00007b1542b5fbae:   15 64 a1 c0 17 64 56 c0 4e 64 5f c0 0d 64 7b c0
0x00007b1542b5fbbe:   41 64 80 64 1c 64 2c 64 18 64 4c 64 74 64 98 64
0x00007b1542b5fbce:   7c 64 1c 64 20 64 0d 00 00 64 0f 64 00 00 00 00
0x00007b1542b5fbde:   00 00 44 8b 56 08 49 bc 00 00 00 00 08 00 00 00
0x00007b1542b5fbee:   4d 03 d4 4d 33 e4 49 3b c2 0f 85 83 b4 2e f8 66
0x00007b1542b5fbfe:   66 90 89 84 24 00 c0 fe ff 55 48 83 ec 70 89 4c
0x00007b1542b5fc0e:   24 0c c4 e1 f9 6e de 44 8b 56 0c c4 c1 79 6e c2
0x00007b1542b5fc1e:   47 8b 5c d4 0c c4 c1 79 6e cb 0f be 5e 14 45 8b
0x00007b1542b5fc2e:   d3 8b cb 41 d3 fa 44 89 54 24 18 85 d2 0f 8c c7
0x00007b1542b5fc3e:   0a 00 00 3b 54 24 0c 0f 8f d9 0a 00 00 44 8b 5c
0x00007b1542b5fc4e:   24 0c 45 3b da 0f 8f f7 0a 00 00 85 d2 75 10 44
0x00007b1542b5fc5e:   3b 5c 24 18 0f 84 f9 05 00 00 45 33 d2 eb 03 44
0x00007b1542b5fc6e:   8b d2 45 8b f3 44 2b f2 c4 c1 79 7e c0 4f 8d 1c
0x00007b1542b5fc7e:   c4 c4 c1 f9 6e d3 49 63 ce 49 63 ee 41 bb 08 18
0x00007b1542b5fc8e:   00 00 49 b9 00 00 00 00 08 00 00 00 4d 03 cb 85
0x00007b1542b5fc9e:   db 0f 84 b2 03 00 00 41 81 fe 00 00 10 00 0f 87
0x00007b1542b5fcae:   b6 0a 00 00 41 81 fe 00 00 10 00 0f 87 9b 07 00
0x00007b1542b5fcbe:   00 49 8b af 18 01 00 00 48 83 c1 17 48 83 e1 f8
0x00007b1542b5fcce:   4c 8b dd 4c 03 d9 4d 3b 9f 28 01 00 00 0f 83 79
0x00007b1542b5fcde:   07 00 00 4d 89 9f 18 01 00 00 41 0f 0d 8b c0 00
0x00007b1542b5fcee:   00 00 48 c7 45 00 01 00 00 00 41 0f 0d 8b 00 01
0x00007b1542b5fcfe:   00 00 c7 45 08 20 08 00 00 44 89 75 0c 41 0f 0d
0x00007b1542b5fd0e:   8b 40 01 00 00 41 0f 0d 8b 80 01 00 00 45 8b da 


Stack slot to memory mapping:
stack at sp + 0 slots: 0x00007b1519cfe1a8 is pointing into the stack for thread: 0x00007b15555f1000
stack at sp + 1 slots: 0x0c6dab803ae278d2 is an unknown value
stack at sp + 2 slots: 0x00007b153ae08b10 is at code_begin+-112 in 
[CodeBlob (0x00007b153ae08b10)]
Framesize: 0
BufferBlob (0x00007b153ae08b10) used for Interpreter
stack at sp + 3 slots: 0x000000e700000000 is an unknown value
stack at sp + 4 slots: 0x00007b1519cfe200 is pointing into the stack for thread: 0x00007b15555f1000
stack at sp + 5 slots: 0x00007b1519cfe1a8 is pointing into the stack for thread: 0x00007b15555f1000
stack at sp + 6 slots: 0x0000000800022df0 is a pointer to class: 
java.io.PrintStream {0x0000000800022df0}
 - instance size:     5
 - klass size:        118
 - access:            public synchronized 
 - state:             fully_initialized
 - name:              'java/io/PrintStream'
 - super:             'java/io/FilterOutputStream'
 - sub:               
 - arrays:            NULL
 - methods:           Array<T>(0x00007b1538795e28)
 - method ordering:   Array<T>(0x00007b1538799988)
 - default_methods:   Array<T>(0x0000000000000000)
 - local interfaces:  Array<T>(0x00007b1538795dc0)
 - trans. interfaces: Array<T>(0x00007b1538799960)
 - constants:         constant pool [334] {0x00007b1538795238} for 'java/io/PrintStream' cache=0x00007b1538799c58
 - class loader data:  loader data: 0x00007b155424ef90 of 'bootstrap'
 - host class:        NULL
 - source file:       'PrintStream.java'
 - class annotations:       Array<T>(0x0000000000000000)
 - class type annotations:  Array<T>(0x0000000000000000)
 - field annotations:       Array<T>(0x0000000000000000)
 - field type annotations:  Array<T>(0x0000000000000000)
 - inner classes:     Array<T>(0x00007b1538798f90)
 - nest members:     Array<T>(0x00007b1538600070)
 - java mirror:       a 'java/lang/Class'{0x000000060c6d2bf0} = 'java/io/PrintStream'
 - vtable length      42  (start addr: 0x0000000800022fc0)
 - itable length      16 (start addr: 0x0000000800023110)
 - ---- static fields (0 words):
 - ---- non-static fields (7 words):
 - private volatile 'closed' 'Z' @12 
 - protected 'out' 'Ljava/io/OutputStream;' @16 
 - private final 'closeLock' 'Ljava/lang/Object;' @20 
 - private final 'autoFlush' 'Z' @24 
 - private 'trouble' 'Z' @25 
 - private 'closing' 'Z' @26 
 - private 'formatter' 'Ljava/util/Formatter;' @28 
 - private 'textOut' 'Ljava/io/BufferedWriter;' @32 
 - private 'charOut' 'Ljava/io/OutputStreamWriter;' @36 
 - non-static oop maps: 16-20 28-36 
stack at sp + 7 slots: 0x0000000800001808 is a pointer to class: 
java.lang.String {0x0000000800001808}
 - instance size:     3
 - klass size:        77
 - access:            public final synchronized 
 - state:             fully_initialized
 - name:              'java/lang/String'
 - super:             'java/lang/Object'
 - sub:               
 - arrays:            'java/lang/String'[]
 - methods:           Array<T>(0x00007b1538604118)
 - method ordering:   Array<T>(0x00007b153860aaa8)
 - default_methods:   Array<T>(0x0000000000000000)
 - local interfaces:  Array<T>(0x00007b15386030b0)
 - trans. interfaces: Array<T>(0x00007b15386030b0)
 - constants:         constant pool [878] {0x00007b1538601348} for 'java/lang/String' cache=0x00007b153870af40
 - class loader data:  loader data: 0x00007b155424ef90 of 'bootstrap'
 - host class:        NULL
 - source file:       'String.java'
 - class annotations:       Array<T>(0x0000000000000000)
 - class type annotations:  Array<T>(0x0000000000000000)
 - field annotations:       Array<T>(0x00007b1538604050)
 - field type annotations:  Array<T>(0x0000000000000000)
 - generic signature: 'Ljava/lang/Object;Ljava/io/Serializable;Ljava/lang/Comparable<Ljava/lang/String;>;Ljava/lang/CharSequence;'
 - inner classes:     Array<T>(0x00007b153860aa30)
 - nest members:     Array<T>(0x00007b153860aa70)
 - java mirror:       a 'java/lang/Class'{0x000000060c6db618} = 'java/lang/String'
 - vtable length      5  (start addr: 0x00000008000019d8)
 - itable length      13 (start addr: 0x0000000800001a00)
 - ---- static fields (3 words):
 - private static final 'serialVersionUID' 'J' @120 
 - static final 'COMPACT_STRINGS' 'Z' @128 
 - private static final 'serialPersistentFields' '[Ljava/io/ObjectStreamField;' @112 
 - public static final strict 'CASE_INSENSITIVE_ORDER' 'Ljava/util/Comparator;' @116 
 - static final 'LATIN1' 'B' @129 
 - static final 'UTF16' 'B' @130 
 - ---- non-static fields (3 words):
 - private final synchronized 'value' '[B' @12 
 - private 'hash' 'I' @16 
 - private final 'coder' 'B' @20 
 - non-static oop maps: 12-12 



---------------  P R O C E S S  ---------------

Threads class SMR info:
_java_thread_list=0x00007b1499534bc0, length=20, elements={
0x00007b15542d7000, 0x00007b15542db000, 0x00007b15542f0000, 0x00007b15542f2000,
0x00007b15542f4000, 0x00007b15542f6000, 0x00007b15542f8000, 0x00007b15543a6000,
0x00007b1554454000, 0x00007b1554458000, 0x00007b14c8001800, 0x00007b1554984000,
0x00007b15549e8000, 0x00007b148c2f0800, 0x00007b15551ee800, 0x00007b155524c800,
0x00007b155594c000, 0x00007b155594f800, 0x00007b15555f1000, 0x00007b155402a800
}

Java Threads: ( => current thread )
  0x00007b15542d7000 JavaThread "Reference Handler" daemon [_thread_blocked, id=9469, stack(0x00007b1552700000,0x00007b1552800000)]
  0x00007b15542db000 JavaThread "Finalizer" daemon [_thread_blocked, id=9470, stack(0x00007b1538500000,0x00007b1538600000)]
  0x00007b15542f0000 JavaThread "Signal Dispatcher" daemon [_thread_blocked, id=9471, stack(0x00007b1538400000,0x00007b1538500000)]
  0x00007b15542f2000 JavaThread "Service Thread" daemon [_thread_blocked, id=9472, stack(0x00007b1538300000,0x00007b1538400000)]
  0x00007b15542f4000 JavaThread "C2 CompilerThread0" daemon [_thread_blocked, id=9473, stack(0x00007b1538200000,0x00007b1538300000)]
  0x00007b15542f6000 JavaThread "C1 CompilerThread0" daemon [_thread_blocked, id=9474, stack(0x00007b1538100000,0x00007b1538200000)]
  0x00007b15542f8000 JavaThread "Sweeper thread" daemon [_thread_blocked, id=9475, stack(0x00007b1538000000,0x00007b1538100000)]
  0x00007b15543a6000 JavaThread "Common-Cleaner" daemon [_thread_blocked, id=9476, stack(0x00007b1532f00000,0x00007b1533000000)]
  0x00007b1554454000 JavaThread "JDWP Transport Listener: dt_socket" daemon [_thread_blocked, id=9479, stack(0x00007b1521300000,0x00007b1521400000)]
  0x00007b1554458000 JavaThread "JDWP Event Helper Thread" daemon [_thread_blocked, id=9482, stack(0x00007b1520b00000,0x00007b1520c00000)]
  0x00007b14c8001800 JavaThread "JDWP Command Reader" daemon [_thread_in_native, id=9483, stack(0x00007b1520a00000,0x00007b1520b00000)]
  0x00007b1554984000 JavaThread "Java2D Disposer" daemon [_thread_blocked, id=9490, stack(0x00007b152b100000,0x00007b152b200000)]
  0x00007b15549e8000 JavaThread "AWT-XAWT" daemon [_thread_in_native, id=9491, stack(0x00007b151bdc6000,0x00007b151bec6000)]
  0x00007b148c2f0800 JavaThread "TimerQueue" daemon [_thread_blocked, id=9504, stack(0x00007b151a2ff000,0x00007b151a3ff000)]
  0x00007b15551ee800 JavaThread "Timer-0" daemon [_thread_blocked, id=9507, stack(0x00007b1518700000,0x00007b1518800000)]
  0x00007b155524c800 JavaThread "derby.rawStoreDaemon" daemon [_thread_blocked, id=9508, stack(0x00007b1518425000,0x00007b1518525000)]
  0x00007b155594c000 JavaThread "pool-1-thread-1" [_thread_in_native, id=9509, stack(0x00007b151b800000,0x00007b151b900000)]
  0x00007b155594f800 JavaThread "AWT-Shutdown" [_thread_blocked, id=9510, stack(0x00007b151b900000,0x00007b151ba00000)]
=>0x00007b15555f1000 JavaThread "AWT-EventQueue-0" [_thread_in_Java, id=9511, stack(0x00007b1519c03000,0x00007b1519d03000)]
  0x00007b155402a800 JavaThread "DestroyJavaVM" [_thread_blocked, id=9462, stack(0x00007b155afe2000,0x00007b155b0e2000)]

Other Threads:
  0x00007b15542ce800 VMThread "VM Thread" [stack: 0x00007b1552afe000,0x00007b1552bfe000] [id=9468]
  0x00007b1554832800 WatcherThread [stack: 0x00007b1520900000,0x00007b1520a00000] [id=9486]
  0x00007b1554044000 GCTaskThread "GC Thread#0" [stack: 0x00007b155a700000,0x00007b155a800000] [id=9463]
  0x00007b1504019000 GCTaskThread "GC Thread#1" [stack: 0x00007b151b700000,0x00007b151b800000] [id=9495]
  0x00007b150401a800 GCTaskThread "GC Thread#2" [stack: 0x00007b151b300000,0x00007b151b400000] [id=9496]
  0x00007b150401c800 GCTaskThread "GC Thread#3" [stack: 0x00007b151b1ff000,0x00007b151b2ff000] [id=9497]
  0x00007b150401e000 GCTaskThread "GC Thread#4" [stack: 0x00007b151b0fe000,0x00007b151b1fe000] [id=9498]
  0x00007b150401f800 GCTaskThread "GC Thread#5" [stack: 0x00007b151ad00000,0x00007b151ae00000] [id=9499]
  0x00007b1504021000 GCTaskThread "GC Thread#6" [stack: 0x00007b151abff000,0x00007b151acff000] [id=9500]
  0x00007b1504022800 GCTaskThread "GC Thread#7" [stack: 0x00007b151aafe000,0x00007b151abfe000] [id=9501]
  0x00007b155407e800 ConcurrentGCThread "G1 Main Marker" [stack: 0x00007b15580fd000,0x00007b15581fd000] [id=9464]
  0x00007b1554080800 ConcurrentGCThread "G1 Conc#0" [stack: 0x00007b1553f00000,0x00007b1554000000] [id=9465]
  0x00007b151c001000 ConcurrentGCThread "G1 Conc#1" [stack: 0x00007b151a500000,0x00007b151a600000] [id=9502]
  0x00007b1554202000 ConcurrentGCThread "G1 Refine#0" [stack: 0x00007b1552d00000,0x00007b1552e00000] [id=9466]
  0x00007b1510001000 ConcurrentGCThread "G1 Refine#1" [stack: 0x00007b1519300000,0x00007b1519400000] [id=9520]
  0x00007b145402b800 ConcurrentGCThread "G1 Refine#2" [stack: 0x00007b1518100000,0x00007b1518200000] [id=9521]
  0x00007b1430001000 ConcurrentGCThread "G1 Refine#3" [stack: 0x00007b150ff00000,0x00007b1510000000] [id=9522]
  0x00007b142c001000 ConcurrentGCThread "G1 Refine#4" [stack: 0x00007b150f500000,0x00007b150f600000] [id=9523]
  0x00007b1424001000 ConcurrentGCThread "G1 Refine#5" [stack: 0x00007b150f3ff000,0x00007b150f4ff000] [id=9524]
  0x00007b1554204000 ConcurrentGCThread "G1 Young RemSet Sampling" [stack: 0x00007b1552bff000,0x00007b1552cff000] [id=9467]

Threads with active compile tasks:

VM state:not at safepoint (normal execution)

VM Mutex/Monitor currently owned by a thread: None

Heap address: 0x000000060c600000, size: 7994 MB, Compressed Oops mode: Zero based, Oop shift amount: 3
Narrow klass base: 0x0000000800000000, Narrow klass shift: 0
Compressed class space size: 1073741824 Address: 0x0000000800000000

Heap:
 garbage-first heap   total 737280K, used 154439K [0x000000060c600000, 0x0000000800000000)
  region size 2048K, 33 young (67584K), 1 survivors (2048K)
 Metaspace       used 55323K, capacity 57218K, committed 57472K, reserved 1099776K
  class space    used 5472K, capacity 6680K, committed 6784K, reserved 1048576K
Heap Regions: E=young(eden), S=young(survivor), O=old, HS=humongous(starts), HC=humongous(continues), CS=collection set, F=free, A=archive, TAMS=top-at-mark-start (previous, next)
|   0|0x000000060c600000, 0x000000060c800000, 0x000000060c800000|100%| O|  |TAMS 0x000000060c800000, 0x000000060c600000| Untracked 
|   1|0x000000060c800000, 0x000000060ca00000, 0x000000060ca00000|100%|HS|  |TAMS 0x000000060ca00000, 0x000000060c800000| Complete 
|   2|0x000000060ca00000, 0x000000060cc00000, 0x000000060cc00000|100%| O|  |TAMS 0x000000060cc00000, 0x000000060ca00000| Untracked 
|   3|0x000000060cc00000, 0x000000060ce00000, 0x000000060ce00000|100%| O|  |TAMS 0x000000060cd5f000, 0x000000060cc00000| Untracked 
|   4|0x000000060ce00000, 0x000000060d000000, 0x000000060d000000|100%| O|  |TAMS 0x000000060ce00000, 0x000000060ce00000| Untracked 
|   5|0x000000060d000000, 0x000000060d200000, 0x000000060d200000|100%| O|  |TAMS 0x000000060d000000, 0x000000060d000000| Untracked 
|   6|0x000000060d200000, 0x000000060d400000, 0x000000060d400000|100%| O|  |TAMS 0x000000060d200000, 0x000000060d200000| Untracked 
|   7|0x000000060d400000, 0x000000060d600000, 0x000000060d600000|100%| O|  |TAMS 0x000000060d400000, 0x000000060d400000| Untracked 
|   8|0x000000060d600000, 0x000000060d800000, 0x000000060d800000|100%| O|  |TAMS 0x000000060d600000, 0x000000060d600000| Untracked 
|   9|0x000000060d800000, 0x000000060da00000, 0x000000060da00000|100%| O|  |TAMS 0x000000060d800000, 0x000000060d800000| Untracked 
|  10|0x000000060da00000, 0x000000060dc00000, 0x000000060dc00000|100%| O|  |TAMS 0x000000060da00000, 0x000000060da00000| Untracked 
|  11|0x000000060dc00000, 0x000000060de00000, 0x000000060de00000|100%| O|  |TAMS 0x000000060dc00000, 0x000000060dc00000| Untracked 
|  12|0x000000060de00000, 0x000000060e000000, 0x000000060e000000|100%| O|  |TAMS 0x000000060de00000, 0x000000060de00000| Untracked 
|  13|0x000000060e000000, 0x000000060e200000, 0x000000060e200000|100%| O|  |TAMS 0x000000060e000000, 0x000000060e000000| Untracked 
|  14|0x000000060e200000, 0x000000060e400000, 0x000000060e400000|100%| O|  |TAMS 0x000000060e200000, 0x000000060e200000| Untracked 
|  15|0x000000060e400000, 0x000000060e600000, 0x000000060e600000|100%| O|  |TAMS 0x000000060e400000, 0x000000060e400000| Untracked 
|  16|0x000000060e600000, 0x000000060e800000, 0x000000060e800000|100%| O|  |TAMS 0x000000060e600000, 0x000000060e600000| Untracked 
|  17|0x000000060e800000, 0x000000060ea00000, 0x000000060ea00000|100%| O|  |TAMS 0x000000060e800000, 0x000000060e800000| Untracked 
|  18|0x000000060ea00000, 0x000000060ec00000, 0x000000060ec00000|100%| O|  |TAMS 0x000000060ea00000, 0x000000060ea00000| Untracked 
|  19|0x000000060ec00000, 0x000000060ee00000, 0x000000060ee00000|100%| O|  |TAMS 0x000000060ec00000, 0x000000060ec00000| Untracked 
|  20|0x000000060ee00000, 0x000000060f000000, 0x000000060f000000|100%| O|  |TAMS 0x000000060ee00000, 0x000000060ee00000| Untracked 
|  21|0x000000060f000000, 0x000000060f200000, 0x000000060f200000|100%| O|  |TAMS 0x000000060f000000, 0x000000060f000000| Untracked 
|  22|0x000000060f200000, 0x000000060f400000, 0x000000060f400000|100%| O|  |TAMS 0x000000060f200000, 0x000000060f200000| Untracked 
|  23|0x000000060f400000, 0x000000060f600000, 0x000000060f600000|100%| O|  |TAMS 0x000000060f400000, 0x000000060f400000| Untracked 
|  24|0x000000060f600000, 0x000000060f800000, 0x000000060f800000|100%| O|  |TAMS 0x000000060f600000, 0x000000060f600000| Untracked 
|  25|0x000000060f800000, 0x000000060fa00000, 0x000000060fa00000|100%| O|  |TAMS 0x000000060f800000, 0x000000060f800000| Untracked 
|  26|0x000000060fa00000, 0x000000060fc00000, 0x000000060fc00000|100%| O|  |TAMS 0x000000060fa00000, 0x000000060fa00000| Untracked 
|  27|0x000000060fc00000, 0x000000060fc8d200, 0x000000060fe00000| 27%| O|  |TAMS 0x000000060fc00000, 0x000000060fc00000| Untracked 
|  28|0x000000060fe00000, 0x0000000610000000, 0x0000000610000000|100%| O|  |TAMS 0x000000060fe00000, 0x000000060fe00000| Untracked 
|  29|0x0000000610000000, 0x0000000610200000, 0x0000000610200000|100%| O|  |TAMS 0x0000000610000000, 0x0000000610000000| Untracked 
|  30|0x0000000610200000, 0x0000000610400000, 0x0000000610400000|100%|HS|  |TAMS 0x0000000610200000, 0x0000000610200000| Complete 
|  31|0x0000000610400000, 0x0000000610600000, 0x0000000610600000|100%|HC|  |TAMS 0x0000000610400000, 0x0000000610400000| Complete 
|  32|0x0000000610600000, 0x0000000610600000, 0x0000000610800000|  0%| F|  |TAMS 0x0000000610600000, 0x0000000610600000| Untracked 
|  33|0x0000000610800000, 0x0000000610800000, 0x0000000610a00000|  0%| F|  |TAMS 0x0000000610800000, 0x0000000610800000| Untracked 
|  34|0x0000000610a00000, 0x0000000610a00000, 0x0000000610c00000|  0%| F|  |TAMS 0x0000000610a00000, 0x0000000610a00000| Untracked 
|  35|0x0000000610c00000, 0x0000000610c00000, 0x0000000610e00000|  0%| F|  |TAMS 0x0000000610c00000, 0x0000000610c00000| Untracked 
|  36|0x0000000610e00000, 0x0000000610e00000, 0x0000000611000000|  0%| F|  |TAMS 0x0000000610e00000, 0x0000000610e00000| Untracked 
|  37|0x0000000611000000, 0x0000000611000000, 0x0000000611200000|  0%| F|  |TAMS 0x0000000611000000, 0x0000000611000000| Untracked 
|  38|0x0000000611200000, 0x0000000611200000, 0x0000000611400000|  0%| F|  |TAMS 0x0000000611200000, 0x0000000611200000| Untracked 
|  39|0x0000000611400000, 0x0000000611400000, 0x0000000611600000|  0%| F|  |TAMS 0x0000000611400000, 0x0000000611400000| Untracked 
|  40|0x0000000611600000, 0x0000000611600000, 0x0000000611800000|  0%| F|  |TAMS 0x0000000611600000, 0x0000000611600000| Untracked 
|  41|0x0000000611800000, 0x0000000611800000, 0x0000000611a00000|  0%| F|  |TAMS 0x0000000611800000, 0x0000000611800000| Untracked 
|  42|0x0000000611a00000, 0x0000000611c00000, 0x0000000611c00000|100%| O|  |TAMS 0x0000000611a00000, 0x0000000611a00000| Untracked 
|  43|0x0000000611c00000, 0x0000000611e00000, 0x0000000611e00000|100%| O|  |TAMS 0x0000000611c00000, 0x0000000611c00000| Untracked 
|  44|0x0000000611e00000, 0x0000000612000000, 0x0000000612000000|100%| O|  |TAMS 0x0000000611e00000, 0x0000000611e00000| Untracked 
|  45|0x0000000612000000, 0x0000000612200000, 0x0000000612200000|100%| O|  |TAMS 0x0000000612000000, 0x0000000612000000| Untracked 
|  46|0x0000000612200000, 0x0000000612200000, 0x0000000612400000|  0%| F|  |TAMS 0x0000000612200000, 0x0000000612200000| Untracked 
|  47|0x0000000612400000, 0x0000000612400000, 0x0000000612600000|  0%| F|  |TAMS 0x0000000612400000, 0x0000000612400000| Untracked 
|  48|0x0000000612600000, 0x0000000612600000, 0x0000000612800000|  0%| F|  |TAMS 0x0000000612600000, 0x0000000612600000| Untracked 
|  49|0x0000000612800000, 0x0000000612a00000, 0x0000000612a00000|100%|HS|  |TAMS 0x0000000612800000, 0x0000000612800000| Complete 
|  50|0x0000000612a00000, 0x0000000612c00000, 0x0000000612c00000|100%|HC|  |TAMS 0x0000000612a00000, 0x0000000612a00000| Complete 
|  51|0x0000000612c00000, 0x0000000612e00000, 0x0000000612e00000|100%|HC|  |TAMS 0x0000000612c00000, 0x0000000612c00000| Complete 
|  52|0x0000000612e00000, 0x0000000612e00000, 0x0000000613000000|  0%| F|  |TAMS 0x0000000612e00000, 0x0000000612e00000| Untracked 
|  53|0x0000000613000000, 0x0000000613000000, 0x0000000613200000|  0%| F|  |TAMS 0x0000000613000000, 0x0000000613000000| Untracked 
|  54|0x0000000613200000, 0x0000000613200000, 0x0000000613400000|  0%| F|  |TAMS 0x0000000613200000, 0x0000000613200000| Untracked 
|  55|0x0000000613400000, 0x0000000613600000, 0x0000000613600000|100%|HS|  |TAMS 0x0000000613400000, 0x0000000613400000| Complete 
|  56|0x0000000613600000, 0x0000000613800000, 0x0000000613800000|100%|HC|  |TAMS 0x0000000613600000, 0x0000000613600000| Complete 
|  57|0x0000000613800000, 0x0000000613a00000, 0x0000000613a00000|100%|HC|  |TAMS 0x0000000613800000, 0x0000000613800000| Complete 
|  58|0x0000000613a00000, 0x0000000613a00000, 0x0000000613c00000|  0%| F|  |TAMS 0x0000000613a00000, 0x0000000613a00000| Untracked 
|  59|0x0000000613c00000, 0x0000000613c00000, 0x0000000613e00000|  0%| F|  |TAMS 0x0000000613c00000, 0x0000000613c00000| Untracked 
|  60|0x0000000613e00000, 0x0000000613e00000, 0x0000000614000000|  0%| F|  |TAMS 0x0000000613e00000, 0x0000000613e00000| Untracked 
|  61|0x0000000614000000, 0x0000000614200000, 0x0000000614200000|100%|HS|  |TAMS 0x0000000614000000, 0x0000000614000000| Complete 
|  62|0x0000000614200000, 0x0000000614400000, 0x0000000614400000|100%|HC|  |TAMS 0x0000000614200000, 0x0000000614200000| Complete 
|  63|0x0000000614400000, 0x0000000614600000, 0x0000000614600000|100%|HC|  |TAMS 0x0000000614400000, 0x0000000614400000| Complete 
|  64|0x0000000614600000, 0x0000000614600000, 0x0000000614800000|  0%| F|  |TAMS 0x0000000614600000, 0x0000000614600000| Untracked 
|  65|0x0000000614800000, 0x0000000614800000, 0x0000000614a00000|  0%| F|  |TAMS 0x0000000614800000, 0x0000000614800000| Untracked 
|  66|0x0000000614a00000, 0x0000000614a00000, 0x0000000614c00000|  0%| F|  |TAMS 0x0000000614a00000, 0x0000000614a00000| Untracked 
|  67|0x0000000614c00000, 0x0000000614c00000, 0x0000000614e00000|  0%| F|  |TAMS 0x0000000614c00000, 0x0000000614c00000| Untracked 
|  68|0x0000000614e00000, 0x0000000614e00000, 0x0000000615000000|  0%| F|  |TAMS 0x0000000614e00000, 0x0000000614e00000| Untracked 
|  69|0x0000000615000000, 0x0000000615000000, 0x0000000615200000|  0%| F|  |TAMS 0x0000000615000000, 0x0000000615000000| Untracked 
|  70|0x0000000615200000, 0x0000000615200000, 0x0000000615400000|  0%| F|  |TAMS 0x0000000615200000, 0x0000000615200000| Untracked 
|  71|0x0000000615400000, 0x0000000615400000, 0x0000000615600000|  0%| F|  |TAMS 0x0000000615400000, 0x0000000615400000| Untracked 
|  72|0x0000000615600000, 0x0000000615600000, 0x0000000615800000|  0%| F|  |TAMS 0x0000000615600000, 0x0000000615600000| Untracked 
|  73|0x0000000615800000, 0x0000000615800000, 0x0000000615a00000|  0%| F|  |TAMS 0x0000000615800000, 0x0000000615800000| Untracked 
|  74|0x0000000615a00000, 0x0000000615a00000, 0x0000000615c00000|  0%| F|  |TAMS 0x0000000615a00000, 0x0000000615a00000| Untracked 
|  75|0x0000000615c00000, 0x0000000615c00000, 0x0000000615e00000|  0%| F|  |TAMS 0x0000000615c00000, 0x0000000615c00000| Untracked 
|  76|0x0000000615e00000, 0x0000000615e00000, 0x0000000616000000|  0%| F|  |TAMS 0x0000000615e00000, 0x0000000615e00000| Untracked 
|  77|0x0000000616000000, 0x0000000616000000, 0x0000000616200000|  0%| F|  |TAMS 0x0000000616000000, 0x0000000616000000| Untracked 
|  78|0x0000000616200000, 0x0000000616200000, 0x0000000616400000|  0%| F|  |TAMS 0x0000000616200000, 0x0000000616200000| Untracked 
|  79|0x0000000616400000, 0x0000000616400000, 0x0000000616600000|  0%| F|  |TAMS 0x0000000616400000, 0x0000000616400000| Untracked 
|  80|0x0000000616600000, 0x0000000616600000, 0x0000000616800000|  0%| F|  |TAMS 0x0000000616600000, 0x0000000616600000| Untracked 
|  81|0x0000000616800000, 0x0000000616800000, 0x0000000616a00000|  0%| F|  |TAMS 0x0000000616800000, 0x0000000616800000| Untracked 
|  82|0x0000000616a00000, 0x0000000616a00000, 0x0000000616c00000|  0%| F|  |TAMS 0x0000000616a00000, 0x0000000616a00000| Untracked 
|  83|0x0000000616c00000, 0x0000000616c00000, 0x0000000616e00000|  0%| F|  |TAMS 0x0000000616c00000, 0x0000000616c00000| Untracked 
|  84|0x0000000616e00000, 0x0000000616e00000, 0x0000000617000000|  0%| F|  |TAMS 0x0000000616e00000, 0x0000000616e00000| Untracked 
|  85|0x0000000617000000, 0x0000000617000000, 0x0000000617200000|  0%| F|  |TAMS 0x0000000617000000, 0x0000000617000000| Untracked 
|  86|0x0000000617200000, 0x0000000617200000, 0x0000000617400000|  0%| F|  |TAMS 0x0000000617200000, 0x0000000617200000| Untracked 
|  87|0x0000000617400000, 0x0000000617400000, 0x0000000617600000|  0%| F|  |TAMS 0x0000000617400000, 0x0000000617400000| Untracked 
|  88|0x0000000617600000, 0x0000000617600000, 0x0000000617800000|  0%| F|  |TAMS 0x0000000617600000, 0x0000000617600000| Untracked 
|  89|0x0000000617800000, 0x0000000617800000, 0x0000000617a00000|  0%| F|  |TAMS 0x0000000617800000, 0x0000000617800000| Untracked 
|  90|0x0000000617a00000, 0x0000000617a00000, 0x0000000617c00000|  0%| F|  |TAMS 0x0000000617a00000, 0x0000000617a00000| Untracked 
|  91|0x0000000617c00000, 0x0000000617c00000, 0x0000000617e00000|  0%| F|  |TAMS 0x0000000617c00000, 0x0000000617c00000| Untracked 
|  92|0x0000000617e00000, 0x0000000617e00000, 0x0000000618000000|  0%| F|  |TAMS 0x0000000617e00000, 0x0000000617e00000| Untracked 
|  93|0x0000000618000000, 0x0000000618000000, 0x0000000618200000|  0%| F|  |TAMS 0x0000000618000000, 0x0000000618000000| Untracked 
|  94|0x0000000618200000, 0x0000000618200000, 0x0000000618400000|  0%| F|  |TAMS 0x0000000618200000, 0x0000000618200000| Untracked 
|  95|0x0000000618400000, 0x0000000618400000, 0x0000000618600000|  0%| F|  |TAMS 0x0000000618400000, 0x0000000618400000| Untracked 
|  96|0x0000000618600000, 0x0000000618600000, 0x0000000618800000|  0%| F|  |TAMS 0x0000000618600000, 0x0000000618600000| Untracked 
|  97|0x0000000618800000, 0x0000000618800000, 0x0000000618a00000|  0%| F|  |TAMS 0x0000000618800000, 0x0000000618800000| Untracked 
|  98|0x0000000618a00000, 0x0000000618a00000, 0x0000000618c00000|  0%| F|  |TAMS 0x0000000618a00000, 0x0000000618a00000| Untracked 
|  99|0x0000000618c00000, 0x0000000618c00000, 0x0000000618e00000|  0%| F|  |TAMS 0x0000000618c00000, 0x0000000618c00000| Untracked 
| 100|0x0000000618e00000, 0x0000000618e00000, 0x0000000619000000|  0%| F|  |TAMS 0x0000000618e00000, 0x0000000618e00000| Untracked 
| 101|0x0000000619000000, 0x0000000619000000, 0x0000000619200000|  0%| F|  |TAMS 0x0000000619000000, 0x0000000619000000| Untracked 
| 102|0x0000000619200000, 0x0000000619200000, 0x0000000619400000|  0%| F|  |TAMS 0x0000000619200000, 0x0000000619200000| Untracked 
| 103|0x0000000619400000, 0x0000000619400000, 0x0000000619600000|  0%| F|  |TAMS 0x0000000619400000, 0x0000000619400000| Untracked 
| 104|0x0000000619600000, 0x0000000619600000, 0x0000000619800000|  0%| F|  |TAMS 0x0000000619600000, 0x0000000619600000| Untracked 
| 105|0x0000000619800000, 0x0000000619800000, 0x0000000619a00000|  0%| F|  |TAMS 0x0000000619800000, 0x0000000619800000| Untracked 
| 106|0x0000000619a00000, 0x0000000619a00000, 0x0000000619c00000|  0%| F|  |TAMS 0x0000000619a00000, 0x0000000619a00000| Untracked 
| 107|0x0000000619c00000, 0x0000000619c00000, 0x0000000619e00000|  0%| F|  |TAMS 0x0000000619c00000, 0x0000000619c00000| Untracked 
| 108|0x0000000619e00000, 0x0000000619e00000, 0x000000061a000000|  0%| F|  |TAMS 0x0000000619e00000, 0x0000000619e00000| Untracked 
| 109|0x000000061a000000, 0x000000061a000000, 0x000000061a200000|  0%| F|  |TAMS 0x000000061a000000, 0x000000061a000000| Untracked 
| 110|0x000000061a200000, 0x000000061a200000, 0x000000061a400000|  0%| F|  |TAMS 0x000000061a200000, 0x000000061a200000| Untracked 
| 111|0x000000061a400000, 0x000000061a400000, 0x000000061a600000|  0%| F|  |TAMS 0x000000061a400000, 0x000000061a400000| Untracked 
| 112|0x000000061a600000, 0x000000061a600000, 0x000000061a800000|  0%| F|  |TAMS 0x000000061a600000, 0x000000061a600000| Untracked 
| 113|0x000000061a800000, 0x000000061a800000, 0x000000061aa00000|  0%| F|  |TAMS 0x000000061a800000, 0x000000061a800000| Untracked 
| 114|0x000000061aa00000, 0x000000061aa00000, 0x000000061ac00000|  0%| F|  |TAMS 0x000000061aa00000, 0x000000061aa00000| Untracked 
| 115|0x000000061ac00000, 0x000000061ac00000, 0x000000061ae00000|  0%| F|  |TAMS 0x000000061ac00000, 0x000000061ac00000| Untracked 
| 116|0x000000061ae00000, 0x000000061ae00000, 0x000000061b000000|  0%| F|  |TAMS 0x000000061ae00000, 0x000000061ae00000| Untracked 
| 117|0x000000061b000000, 0x000000061b000000, 0x000000061b200000|  0%| F|  |TAMS 0x000000061b000000, 0x000000061b000000| Untracked 
| 118|0x000000061b200000, 0x000000061b200000, 0x000000061b400000|  0%| F|  |TAMS 0x000000061b200000, 0x000000061b200000| Untracked 
| 119|0x000000061b400000, 0x000000061b400000, 0x000000061b600000|  0%| F|  |TAMS 0x000000061b400000, 0x000000061b400000| Untracked 
| 120|0x000000061b600000, 0x000000061b600000, 0x000000061b800000|  0%| F|  |TAMS 0x000000061b600000, 0x000000061b600000| Untracked 
| 121|0x000000061b800000, 0x000000061b800000, 0x000000061ba00000|  0%| F|  |TAMS 0x000000061b800000, 0x000000061b800000| Untracked 
| 122|0x000000061ba00000, 0x000000061ba00000, 0x000000061bc00000|  0%| F|  |TAMS 0x000000061ba00000, 0x000000061ba00000| Untracked 
| 123|0x000000061bc00000, 0x000000061bc00000, 0x000000061be00000|  0%| F|  |TAMS 0x000000061bc00000, 0x000000061bc00000| Untracked 
| 124|0x000000061be00000, 0x000000061be00000, 0x000000061c000000|  0%| F|  |TAMS 0x000000061be00000, 0x000000061be00000| Untracked 
| 125|0x000000061c000000, 0x000000061c000000, 0x000000061c200000|  0%| F|  |TAMS 0x000000061c000000, 0x000000061c000000| Untracked 
| 126|0x000000061c200000, 0x000000061c200000, 0x000000061c400000|  0%| F|  |TAMS 0x000000061c200000, 0x000000061c200000| Untracked 
| 127|0x000000061c400000, 0x000000061c400000, 0x000000061c600000|  0%| F|  |TAMS 0x000000061c400000, 0x000000061c400000| Untracked 
| 128|0x000000061c600000, 0x000000061c600000, 0x000000061c800000|  0%| F|  |TAMS 0x000000061c600000, 0x000000061c600000| Untracked 
| 129|0x000000061c800000, 0x000000061c800000, 0x000000061ca00000|  0%| F|  |TAMS 0x000000061c800000, 0x000000061c800000| Untracked 
| 130|0x000000061ca00000, 0x000000061ca00000, 0x000000061cc00000|  0%| F|  |TAMS 0x000000061ca00000, 0x000000061ca00000| Untracked 
| 131|0x000000061cc00000, 0x000000061cc00000, 0x000000061ce00000|  0%| F|  |TAMS 0x000000061cc00000, 0x000000061cc00000| Untracked 
| 132|0x000000061ce00000, 0x000000061ce00000, 0x000000061d000000|  0%| F|  |TAMS 0x000000061ce00000, 0x000000061ce00000| Untracked 
| 133|0x000000061d000000, 0x000000061d000000, 0x000000061d200000|  0%| F|  |TAMS 0x000000061d000000, 0x000000061d000000| Untracked 
| 134|0x000000061d200000, 0x000000061d200000, 0x000000061d400000|  0%| F|  |TAMS 0x000000061d200000, 0x000000061d200000| Untracked 
| 135|0x000000061d400000, 0x000000061d400000, 0x000000061d600000|  0%| F|  |TAMS 0x000000061d400000, 0x000000061d400000| Untracked 
| 136|0x000000061d600000, 0x000000061d600000, 0x000000061d800000|  0%| F|  |TAMS 0x000000061d600000, 0x000000061d600000| Untracked 
| 137|0x000000061d800000, 0x000000061d800000, 0x000000061da00000|  0%| F|  |TAMS 0x000000061d800000, 0x000000061d800000| Untracked 
| 138|0x000000061da00000, 0x000000061da00000, 0x000000061dc00000|  0%| F|  |TAMS 0x000000061da00000, 0x000000061da00000| Untracked 
| 139|0x000000061dc00000, 0x000000061dc00000, 0x000000061de00000|  0%| F|  |TAMS 0x000000061dc00000, 0x000000061dc00000| Untracked 
| 140|0x000000061de00000, 0x000000061de00000, 0x000000061e000000|  0%| F|  |TAMS 0x000000061de00000, 0x000000061de00000| Untracked 
| 141|0x000000061e000000, 0x000000061e000000, 0x000000061e200000|  0%| F|  |TAMS 0x000000061e000000, 0x000000061e000000| Untracked 
| 142|0x000000061e200000, 0x000000061e200000, 0x000000061e400000|  0%| F|  |TAMS 0x000000061e200000, 0x000000061e200000| Untracked 
| 143|0x000000061e400000, 0x000000061e444d08, 0x000000061e600000| 13%| S|CS|TAMS 0x000000061e400000, 0x000000061e400000| Complete 
| 144|0x000000061e600000, 0x000000061e600000, 0x000000061e800000|  0%| F|  |TAMS 0x000000061e600000, 0x000000061e600000| Untracked 
| 145|0x000000061e800000, 0x000000061e800000, 0x000000061ea00000|  0%| F|  |TAMS 0x000000061e800000, 0x000000061e800000| Untracked 
| 146|0x000000061ea00000, 0x000000061ea00000, 0x000000061ec00000|  0%| F|  |TAMS 0x000000061ea00000, 0x000000061ea00000| Untracked 
| 147|0x000000061ec00000, 0x000000061ec00000, 0x000000061ee00000|  0%| F|  |TAMS 0x000000061ec00000, 0x000000061ec00000| Untracked 
| 148|0x000000061ee00000, 0x000000061ee00000, 0x000000061f000000|  0%| F|  |TAMS 0x000000061ee00000, 0x000000061ee00000| Untracked 
| 149|0x000000061f000000, 0x000000061f000000, 0x000000061f200000|  0%| F|  |TAMS 0x000000061f000000, 0x000000061f000000| Untracked 
| 150|0x000000061f200000, 0x000000061f200000, 0x000000061f400000|  0%| F|  |TAMS 0x000000061f200000, 0x000000061f200000| Untracked 
| 151|0x000000061f400000, 0x000000061f400000, 0x000000061f600000|  0%| F|  |TAMS 0x000000061f400000, 0x000000061f400000| Untracked 
| 152|0x000000061f600000, 0x000000061f600000, 0x000000061f800000|  0%| F|  |TAMS 0x000000061f600000, 0x000000061f600000| Untracked 
| 153|0x000000061f800000, 0x000000061f800000, 0x000000061fa00000|  0%| F|  |TAMS 0x000000061f800000, 0x000000061f800000| Untracked 
| 154|0x000000061fa00000, 0x000000061fa00000, 0x000000061fc00000|  0%| F|  |TAMS 0x000000061fa00000, 0x000000061fa00000| Untracked 
| 155|0x000000061fc00000, 0x000000061fc00000, 0x000000061fe00000|  0%| F|  |TAMS 0x000000061fc00000, 0x000000061fc00000| Untracked 
| 156|0x000000061fe00000, 0x000000061fe00000, 0x0000000620000000|  0%| F|  |TAMS 0x000000061fe00000, 0x000000061fe00000| Untracked 
| 157|0x0000000620000000, 0x0000000620000000, 0x0000000620200000|  0%| F|  |TAMS 0x0000000620000000, 0x0000000620000000| Untracked 
| 158|0x0000000620200000, 0x0000000620200000, 0x0000000620400000|  0%| F|  |TAMS 0x0000000620200000, 0x0000000620200000| Untracked 
| 159|0x0000000620400000, 0x0000000620400000, 0x0000000620600000|  0%| F|  |TAMS 0x0000000620400000, 0x0000000620400000| Untracked 
| 160|0x0000000620600000, 0x0000000620600000, 0x0000000620800000|  0%| F|  |TAMS 0x0000000620600000, 0x0000000620600000| Untracked 
| 161|0x0000000620800000, 0x0000000620800000, 0x0000000620a00000|  0%| F|  |TAMS 0x0000000620800000, 0x0000000620800000| Untracked 
| 162|0x0000000620a00000, 0x0000000620a00000, 0x0000000620c00000|  0%| F|  |TAMS 0x0000000620a00000, 0x0000000620a00000| Untracked 
| 163|0x0000000620c00000, 0x0000000620c00000, 0x0000000620e00000|  0%| F|  |TAMS 0x0000000620c00000, 0x0000000620c00000| Untracked 
| 164|0x0000000620e00000, 0x0000000620e00000, 0x0000000621000000|  0%| F|  |TAMS 0x0000000620e00000, 0x0000000620e00000| Untracked 
| 165|0x0000000621000000, 0x0000000621000000, 0x0000000621200000|  0%| F|  |TAMS 0x0000000621000000, 0x0000000621000000| Untracked 
| 166|0x0000000621200000, 0x0000000621200000, 0x0000000621400000|  0%| F|  |TAMS 0x0000000621200000, 0x0000000621200000| Untracked 
| 167|0x0000000621400000, 0x0000000621400000, 0x0000000621600000|  0%| F|  |TAMS 0x0000000621400000, 0x0000000621400000| Untracked 
| 168|0x0000000621600000, 0x0000000621600000, 0x0000000621800000|  0%| F|  |TAMS 0x0000000621600000, 0x0000000621600000| Untracked 
| 169|0x0000000621800000, 0x0000000621800000, 0x0000000621a00000|  0%| F|  |TAMS 0x0000000621800000, 0x0000000621800000| Untracked 
| 170|0x0000000621a00000, 0x0000000621a00000, 0x0000000621c00000|  0%| F|  |TAMS 0x0000000621a00000, 0x0000000621a00000| Untracked 
| 171|0x0000000621c00000, 0x0000000621c00000, 0x0000000621e00000|  0%| F|  |TAMS 0x0000000621c00000, 0x0000000621c00000| Untracked 
| 172|0x0000000621e00000, 0x0000000621e00000, 0x0000000622000000|  0%| F|  |TAMS 0x0000000621e00000, 0x0000000621e00000| Untracked 
| 173|0x0000000622000000, 0x0000000622000000, 0x0000000622200000|  0%| F|  |TAMS 0x0000000622000000, 0x0000000622000000| Untracked 
| 174|0x0000000622200000, 0x0000000622200000, 0x0000000622400000|  0%| F|  |TAMS 0x0000000622200000, 0x0000000622200000| Untracked 
| 175|0x0000000622400000, 0x0000000622400000, 0x0000000622600000|  0%| F|  |TAMS 0x0000000622400000, 0x0000000622400000| Untracked 
| 176|0x0000000622600000, 0x0000000622600000, 0x0000000622800000|  0%| F|  |TAMS 0x0000000622600000, 0x0000000622600000| Untracked 
| 177|0x0000000622800000, 0x0000000622800000, 0x0000000622a00000|  0%| F|  |TAMS 0x0000000622800000, 0x0000000622800000| Untracked 
| 178|0x0000000622a00000, 0x0000000622a00000, 0x0000000622c00000|  0%| F|  |TAMS 0x0000000622a00000, 0x0000000622a00000| Untracked 
| 179|0x0000000622c00000, 0x0000000622c00000, 0x0000000622e00000|  0%| F|  |TAMS 0x0000000622c00000, 0x0000000622c00000| Untracked 
| 180|0x0000000622e00000, 0x0000000622e00000, 0x0000000623000000|  0%| F|  |TAMS 0x0000000622e00000, 0x0000000622e00000| Untracked 
| 181|0x0000000623000000, 0x0000000623000000, 0x0000000623200000|  0%| F|  |TAMS 0x0000000623000000, 0x0000000623000000| Untracked 
| 182|0x0000000623200000, 0x0000000623200000, 0x0000000623400000|  0%| F|  |TAMS 0x0000000623200000, 0x0000000623200000| Untracked 
| 183|0x0000000623400000, 0x0000000623400000, 0x0000000623600000|  0%| F|  |TAMS 0x0000000623400000, 0x0000000623400000| Untracked 
| 184|0x0000000623600000, 0x0000000623600000, 0x0000000623800000|  0%| F|  |TAMS 0x0000000623600000, 0x0000000623600000| Untracked 
| 185|0x0000000623800000, 0x0000000623800000, 0x0000000623a00000|  0%| F|  |TAMS 0x0000000623800000, 0x0000000623800000| Untracked 
| 186|0x0000000623a00000, 0x0000000623a00000, 0x0000000623c00000|  0%| F|  |TAMS 0x0000000623a00000, 0x0000000623a00000| Untracked 
| 187|0x0000000623c00000, 0x0000000623c00000, 0x0000000623e00000|  0%| F|  |TAMS 0x0000000623c00000, 0x0000000623c00000| Untracked 
| 188|0x0000000623e00000, 0x0000000623e00000, 0x0000000624000000|  0%| F|  |TAMS 0x0000000623e00000, 0x0000000623e00000| Untracked 
| 189|0x0000000624000000, 0x0000000624000000, 0x0000000624200000|  0%| F|  |TAMS 0x0000000624000000, 0x0000000624000000| Untracked 
| 190|0x0000000624200000, 0x0000000624200000, 0x0000000624400000|  0%| F|  |TAMS 0x0000000624200000, 0x0000000624200000| Untracked 
| 191|0x0000000624400000, 0x0000000624400000, 0x0000000624600000|  0%| F|  |TAMS 0x0000000624400000, 0x0000000624400000| Untracked 
| 192|0x0000000624600000, 0x0000000624600000, 0x0000000624800000|  0%| F|  |TAMS 0x0000000624600000, 0x0000000624600000| Untracked 
| 193|0x0000000624800000, 0x0000000624800000, 0x0000000624a00000|  0%| F|  |TAMS 0x0000000624800000, 0x0000000624800000| Untracked 
| 194|0x0000000624a00000, 0x0000000624a00000, 0x0000000624c00000|  0%| F|  |TAMS 0x0000000624a00000, 0x0000000624a00000| Untracked 
| 195|0x0000000624c00000, 0x0000000624c00000, 0x0000000624e00000|  0%| F|  |TAMS 0x0000000624c00000, 0x0000000624c00000| Untracked 
| 196|0x0000000624e00000, 0x0000000624e00000, 0x0000000625000000|  0%| F|  |TAMS 0x0000000624e00000, 0x0000000624e00000| Untracked 
| 197|0x0000000625000000, 0x0000000625000000, 0x0000000625200000|  0%| F|  |TAMS 0x0000000625000000, 0x0000000625000000| Untracked 
| 198|0x0000000625200000, 0x0000000625200000, 0x0000000625400000|  0%| F|  |TAMS 0x0000000625200000, 0x0000000625200000| Untracked 
| 199|0x0000000625400000, 0x0000000625400000, 0x0000000625600000|  0%| F|  |TAMS 0x0000000625400000, 0x0000000625400000| Untracked 
| 200|0x0000000625600000, 0x0000000625600000, 0x0000000625800000|  0%| F|  |TAMS 0x0000000625600000, 0x0000000625600000| Untracked 
| 201|0x0000000625800000, 0x0000000625800000, 0x0000000625a00000|  0%| F|  |TAMS 0x0000000625800000, 0x0000000625800000| Untracked 
| 202|0x0000000625a00000, 0x0000000625a00000, 0x0000000625c00000|  0%| F|  |TAMS 0x0000000625a00000, 0x0000000625a00000| Untracked 
| 203|0x0000000625c00000, 0x0000000625c00000, 0x0000000625e00000|  0%| F|  |TAMS 0x0000000625c00000, 0x0000000625c00000| Untracked 
| 204|0x0000000625e00000, 0x0000000625e00000, 0x0000000626000000|  0%| F|  |TAMS 0x0000000625e00000, 0x0000000625e00000| Untracked 
| 205|0x0000000626000000, 0x0000000626000000, 0x0000000626200000|  0%| F|  |TAMS 0x0000000626000000, 0x0000000626000000| Untracked 
| 206|0x0000000626200000, 0x0000000626200000, 0x0000000626400000|  0%| F|  |TAMS 0x0000000626200000, 0x0000000626200000| Untracked 
| 207|0x0000000626400000, 0x0000000626400000, 0x0000000626600000|  0%| F|  |TAMS 0x0000000626400000, 0x0000000626400000| Untracked 
| 208|0x0000000626600000, 0x0000000626600000, 0x0000000626800000|  0%| F|  |TAMS 0x0000000626600000, 0x0000000626600000| Untracked 
| 209|0x0000000626800000, 0x0000000626800000, 0x0000000626a00000|  0%| F|  |TAMS 0x0000000626800000, 0x0000000626800000| Untracked 
| 210|0x0000000626a00000, 0x0000000626a00000, 0x0000000626c00000|  0%| F|  |TAMS 0x0000000626a00000, 0x0000000626a00000| Untracked 
| 211|0x0000000626c00000, 0x0000000626c00000, 0x0000000626e00000|  0%| F|  |TAMS 0x0000000626c00000, 0x0000000626c00000| Untracked 
| 212|0x0000000626e00000, 0x0000000626e00000, 0x0000000627000000|  0%| F|  |TAMS 0x0000000626e00000, 0x0000000626e00000| Untracked 
| 213|0x0000000627000000, 0x0000000627000000, 0x0000000627200000|  0%| F|  |TAMS 0x0000000627000000, 0x0000000627000000| Untracked 
| 214|0x0000000627200000, 0x0000000627200000, 0x0000000627400000|  0%| F|  |TAMS 0x0000000627200000, 0x0000000627200000| Untracked 
| 215|0x0000000627400000, 0x0000000627400000, 0x0000000627600000|  0%| F|  |TAMS 0x0000000627400000, 0x0000000627400000| Untracked 
| 216|0x0000000627600000, 0x0000000627600000, 0x0000000627800000|  0%| F|  |TAMS 0x0000000627600000, 0x0000000627600000| Untracked 
| 217|0x0000000627800000, 0x0000000627800000, 0x0000000627a00000|  0%| F|  |TAMS 0x0000000627800000, 0x0000000627800000| Untracked 
| 218|0x0000000627a00000, 0x0000000627a00000, 0x0000000627c00000|  0%| F|  |TAMS 0x0000000627a00000, 0x0000000627a00000| Untracked 
| 219|0x0000000627c00000, 0x0000000627c00000, 0x0000000627e00000|  0%| F|  |TAMS 0x0000000627c00000, 0x0000000627c00000| Untracked 
| 220|0x0000000627e00000, 0x0000000627e00000, 0x0000000628000000|  0%| F|  |TAMS 0x0000000627e00000, 0x0000000627e00000| Untracked 
| 221|0x0000000628000000, 0x0000000628000000, 0x0000000628200000|  0%| F|  |TAMS 0x0000000628000000, 0x0000000628000000| Untracked 
| 222|0x0000000628200000, 0x0000000628200000, 0x0000000628400000|  0%| F|  |TAMS 0x0000000628200000, 0x0000000628200000| Untracked 
| 223|0x0000000628400000, 0x0000000628400000, 0x0000000628600000|  0%| F|  |TAMS 0x0000000628400000, 0x0000000628400000| Untracked 
| 224|0x0000000628600000, 0x0000000628600000, 0x0000000628800000|  0%| F|  |TAMS 0x0000000628600000, 0x0000000628600000| Untracked 
| 225|0x0000000628800000, 0x0000000628800000, 0x0000000628a00000|  0%| F|  |TAMS 0x0000000628800000, 0x0000000628800000| Untracked 
| 226|0x0000000628a00000, 0x0000000628a00000, 0x0000000628c00000|  0%| F|  |TAMS 0x0000000628a00000, 0x0000000628a00000| Untracked 
| 227|0x0000000628c00000, 0x0000000628c00000, 0x0000000628e00000|  0%| F|  |TAMS 0x0000000628c00000, 0x0000000628c00000| Untracked 
| 228|0x0000000628e00000, 0x0000000628e00000, 0x0000000629000000|  0%| F|  |TAMS 0x0000000628e00000, 0x0000000628e00000| Untracked 
| 229|0x0000000629000000, 0x0000000629000000, 0x0000000629200000|  0%| F|  |TAMS 0x0000000629000000, 0x0000000629000000| Untracked 
| 230|0x0000000629200000, 0x0000000629200000, 0x0000000629400000|  0%| F|  |TAMS 0x0000000629200000, 0x0000000629200000| Untracked 
| 231|0x0000000629400000, 0x0000000629400000, 0x0000000629600000|  0%| F|  |TAMS 0x0000000629400000, 0x0000000629400000| Untracked 
| 232|0x0000000629600000, 0x0000000629600000, 0x0000000629800000|  0%| F|  |TAMS 0x0000000629600000, 0x0000000629600000| Untracked 
| 233|0x0000000629800000, 0x0000000629800000, 0x0000000629a00000|  0%| F|  |TAMS 0x0000000629800000, 0x0000000629800000| Untracked 
| 234|0x0000000629a00000, 0x0000000629a00000, 0x0000000629c00000|  0%| F|  |TAMS 0x0000000629a00000, 0x0000000629a00000| Untracked 
| 235|0x0000000629c00000, 0x0000000629c00000, 0x0000000629e00000|  0%| F|  |TAMS 0x0000000629c00000, 0x0000000629c00000| Untracked 
| 236|0x0000000629e00000, 0x0000000629e00000, 0x000000062a000000|  0%| F|  |TAMS 0x0000000629e00000, 0x0000000629e00000| Untracked 
| 237|0x000000062a000000, 0x000000062a000000, 0x000000062a200000|  0%| F|  |TAMS 0x000000062a000000, 0x000000062a000000| Untracked 
| 238|0x000000062a200000, 0x000000062a200000, 0x000000062a400000|  0%| F|  |TAMS 0x000000062a200000, 0x000000062a200000| Untracked 
| 239|0x000000062a400000, 0x000000062a400000, 0x000000062a600000|  0%| F|  |TAMS 0x000000062a400000, 0x000000062a400000| Untracked 
| 240|0x000000062a600000, 0x000000062a600000, 0x000000062a800000|  0%| F|  |TAMS 0x000000062a600000, 0x000000062a600000| Untracked 
| 241|0x000000062a800000, 0x000000062a800000, 0x000000062aa00000|  0%| F|  |TAMS 0x000000062a800000, 0x000000062a800000| Untracked 
| 242|0x000000062aa00000, 0x000000062aa00000, 0x000000062ac00000|  0%| F|  |TAMS 0x000000062aa00000, 0x000000062aa00000| Untracked 
| 243|0x000000062ac00000, 0x000000062ac00000, 0x000000062ae00000|  0%| F|  |TAMS 0x000000062ac00000, 0x000000062ac00000| Untracked 
| 244|0x000000062ae00000, 0x000000062ae00000, 0x000000062b000000|  0%| F|  |TAMS 0x000000062ae00000, 0x000000062ae00000| Untracked 
| 245|0x000000062b000000, 0x000000062b000000, 0x000000062b200000|  0%| F|  |TAMS 0x000000062b000000, 0x000000062b000000| Untracked 
| 246|0x000000062b200000, 0x000000062b200000, 0x000000062b400000|  0%| F|  |TAMS 0x000000062b200000, 0x000000062b200000| Untracked 
| 247|0x000000062b400000, 0x000000062b400000, 0x000000062b600000|  0%| F|  |TAMS 0x000000062b400000, 0x000000062b400000| Untracked 
| 248|0x000000062b600000, 0x000000062b600000, 0x000000062b800000|  0%| F|  |TAMS 0x000000062b600000, 0x000000062b600000| Untracked 
| 249|0x000000062b800000, 0x000000062b800000, 0x000000062ba00000|  0%| F|  |TAMS 0x000000062b800000, 0x000000062b800000| Untracked 
| 250|0x000000062ba00000, 0x000000062ba00000, 0x000000062bc00000|  0%| F|  |TAMS 0x000000062ba00000, 0x000000062ba00000| Untracked 
| 251|0x000000062bc00000, 0x000000062bc00000, 0x000000062be00000|  0%| F|  |TAMS 0x000000062bc00000, 0x000000062bc00000| Untracked 
| 252|0x000000062be00000, 0x000000062be00000, 0x000000062c000000|  0%| F|  |TAMS 0x000000062be00000, 0x000000062be00000| Untracked 
| 253|0x000000062c000000, 0x000000062c000000, 0x000000062c200000|  0%| F|  |TAMS 0x000000062c000000, 0x000000062c000000| Untracked 
| 254|0x000000062c200000, 0x000000062c200000, 0x000000062c400000|  0%| F|  |TAMS 0x000000062c200000, 0x000000062c200000| Untracked 
| 255|0x000000062c400000, 0x000000062c400000, 0x000000062c600000|  0%| F|  |TAMS 0x000000062c400000, 0x000000062c400000| Untracked 
| 256|0x000000062c600000, 0x000000062c600000, 0x000000062c800000|  0%| F|  |TAMS 0x000000062c600000, 0x000000062c600000| Untracked 
| 257|0x000000062c800000, 0x000000062c800000, 0x000000062ca00000|  0%| F|  |TAMS 0x000000062c800000, 0x000000062c800000| Untracked 
| 258|0x000000062ca00000, 0x000000062ca00000, 0x000000062cc00000|  0%| F|  |TAMS 0x000000062ca00000, 0x000000062ca00000| Untracked 
| 259|0x000000062cc00000, 0x000000062cc00000, 0x000000062ce00000|  0%| F|  |TAMS 0x000000062cc00000, 0x000000062cc00000| Untracked 
| 260|0x000000062ce00000, 0x000000062ce00000, 0x000000062d000000|  0%| F|  |TAMS 0x000000062ce00000, 0x000000062ce00000| Untracked 
| 261|0x000000062d000000, 0x000000062d000000, 0x000000062d200000|  0%| F|  |TAMS 0x000000062d000000, 0x000000062d000000| Untracked 
| 262|0x000000062d200000, 0x000000062d200000, 0x000000062d400000|  0%| F|  |TAMS 0x000000062d200000, 0x000000062d200000| Untracked 
| 263|0x000000062d400000, 0x000000062d400000, 0x000000062d600000|  0%| F|  |TAMS 0x000000062d400000, 0x000000062d400000| Untracked 
| 264|0x000000062d600000, 0x000000062d600000, 0x000000062d800000|  0%| F|  |TAMS 0x000000062d600000, 0x000000062d600000| Untracked 
| 265|0x000000062d800000, 0x000000062d800000, 0x000000062da00000|  0%| F|  |TAMS 0x000000062d800000, 0x000000062d800000| Untracked 
| 266|0x000000062da00000, 0x000000062da00000, 0x000000062dc00000|  0%| F|  |TAMS 0x000000062da00000, 0x000000062da00000| Untracked 
| 267|0x000000062dc00000, 0x000000062dc00000, 0x000000062de00000|  0%| F|  |TAMS 0x000000062dc00000, 0x000000062dc00000| Untracked 
| 268|0x000000062de00000, 0x000000062de00000, 0x000000062e000000|  0%| F|  |TAMS 0x000000062de00000, 0x000000062de00000| Untracked 
| 269|0x000000062e000000, 0x000000062e000000, 0x000000062e200000|  0%| F|  |TAMS 0x000000062e000000, 0x000000062e000000| Untracked 
| 270|0x000000062e200000, 0x000000062e200000, 0x000000062e400000|  0%| F|  |TAMS 0x000000062e200000, 0x000000062e200000| Untracked 
| 271|0x000000062e400000, 0x000000062e400000, 0x000000062e600000|  0%| F|  |TAMS 0x000000062e400000, 0x000000062e400000| Untracked 
| 272|0x000000062e600000, 0x000000062e600000, 0x000000062e800000|  0%| F|  |TAMS 0x000000062e600000, 0x000000062e600000| Untracked 
| 273|0x000000062e800000, 0x000000062e800000, 0x000000062ea00000|  0%| F|  |TAMS 0x000000062e800000, 0x000000062e800000| Untracked 
| 274|0x000000062ea00000, 0x000000062ea00000, 0x000000062ec00000|  0%| F|  |TAMS 0x000000062ea00000, 0x000000062ea00000| Untracked 
| 275|0x000000062ec00000, 0x000000062ec00000, 0x000000062ee00000|  0%| F|  |TAMS 0x000000062ec00000, 0x000000062ec00000| Untracked 
| 276|0x000000062ee00000, 0x000000062ee00000, 0x000000062f000000|  0%| F|  |TAMS 0x000000062ee00000, 0x000000062ee00000| Untracked 
| 277|0x000000062f000000, 0x000000062f000000, 0x000000062f200000|  0%| F|  |TAMS 0x000000062f000000, 0x000000062f000000| Untracked 
| 278|0x000000062f200000, 0x000000062f200000, 0x000000062f400000|  0%| F|  |TAMS 0x000000062f200000, 0x000000062f200000| Untracked 
| 279|0x000000062f400000, 0x000000062f400000, 0x000000062f600000|  0%| F|  |TAMS 0x000000062f400000, 0x000000062f400000| Untracked 
| 280|0x000000062f600000, 0x000000062f600000, 0x000000062f800000|  0%| F|  |TAMS 0x000000062f600000, 0x000000062f600000| Untracked 
| 281|0x000000062f800000, 0x000000062f800000, 0x000000062fa00000|  0%| F|  |TAMS 0x000000062f800000, 0x000000062f800000| Untracked 
| 282|0x000000062fa00000, 0x000000062fa00000, 0x000000062fc00000|  0%| F|  |TAMS 0x000000062fa00000, 0x000000062fa00000| Untracked 
| 283|0x000000062fc00000, 0x000000062fc00000, 0x000000062fe00000|  0%| F|  |TAMS 0x000000062fc00000, 0x000000062fc00000| Untracked 
| 284|0x000000062fe00000, 0x000000062fe00000, 0x0000000630000000|  0%| F|  |TAMS 0x000000062fe00000, 0x000000062fe00000| Untracked 
| 285|0x0000000630000000, 0x0000000630000000, 0x0000000630200000|  0%| F|  |TAMS 0x0000000630000000, 0x0000000630000000| Untracked 
| 286|0x0000000630200000, 0x0000000630200000, 0x0000000630400000|  0%| F|  |TAMS 0x0000000630200000, 0x0000000630200000| Untracked 
| 287|0x0000000630400000, 0x0000000630400000, 0x0000000630600000|  0%| F|  |TAMS 0x0000000630400000, 0x0000000630400000| Untracked 
| 288|0x0000000630600000, 0x0000000630600000, 0x0000000630800000|  0%| F|  |TAMS 0x0000000630600000, 0x0000000630600000| Untracked 
| 289|0x0000000630800000, 0x0000000630800000, 0x0000000630a00000|  0%| F|  |TAMS 0x0000000630800000, 0x0000000630800000| Untracked 
| 290|0x0000000630a00000, 0x0000000630a00000, 0x0000000630c00000|  0%| F|  |TAMS 0x0000000630a00000, 0x0000000630a00000| Untracked 
| 291|0x0000000630c00000, 0x0000000630c00000, 0x0000000630e00000|  0%| F|  |TAMS 0x0000000630c00000, 0x0000000630c00000| Untracked 
| 292|0x0000000630e00000, 0x0000000630e00000, 0x0000000631000000|  0%| F|  |TAMS 0x0000000630e00000, 0x0000000630e00000| Untracked 
| 293|0x0000000631000000, 0x0000000631000000, 0x0000000631200000|  0%| F|  |TAMS 0x0000000631000000, 0x0000000631000000| Untracked 
| 294|0x0000000631200000, 0x0000000631200000, 0x0000000631400000|  0%| F|  |TAMS 0x0000000631200000, 0x0000000631200000| Untracked 
| 295|0x0000000631400000, 0x0000000631400000, 0x0000000631600000|  0%| F|  |TAMS 0x0000000631400000, 0x0000000631400000| Untracked 
| 296|0x0000000631600000, 0x0000000631600000, 0x0000000631800000|  0%| F|  |TAMS 0x0000000631600000, 0x0000000631600000| Untracked 
| 297|0x0000000631800000, 0x0000000631800000, 0x0000000631a00000|  0%| F|  |TAMS 0x0000000631800000, 0x0000000631800000| Untracked 
| 298|0x0000000631a00000, 0x0000000631a00000, 0x0000000631c00000|  0%| F|  |TAMS 0x0000000631a00000, 0x0000000631a00000| Untracked 
| 299|0x0000000631c00000, 0x0000000631c00000, 0x0000000631e00000|  0%| F|  |TAMS 0x0000000631c00000, 0x0000000631c00000| Untracked 
| 300|0x0000000631e00000, 0x0000000631e00000, 0x0000000632000000|  0%| F|  |TAMS 0x0000000631e00000, 0x0000000631e00000| Untracked 
| 301|0x0000000632000000, 0x0000000632000000, 0x0000000632200000|  0%| F|  |TAMS 0x0000000632000000, 0x0000000632000000| Untracked 
| 302|0x0000000632200000, 0x0000000632200000, 0x0000000632400000|  0%| F|  |TAMS 0x0000000632200000, 0x0000000632200000| Untracked 
| 303|0x0000000632400000, 0x0000000632400000, 0x0000000632600000|  0%| F|  |TAMS 0x0000000632400000, 0x0000000632400000| Untracked 
| 304|0x0000000632600000, 0x0000000632600000, 0x0000000632800000|  0%| F|  |TAMS 0x0000000632600000, 0x0000000632600000| Untracked 
| 305|0x0000000632800000, 0x0000000632800000, 0x0000000632a00000|  0%| F|  |TAMS 0x0000000632800000, 0x0000000632800000| Untracked 
| 306|0x0000000632a00000, 0x0000000632a00000, 0x0000000632c00000|  0%| F|  |TAMS 0x0000000632a00000, 0x0000000632a00000| Untracked 
| 307|0x0000000632c00000, 0x0000000632c00000, 0x0000000632e00000|  0%| F|  |TAMS 0x0000000632c00000, 0x0000000632c00000| Untracked 
| 308|0x0000000632e00000, 0x0000000632e00000, 0x0000000633000000|  0%| F|  |TAMS 0x0000000632e00000, 0x0000000632e00000| Untracked 
| 309|0x0000000633000000, 0x0000000633000000, 0x0000000633200000|  0%| F|  |TAMS 0x0000000633000000, 0x0000000633000000| Untracked 
| 310|0x0000000633200000, 0x0000000633200000, 0x0000000633400000|  0%| F|  |TAMS 0x0000000633200000, 0x0000000633200000| Untracked 
| 311|0x0000000633400000, 0x0000000633400000, 0x0000000633600000|  0%| F|  |TAMS 0x0000000633400000, 0x0000000633400000| Untracked 
| 312|0x0000000633600000, 0x0000000633600000, 0x0000000633800000|  0%| F|  |TAMS 0x0000000633600000, 0x0000000633600000| Untracked 
| 313|0x0000000633800000, 0x0000000633800000, 0x0000000633a00000|  0%| F|  |TAMS 0x0000000633800000, 0x0000000633800000| Untracked 
| 314|0x0000000633a00000, 0x0000000633a00000, 0x0000000633c00000|  0%| F|  |TAMS 0x0000000633a00000, 0x0000000633a00000| Untracked 
| 315|0x0000000633c00000, 0x0000000633c00000, 0x0000000633e00000|  0%| F|  |TAMS 0x0000000633c00000, 0x0000000633c00000| Untracked 
| 316|0x0000000633e00000, 0x0000000633e00000, 0x0000000634000000|  0%| F|  |TAMS 0x0000000633e00000, 0x0000000633e00000| Untracked 
| 317|0x0000000634000000, 0x0000000634000000, 0x0000000634200000|  0%| F|  |TAMS 0x0000000634000000, 0x0000000634000000| Untracked 
| 318|0x0000000634200000, 0x0000000634200000, 0x0000000634400000|  0%| F|  |TAMS 0x0000000634200000, 0x0000000634200000| Untracked 
| 319|0x0000000634400000, 0x0000000634400000, 0x0000000634600000|  0%| F|  |TAMS 0x0000000634400000, 0x0000000634400000| Untracked 
| 320|0x0000000634600000, 0x0000000634600000, 0x0000000634800000|  0%| F|  |TAMS 0x0000000634600000, 0x0000000634600000| Untracked 
| 321|0x0000000634800000, 0x0000000634800000, 0x0000000634a00000|  0%| F|  |TAMS 0x0000000634800000, 0x0000000634800000| Untracked 
| 322|0x0000000634a00000, 0x0000000634a00000, 0x0000000634c00000|  0%| F|  |TAMS 0x0000000634a00000, 0x0000000634a00000| Untracked 
| 323|0x0000000634c00000, 0x0000000634c00000, 0x0000000634e00000|  0%| F|  |TAMS 0x0000000634c00000, 0x0000000634c00000| Untracked 
| 324|0x0000000634e00000, 0x0000000634e00000, 0x0000000635000000|  0%| F|  |TAMS 0x0000000634e00000, 0x0000000634e00000| Untracked 
| 325|0x0000000635000000, 0x0000000635000000, 0x0000000635200000|  0%| F|  |TAMS 0x0000000635000000, 0x0000000635000000| Untracked 
| 326|0x0000000635200000, 0x0000000635200000, 0x0000000635400000|  0%| F|  |TAMS 0x0000000635200000, 0x0000000635200000| Untracked 
| 327|0x0000000635400000, 0x0000000635400000, 0x0000000635600000|  0%| F|  |TAMS 0x0000000635400000, 0x0000000635400000| Untracked 
| 328|0x0000000635600000, 0x0000000635706b78, 0x0000000635800000| 51%| E|  |TAMS 0x0000000635600000, 0x0000000635600000| Complete 
| 329|0x0000000635800000, 0x0000000635a00000, 0x0000000635a00000|100%| E|CS|TAMS 0x0000000635800000, 0x0000000635800000| Complete 
| 330|0x0000000635a00000, 0x0000000635c00000, 0x0000000635c00000|100%| E|CS|TAMS 0x0000000635a00000, 0x0000000635a00000| Complete 
| 331|0x0000000635c00000, 0x0000000635e00000, 0x0000000635e00000|100%| E|CS|TAMS 0x0000000635c00000, 0x0000000635c00000| Complete 
| 332|0x0000000635e00000, 0x0000000636000000, 0x0000000636000000|100%| E|CS|TAMS 0x0000000635e00000, 0x0000000635e00000| Complete 
| 333|0x0000000636000000, 0x0000000636200000, 0x0000000636200000|100%| E|CS|TAMS 0x0000000636000000, 0x0000000636000000| Complete 
| 334|0x0000000636200000, 0x0000000636400000, 0x0000000636400000|100%| E|CS|TAMS 0x0000000636200000, 0x0000000636200000| Complete 
| 335|0x0000000636400000, 0x0000000636600000, 0x0000000636600000|100%| E|CS|TAMS 0x0000000636400000, 0x0000000636400000| Complete 
| 336|0x0000000636600000, 0x0000000636800000, 0x0000000636800000|100%| E|CS|TAMS 0x0000000636600000, 0x0000000636600000| Complete 
| 337|0x0000000636800000, 0x0000000636a00000, 0x0000000636a00000|100%| E|CS|TAMS 0x0000000636800000, 0x0000000636800000| Complete 
| 338|0x0000000636a00000, 0x0000000636c00000, 0x0000000636c00000|100%| E|CS|TAMS 0x0000000636a00000, 0x0000000636a00000| Complete 
| 339|0x0000000636c00000, 0x0000000636e00000, 0x0000000636e00000|100%| E|CS|TAMS 0x0000000636c00000, 0x0000000636c00000| Complete 
| 340|0x0000000636e00000, 0x0000000637000000, 0x0000000637000000|100%| E|CS|TAMS 0x0000000636e00000, 0x0000000636e00000| Complete 
| 341|0x0000000637000000, 0x0000000637200000, 0x0000000637200000|100%| E|CS|TAMS 0x0000000637000000, 0x0000000637000000| Complete 
| 342|0x0000000637200000, 0x0000000637400000, 0x0000000637400000|100%| E|CS|TAMS 0x0000000637200000, 0x0000000637200000| Complete 
| 343|0x0000000637400000, 0x0000000637600000, 0x0000000637600000|100%| E|CS|TAMS 0x0000000637400000, 0x0000000637400000| Complete 
| 344|0x0000000637600000, 0x0000000637800000, 0x0000000637800000|100%| E|CS|TAMS 0x0000000637600000, 0x0000000637600000| Complete 
| 345|0x0000000637800000, 0x0000000637a00000, 0x0000000637a00000|100%| E|CS|TAMS 0x0000000637800000, 0x0000000637800000| Complete 
| 346|0x0000000637a00000, 0x0000000637c00000, 0x0000000637c00000|100%| E|CS|TAMS 0x0000000637a00000, 0x0000000637a00000| Complete 
| 347|0x0000000637c00000, 0x0000000637e00000, 0x0000000637e00000|100%| E|CS|TAMS 0x0000000637c00000, 0x0000000637c00000| Complete 
| 348|0x0000000637e00000, 0x0000000638000000, 0x0000000638000000|100%| E|CS|TAMS 0x0000000637e00000, 0x0000000637e00000| Complete 
| 349|0x0000000638000000, 0x0000000638200000, 0x0000000638200000|100%| E|CS|TAMS 0x0000000638000000, 0x0000000638000000| Complete 
| 350|0x0000000638200000, 0x0000000638400000, 0x0000000638400000|100%| E|CS|TAMS 0x0000000638200000, 0x0000000638200000| Complete 
| 351|0x0000000638400000, 0x0000000638600000, 0x0000000638600000|100%| E|CS|TAMS 0x0000000638400000, 0x0000000638400000| Complete 
| 352|0x0000000638600000, 0x0000000638800000, 0x0000000638800000|100%| E|CS|TAMS 0x0000000638600000, 0x0000000638600000| Complete 
| 353|0x0000000638800000, 0x0000000638a00000, 0x0000000638a00000|100%| E|CS|TAMS 0x0000000638800000, 0x0000000638800000| Complete 
| 354|0x0000000638a00000, 0x0000000638c00000, 0x0000000638c00000|100%| E|CS|TAMS 0x0000000638a00000, 0x0000000638a00000| Complete 
| 355|0x0000000638c00000, 0x0000000638e00000, 0x0000000638e00000|100%| E|CS|TAMS 0x0000000638c00000, 0x0000000638c00000| Complete 
| 356|0x0000000638e00000, 0x0000000639000000, 0x0000000639000000|100%| E|CS|TAMS 0x0000000638e00000, 0x0000000638e00000| Complete 
| 357|0x0000000639000000, 0x0000000639200000, 0x0000000639200000|100%| E|CS|TAMS 0x0000000639000000, 0x0000000639000000| Complete 
| 358|0x0000000639200000, 0x0000000639400000, 0x0000000639400000|100%| E|CS|TAMS 0x0000000639200000, 0x0000000639200000| Complete 
| 359|0x0000000639400000, 0x0000000639600000, 0x0000000639600000|100%| E|CS|TAMS 0x0000000639400000, 0x0000000639400000| Complete 

Card table byte_map: [0x00007b1538e00000,0x00007b1539d9d000] _byte_map_base: 0x00007b1535d9d000

Marking Bits (Prev, Next): (CMBitMap*) 0x00007b155406e088, (CMBitMap*) 0x00007b155406e0c0
 Prev Bits: [0x00007b152b200000, 0x00007b1532ee8000)
 Next Bits: [0x00007b1523400000, 0x00007b152b0e8000)

Polling page: 0x00007b155b1e7000

Metaspace:

Usage:
  Non-class:     49.35 MB capacity,    48.68 MB ( 99%) used,   560.59 KB (  1%) free+waste,   125.94 KB ( <1%) overhead. 
      Class:      6.52 MB capacity,     5.34 MB ( 82%) used,     1.12 MB ( 17%) free+waste,    55.81 KB ( <1%) overhead. 
       Both:     55.88 MB capacity,    54.03 MB ( 97%) used,     1.67 MB (  3%) free+waste,   181.75 KB ( <1%) overhead. 

Virtual space:
  Non-class space:       50.00 MB reserved,      49.50 MB ( 99%) committed 
      Class space:        1.00 GB reserved,       6.62 MB ( <1%) committed 
             Both:        1.05 GB reserved,      56.12 MB (  5%) committed 

Chunk freelists:
   Non-Class:  22.00 KB
       Class:  8.00 KB
        Both:  30.00 KB

MaxMetaspaceSize: unlimited
CompressedClassSpaceSize: 1.00 GB
Initial GC threshold: 20.80 MB
Current GC threshold: 58.75 MB
CDS: off

CodeHeap 'non-profiled nmethods': size=120032Kb used=14899Kb max_used=14899Kb free=105132Kb
 bounds [0x00007b15428c8000, 0x00007b1543768000, 0x00007b1549e00000]
CodeHeap 'profiled nmethods': size=120028Kb used=21911Kb max_used=22905Kb free=98116Kb
 bounds [0x00007b153b391000, 0x00007b153ca21000, 0x00007b15428c8000]
CodeHeap 'non-nmethods': size=5700Kb used=1759Kb max_used=1848Kb free=3940Kb
 bounds [0x00007b153ae00000, 0x00007b153b070000, 0x00007b153b391000]
 total_blobs=11060 nmethods=9961 adapters=1016
 compilation: enabled
              stopped_count=0, restarted_count=0
 full_count=0

Compilation events (20 events):
Event: 2789.158 Thread 0x00007b15542f4000 12114   !   4       java.awt.Container::dispatchEventImpl (129 bytes)
Event: 2789.373 Thread 0x00007b15542f6000 12115       1       com.vis.core.view.D2.ui.glasses.CanvasGlass::getRoiSet (5 bytes)
Event: 2789.373 Thread 0x00007b15542f6000 nmethod 12115 0x00007b15430b9d10 code [0x00007b15430b9ec0, 0x00007b15430b9f70]
Event: 2789.404 Thread 0x00007b15542f4000 nmethod 12114 0x00007b1543080310 code [0x00007b15430807a0, 0x00007b1543082d38]
Event: 2790.278 Thread 0x00007b15542f6000 12116       3       com.vis.core.view.D2.ui.glasses.CanvasGlass::paintComponent (11 bytes)
Event: 2790.279 Thread 0x00007b15542f6000 nmethod 12116 0x00007b153c11ba90 code [0x00007b153c11bc60, 0x00007b153c11bdd0]
Event: 2790.279 Thread 0x00007b15542f6000 12118       3       com.vis.core.view.D2.ui.glasses.CanvasGlass::drawRoi (52 bytes)
Event: 2790.281 Thread 0x00007b15542f6000 nmethod 12118 0x00007b153b6b0810 code [0x00007b153b6b0a40, 0x00007b153b6b1380]
Event: 2790.281 Thread 0x00007b15542f6000 12117       3       com.vis.core.view.D2.ui.glasses.CanvasGlass::drawCanvas (72 bytes)
Event: 2790.283 Thread 0x00007b15542f6000 nmethod 12117 0x00007b153bb52990 code [0x00007b153bb52c00, 0x00007b153bb53370]
Event: 2790.798 Thread 0x00007b15542f6000 12119       3       com.vis.core.view.D2.ui.glasses.CanvasGlass::showCaliper (933 bytes)
Event: 2790.811 Thread 0x00007b15542f6000 nmethod 12119 0x00007b153ba93110 code [0x00007b153ba93880, 0x00007b153ba976a0]
Event: 2790.811 Thread 0x00007b15542f6000 12120       3       com.vis.core.view.D2.ui.glasses.CanvasGlass::drawReferenceLine (42 bytes)
Event: 2790.813 Thread 0x00007b15542f6000 nmethod 12120 0x00007b153c3b3510 code [0x00007b153c3b36e0, 0x00007b153c3b3aa0]
Event: 2790.813 Thread 0x00007b15542f6000 12121       3       com.vis.core.view.D2.ui.glasses.CanvasGlass::drawLocalizerLine (255 bytes)
Event: 2790.824 Thread 0x00007b15542f6000 nmethod 12121 0x00007b153b7ba110 code [0x00007b153b7ba6a0, 0x00007b153b7bdad0]
Event: 2791.008 Thread 0x00007b15542f4000 12122       4       com.vis.core.view.D2.roi.PointRoi::draw (161 bytes)
Event: 2791.019 Thread 0x00007b15542f4000 nmethod 12122 0x00007b154307fd10 code [0x00007b154307fee0, 0x00007b15430800d8]
Event: 2796.217 Thread 0x00007b15542f6000 12123       3       com.vis.core.view.D2.roi.PointRoi::drawPoint (943 bytes)
Event: 2796.235 Thread 0x00007b15542f6000 nmethod 12123 0x00007b153c47db90 code [0x00007b153c47e1a0, 0x00007b153c482060]

GC Heap History (20 events):
Event: 2317.500 GC heap before
{Heap before GC invocations=269 (full 0):
 garbage-first heap   total 737280K, used 531027K [0x000000060c600000, 0x0000000800000000)
  region size 2048K, 216 young (442368K), 1 survivors (2048K)
 Metaspace       used 55026K, capacity 56962K, committed 57216K, reserved 1099776K
  class space    used 5458K, capacity 6680K, committed 6784K, reserved 1048576K
}
Event: 2317.506 GC heap after
{Heap after GC invocations=270 (full 0):
 garbage-first heap   total 737280K, used 90711K [0x000000060c600000, 0x0000000800000000)
  region size 2048K, 1 young (2048K), 1 survivors (2048K)
 Metaspace       used 55026K, capacity 56962K, committed 57216K, reserved 1099776K
  class space    used 5458K, capacity 6680K, committed 6784K, reserved 1048576K
}
Event: 2324.594 GC heap before
{Heap before GC invocations=270 (full 0):
 garbage-first heap   total 737280K, used 531031K [0x000000060c600000, 0x0000000800000000)
  region size 2048K, 216 young (442368K), 1 survivors (2048K)
 Metaspace       used 55026K, capacity 56962K, committed 57216K, reserved 1099776K
  class space    used 5458K, capacity 6680K, committed 6784K, reserved 1048576K
}
Event: 2324.600 GC heap after
{Heap after GC invocations=271 (full 0):
 garbage-first heap   total 737280K, used 90712K [0x000000060c600000, 0x0000000800000000)
  region size 2048K, 1 young (2048K), 1 survivors (2048K)
 Metaspace       used 55026K, capacity 56962K, committed 57216K, reserved 1099776K
  class space    used 5458K, capacity 6680K, committed 6784K, reserved 1048576K
}
Event: 2331.934 GC heap before
{Heap before GC invocations=271 (full 0):
 garbage-first heap   total 737280K, used 531032K [0x000000060c600000, 0x0000000800000000)
  region size 2048K, 216 young (442368K), 1 survivors (2048K)
 Metaspace       used 55026K, capacity 56962K, committed 57216K, reserved 1099776K
  class space    used 5458K, capacity 6680K, committed 6784K, reserved 1048576K
}
Event: 2331.940 GC heap after
{Heap after GC invocations=272 (full 0):
 garbage-first heap   total 737280K, used 90719K [0x000000060c600000, 0x0000000800000000)
  region size 2048K, 1 young (2048K), 1 survivors (2048K)
 Metaspace       used 55026K, capacity 56962K, committed 57216K, reserved 1099776K
  class space    used 5458K, capacity 6680K, committed 6784K, reserved 1048576K
}
Event: 2339.633 GC heap before
{Heap before GC invocations=272 (full 0):
 garbage-first heap   total 737280K, used 531039K [0x000000060c600000, 0x0000000800000000)
  region size 2048K, 216 young (442368K), 1 survivors (2048K)
 Metaspace       used 55026K, capacity 56962K, committed 57216K, reserved 1099776K
  class space    used 5458K, capacity 6680K, committed 6784K, reserved 1048576K
}
Event: 2339.637 GC heap after
{Heap after GC invocations=273 (full 0):
 garbage-first heap   total 737280K, used 90925K [0x000000060c600000, 0x0000000800000000)
  region size 2048K, 1 young (2048K), 1 survivors (2048K)
 Metaspace       used 55026K, capacity 56962K, committed 57216K, reserved 1099776K
  class space    used 5458K, capacity 6680K, committed 6784K, reserved 1048576K
}
Event: 2346.984 GC heap before
{Heap before GC invocations=273 (full 0):
 garbage-first heap   total 737280K, used 531245K [0x000000060c600000, 0x0000000800000000)
  region size 2048K, 216 young (442368K), 1 survivors (2048K)
 Metaspace       used 55026K, capacity 56962K, committed 57216K, reserved 1099776K
  class space    used 5458K, capacity 6680K, committed 6784K, reserved 1048576K
}
Event: 2346.988 GC heap after
{Heap after GC invocations=274 (full 0):
 garbage-first heap   total 737280K, used 90919K [0x000000060c600000, 0x0000000800000000)
  region size 2048K, 1 young (2048K), 1 survivors (2048K)
 Metaspace       used 55026K, capacity 56962K, committed 57216K, reserved 1099776K
  class space    used 5458K, capacity 6680K, committed 6784K, reserved 1048576K
}
Event: 2354.572 GC heap before
{Heap before GC invocations=274 (full 0):
 garbage-first heap   total 737280K, used 531239K [0x000000060c600000, 0x0000000800000000)
  region size 2048K, 216 young (442368K), 1 survivors (2048K)
 Metaspace       used 55026K, capacity 56962K, committed 57216K, reserved 1099776K
  class space    used 5458K, capacity 6680K, committed 6784K, reserved 1048576K
}
Event: 2354.586 GC heap after
{Heap after GC invocations=275 (full 0):
 garbage-first heap   total 737280K, used 90918K [0x000000060c600000, 0x0000000800000000)
  region size 2048K, 1 young (2048K), 1 survivors (2048K)
 Metaspace       used 55026K, capacity 56962K, committed 57216K, reserved 1099776K
  class space    used 5458K, capacity 6680K, committed 6784K, reserved 1048576K
}
Event: 2363.597 GC heap before
{Heap before GC invocations=275 (full 0):
 garbage-first heap   total 737280K, used 531238K [0x000000060c600000, 0x0000000800000000)
  region size 2048K, 216 young (442368K), 1 survivors (2048K)
 Metaspace       used 55109K, capacity 57026K, committed 57216K, reserved 1099776K
  class space    used 5463K, capacity 6680K, committed 6784K, reserved 1048576K
}
Event: 2363.605 GC heap after
{Heap after GC invocations=276 (full 0):
 garbage-first heap   total 737280K, used 90924K [0x000000060c600000, 0x0000000800000000)
  region size 2048K, 1 young (2048K), 1 survivors (2048K)
 Metaspace       used 55109K, capacity 57026K, committed 57216K, reserved 1099776K
  class space    used 5463K, capacity 6680K, committed 6784K, reserved 1048576K
}
Event: 2780.709 GC heap before
{Heap before GC invocations=276 (full 0):
 garbage-first heap   total 737280K, used 531244K [0x000000060c600000, 0x0000000800000000)
  region size 2048K, 216 young (442368K), 1 survivors (2048K)
 Metaspace       used 55243K, capacity 57154K, committed 57472K, reserved 1099776K
  class space    used 5467K, capacity 6680K, committed 6784K, reserved 1048576K
}
Event: 2780.713 GC heap after
{Heap after GC invocations=277 (full 0):
 garbage-first heap   total 737280K, used 90937K [0x000000060c600000, 0x0000000800000000)
  region size 2048K, 1 young (2048K), 1 survivors (2048K)
 Metaspace       used 55243K, capacity 57154K, committed 57472K, reserved 1099776K
  class space    used 5467K, capacity 6680K, committed 6784K, reserved 1048576K
}
Event: 2789.928 GC heap before
{Heap before GC invocations=277 (full 0):
 garbage-first heap   total 737280K, used 531257K [0x000000060c600000, 0x0000000800000000)
  region size 2048K, 216 young (442368K), 1 survivors (2048K)
 Metaspace       used 55315K, capacity 57218K, committed 57472K, reserved 1099776K
  class space    used 5472K, capacity 6680K, committed 6784K, reserved 1048576K
}
Event: 2789.935 GC heap after
{Heap after GC invocations=278 (full 0):
 garbage-first heap   total 737280K, used 90946K [0x000000060c600000, 0x0000000800000000)
  region size 2048K, 1 young (2048K), 1 survivors (2048K)
 Metaspace       used 55315K, capacity 57218K, committed 57472K, reserved 1099776K
  class space    used 5472K, capacity 6680K, committed 6784K, reserved 1048576K
}
Event: 2797.167 GC heap before
{Heap before GC invocations=278 (full 0):
 garbage-first heap   total 737280K, used 531266K [0x000000060c600000, 0x0000000800000000)
  region size 2048K, 216 young (442368K), 1 survivors (2048K)
 Metaspace       used 55323K, capacity 57218K, committed 57472K, reserved 1099776K
  class space    used 5472K, capacity 6680K, committed 6784K, reserved 1048576K
}
Event: 2797.171 GC heap after
{Heap after GC invocations=279 (full 0):
 garbage-first heap   total 737280K, used 90951K [0x000000060c600000, 0x0000000800000000)
  region size 2048K, 1 young (2048K), 1 survivors (2048K)
 Metaspace       used 55323K, capacity 57218K, committed 57472K, reserved 1099776K
  class space    used 5472K, capacity 6680K, committed 6784K, reserved 1048576K
}

Deoptimization events (20 events):
Event: 2774.238 Thread 0x00007b15555f1000 DEOPT PACKING pc=0x00007b154370a634 sp=0x00007b1519cfe700
Event: 2774.238 Thread 0x00007b15555f1000 DEOPT UNPACKING pc=0x00007b153ae4a64a sp=0x00007b1519cfdc28 mode 0
Event: 2774.238 Thread 0x00007b15555f1000 DEOPT PACKING pc=0x00007b1542e90380 sp=0x00007b1519cfe7c0
Event: 2774.238 Thread 0x00007b15555f1000 DEOPT UNPACKING pc=0x00007b153ae4a64a sp=0x00007b1519cfdc68 mode 0
Event: 2774.238 Thread 0x00007b15555f1000 DEOPT PACKING pc=0x00007b154370a398 sp=0x00007b1519cfe890
Event: 2774.238 Thread 0x00007b15555f1000 DEOPT UNPACKING pc=0x00007b153ae4a64a sp=0x00007b1519cfdcc0 mode 0
Event: 2774.239 Thread 0x00007b15555f1000 DEOPT PACKING pc=0x00007b1542e7e30c sp=0x00007b1519cfe950
Event: 2774.239 Thread 0x00007b15555f1000 DEOPT UNPACKING pc=0x00007b153ae4a64a sp=0x00007b1519cfddf8 mode 0
Event: 2774.239 Thread 0x00007b15555f1000 DEOPT PACKING pc=0x00007b1543709070 sp=0x00007b1519cfe980
Event: 2774.239 Thread 0x00007b15555f1000 DEOPT UNPACKING pc=0x00007b153ae4a64a sp=0x00007b1519cfdd40 mode 0
Event: 2774.239 Thread 0x00007b15555f1000 DEOPT PACKING pc=0x00007b1542d8a66c sp=0x00007b1519cffff0
Event: 2774.239 Thread 0x00007b15555f1000 DEOPT UNPACKING pc=0x00007b153ae4a64a sp=0x00007b1519cff3a0 mode 0
Event: 2774.239 Thread 0x00007b15555f1000 DEOPT PACKING pc=0x00007b154370e308 sp=0x00007b1519d01660
Event: 2774.239 Thread 0x00007b15555f1000 DEOPT UNPACKING pc=0x00007b153ae4a64a sp=0x00007b1519d00a68 mode 0
Event: 2774.239 Thread 0x00007b15555f1000 DEOPT PACKING pc=0x00007b153bf27be4 sp=0x00007b1519d01710
Event: 2774.239 Thread 0x00007b15555f1000 DEOPT UNPACKING pc=0x00007b153ae4a64a sp=0x00007b1519d00c38 mode 0
Event: 2796.155 Thread 0x00007b15555f1000 Uncommon trap: trap_request=0xffffff4d fr.pc=0x00007b1543085c00 relative=0x0000000000001380
Event: 2796.155 Thread 0x00007b15555f1000 Uncommon trap: reason=unstable_if action=reinterpret pc=0x00007b1543085c00 method=com.vis.core.view.D2.roi.PointRoi.drawPoint(Ljava/awt/Graphics;III)V @ 130 c2
Event: 2796.155 Thread 0x00007b15555f1000 DEOPT PACKING pc=0x00007b1543085c00 sp=0x00007b1519cfde30
Event: 2796.155 Thread 0x00007b15555f1000 DEOPT UNPACKING pc=0x00007b153ae49ea5 sp=0x00007b1519cfdde8 mode 2

Classes redefined (11 events):
Event: 638.064 Thread 0x00007b15542ce800 redefined class name=com.vis.core.view.D2.ui.glasses.CanvasGlass, count=1
Event: 654.960 Thread 0x00007b15542ce800 redefined class name=com.vis.core.view.D2.ui.glasses.CanvasGlass, count=2
Event: 715.246 Thread 0x00007b15542ce800 redefined class name=com.vis.core.view.D2.ui.glasses.CanvasGlass, count=3
Event: 1275.388 Thread 0x00007b15542ce800 redefined class name=com.vis.core.view.D2.roi.PointRoi, count=1
Event: 2022.011 Thread 0x00007b15542ce800 redefined class name=com.vis.core.view.D2.ui.glasses.CanvasGlass, count=4
Event: 2022.140 Thread 0x00007b15542ce800 redefined class name=com.vis.core.view.D2.roi.TextRoi$1, count=1
Event: 2022.285 Thread 0x00007b15542ce800 redefined class name=com.vis.core.view.D2.roi.TextRoi, count=1
Event: 2357.992 Thread 0x00007b15542ce800 redefined class name=com.vis.core.view.D2.ui.glasses.CanvasGlass, count=5
Event: 2576.534 Thread 0x00007b15542ce800 redefined class name=com.vis.core.view.D2.roi.PointRoi, count=2
Event: 2613.322 Thread 0x00007b15542ce800 redefined class name=com.vis.core.view.D2.roi.PointRoi, count=3
Event: 2788.952 Thread 0x00007b15542ce800 redefined class name=com.vis.core.view.D2.ui.glasses.CanvasGlass, count=6

Internal exceptions (20 events):
Event: 812.888 Thread 0x00007b15555f1000 Implicit null exception at 0x00007b153c6ac83b to 0x00007b153c6acabf
Event: 812.889 Thread 0x00007b15555f1000 Exception <a 'java/lang/NullPointerException'{0x000000062b4a1548}> (0x000000062b4a1548) thrown at [./src/hotspot/share/runtime/sharedRuntime.cpp, line 606]
Event: 812.889 Thread 0x00007b15555f1000 Implicit null exception at 0x00007b153c6ac83b to 0x00007b153c6acabf
Event: 812.889 Thread 0x00007b15555f1000 Exception <a 'java/lang/NullPointerException'{0x000000062b4b0e30}> (0x000000062b4b0e30) thrown at [./src/hotspot/share/runtime/sharedRuntime.cpp, line 606]
Event: 1316.902 Thread 0x00007b15555f1000 Implicit null exception at 0x00007b153c8807ab to 0x00007b153c881879
Event: 1316.903 Thread 0x00007b15555f1000 Exception <a 'java/lang/NullPointerException'{0x000000062ddb3260}> (0x000000062ddb3260) thrown at [./src/hotspot/share/runtime/sharedRuntime.cpp, line 606]
Event: 1316.903 Thread 0x00007b15555f1000 Implicit null exception at 0x00007b153c6ac83b to 0x00007b153c6acabf
Event: 1316.903 Thread 0x00007b15555f1000 Exception <a 'java/lang/NullPointerException'{0x000000062ddc2b48}> (0x000000062ddc2b48) thrown at [./src/hotspot/share/runtime/sharedRuntime.cpp, line 606]
Event: 1316.904 Thread 0x00007b15555f1000 Implicit null exception at 0x00007b153c6ac83b to 0x00007b153c6acabf
Event: 1316.904 Thread 0x00007b15555f1000 Exception <a 'java/lang/NullPointerException'{0x000000062ddd2430}> (0x000000062ddd2430) thrown at [./src/hotspot/share/runtime/sharedRuntime.cpp, line 606]
Event: 1590.771 Thread 0x00007b15555f1000 Exception <a 'java/lang/NullPointerException'{0x00000006244a4658}> (0x00000006244a4658) thrown at [./src/hotspot/share/interpreter/linkResolver.cpp, line 1440]
Event: 1591.659 Thread 0x00007b15555f1000 Exception <a 'java/lang/NullPointerException'{0x0000000621aec760}> (0x0000000621aec760) thrown at [./src/hotspot/share/interpreter/linkResolver.cpp, line 1440]
Event: 1594.814 Thread 0x00007b15555f1000 Exception <a 'java/lang/NullPointerException'{0x00000006323330b8}> (0x00000006323330b8) thrown at [./src/hotspot/share/interpreter/linkResolver.cpp, line 1440]
Event: 1596.275 Thread 0x00007b15555f1000 Exception <a 'java/lang/NullPointerException'{0x000000062ced80d8}> (0x000000062ced80d8) thrown at [./src/hotspot/share/interpreter/linkResolver.cpp, line 1440]
Event: 1751.298 Thread 0x00007b15555f1000 Implicit null exception at 0x00007b153c8807ab to 0x00007b153c881879
Event: 1751.298 Thread 0x00007b15555f1000 Exception <a 'java/lang/NullPointerException'{0x000000062d7a2c50}> (0x000000062d7a2c50) thrown at [./src/hotspot/share/runtime/sharedRuntime.cpp, line 606]
Event: 1751.299 Thread 0x00007b15555f1000 Implicit null exception at 0x00007b153c6ac83b to 0x00007b153c6acabf
Event: 1751.299 Thread 0x00007b15555f1000 Exception <a 'java/lang/NullPointerException'{0x000000062d7b2538}> (0x000000062d7b2538) thrown at [./src/hotspot/share/runtime/sharedRuntime.cpp, line 606]
Event: 1751.299 Thread 0x00007b15555f1000 Implicit null exception at 0x00007b153c6ac83b to 0x00007b153c6acabf
Event: 1751.299 Thread 0x00007b15555f1000 Exception <a 'java/lang/NullPointerException'{0x000000062d7c1e20}> (0x000000062d7c1e20) thrown at [./src/hotspot/share/runtime/sharedRuntime.cpp, line 606]

Events (20 events):
Event: 2799.197 Executing VM operation: GetOrSetLocal
Event: 2799.198 Executing VM operation: GetOrSetLocal done
Event: 2799.220 Executing VM operation: GetOrSetLocal
Event: 2799.221 Executing VM operation: GetOrSetLocal done
Event: 2799.222 Executing VM operation: GetOrSetLocal
Event: 2799.223 Executing VM operation: GetOrSetLocal done
Event: 2799.292 Executing VM operation: GetOrSetLocal
Event: 2799.293 Executing VM operation: GetOrSetLocal done
Event: 2799.295 Executing VM operation: GetOrSetLocal
Event: 2799.295 Executing VM operation: GetOrSetLocal done
Event: 2799.805 Executing VM operation: GetOrSetLocal
Event: 2799.805 Executing VM operation: GetOrSetLocal done
Event: 2799.807 Executing VM operation: GetOrSetLocal
Event: 2799.807 Executing VM operation: GetOrSetLocal done
Event: 2799.953 Executing VM operation: GetOrSetLocal
Event: 2799.953 Executing VM operation: GetOrSetLocal done
Event: 2799.955 Executing VM operation: GetOrSetLocal
Event: 2799.955 Executing VM operation: GetOrSetLocal done
Event: 2818.548 Executing VM operation: ChangeBreakpoints
Event: 2818.549 Executing VM operation: ChangeBreakpoints done


Dynamic libraries:
60c600000-639600000 rw-p 00000000 00:00 0 
639600000-800000000 ---p 00000000 00:00 0 
800000000-8006a0000 rw-p 00000000 00:00 0 
8006a0000-840000000 ---p 00000000 00:00 0 
579beae00000-579beae01000 r-xp 00000000 103:02 58199771                  /usr/lib/jvm/temurin-11-jdk-amd64/bin/java
579beb001000-579beb002000 r--p 00001000 103:02 58199771                  /usr/lib/jvm/temurin-11-jdk-amd64/bin/java
579beb002000-579beb003000 rw-p 00002000 103:02 58199771                  /usr/lib/jvm/temurin-11-jdk-amd64/bin/java
579beba01000-579beba22000 rw-p 00000000 00:00 0                          [heap]
7b1420000000-7b1420021000 rw-p 00000000 00:00 0 
7b1420021000-7b1424000000 ---p 00000000 00:00 0 
7b1424000000-7b1424021000 rw-p 00000000 00:00 0 
7b1424021000-7b1428000000 ---p 00000000 00:00 0 
7b142c000000-7b142c021000 rw-p 00000000 00:00 0 
7b142c021000-7b1430000000 ---p 00000000 00:00 0 
7b1430000000-7b1430021000 rw-p 00000000 00:00 0 
7b1430021000-7b1434000000 ---p 00000000 00:00 0 
7b1438000000-7b143a2e5000 rw-p 00000000 00:00 0 
7b143a2e5000-7b143c000000 ---p 00000000 00:00 0 
7b143c000000-7b143c021000 rw-p 00000000 00:00 0 
7b143c021000-7b1440000000 ---p 00000000 00:00 0 
7b1444000000-7b1444021000 rw-p 00000000 00:00 0 
7b1444021000-7b1448000000 ---p 00000000 00:00 0 
7b1448000000-7b144a8ca000 rw-p 00000000 00:00 0 
7b144a8ca000-7b144c000000 ---p 00000000 00:00 0 
7b1450000000-7b1450021000 rw-p 00000000 00:00 0 
7b1450021000-7b1454000000 ---p 00000000 00:00 0 
7b1454000000-7b14556f5000 rw-p 00000000 00:00 0 
7b14556f5000-7b1458000000 ---p 00000000 00:00 0 
7b145c000000-7b145c021000 rw-p 00000000 00:00 0 
7b145c021000-7b1460000000 ---p 00000000 00:00 0 
7b1460000000-7b1460021000 rw-p 00000000 00:00 0 
7b1460021000-7b1464000000 ---p 00000000 00:00 0 
7b1468000000-7b1468021000 rw-p 00000000 00:00 0 
7b1468021000-7b146c000000 ---p 00000000 00:00 0 
7b146c000000-7b146c021000 rw-p 00000000 00:00 0 
7b146c021000-7b1470000000 ---p 00000000 00:00 0 
7b1474000000-7b1474021000 rw-p 00000000 00:00 0 
7b1474021000-7b1478000000 ---p 00000000 00:00 0 
7b1478000000-7b1478021000 rw-p 00000000 00:00 0 
7b1478021000-7b147c000000 ---p 00000000 00:00 0 
7b1480000000-7b1480021000 rw-p 00000000 00:00 0 
7b1480021000-7b1484000000 ---p 00000000 00:00 0 
7b1484000000-7b1484021000 rw-p 00000000 00:00 0 
7b1484021000-7b1488000000 ---p 00000000 00:00 0 
7b148c000000-7b148c3b6000 rw-p 00000000 00:00 0 
7b148c3b6000-7b1490000000 ---p 00000000 00:00 0 
7b1490000000-7b1490021000 rw-p 00000000 00:00 0 
7b1490021000-7b1494000000 ---p 00000000 00:00 0 
7b1498000000-7b149ab4c000 rw-p 00000000 00:00 0 
7b149ab4c000-7b149c000000 ---p 00000000 00:00 0 
7b149c000000-7b149c044000 rw-p 00000000 00:00 0 
7b149c044000-7b14a0000000 ---p 00000000 00:00 0 
7b14a4000000-7b14a4021000 rw-p 00000000 00:00 0 
7b14a4021000-7b14a8000000 ---p 00000000 00:00 0 
7b14a8000000-7b14a8021000 rw-p 00000000 00:00 0 
7b14a8021000-7b14ac000000 ---p 00000000 00:00 0 
7b14b0000000-7b14b0021000 rw-p 00000000 00:00 0 
7b14b0021000-7b14b4000000 ---p 00000000 00:00 0 
7b14b4000000-7b14b4021000 rw-p 00000000 00:00 0 
7b14b4021000-7b14b8000000 ---p 00000000 00:00 0 
7b14bc000000-7b14bc021000 rw-p 00000000 00:00 0 
7b14bc021000-7b14c0000000 ---p 00000000 00:00 0 
7b14c0000000-7b14c0021000 rw-p 00000000 00:00 0 
7b14c0021000-7b14c4000000 ---p 00000000 00:00 0 
7b14c8000000-7b14c8045000 rw-p 00000000 00:00 0 
7b14c8045000-7b14cc000000 ---p 00000000 00:00 0 
7b14cc000000-7b14cc1cf000 rw-p 00000000 00:00 0 
7b14cc1cf000-7b14d0000000 ---p 00000000 00:00 0 
7b14d4000000-7b14d4021000 rw-p 00000000 00:00 0 
7b14d4021000-7b14d8000000 ---p 00000000 00:00 0 
7b14d8000000-7b14d8021000 rw-p 00000000 00:00 0 
7b14d8021000-7b14dc000000 ---p 00000000 00:00 0 
7b14e0000000-7b14e10bc000 rw-p 00000000 00:00 0 
7b14e10bc000-7b14e4000000 ---p 00000000 00:00 0 
7b14e4000000-7b14e6e5f000 rw-p 00000000 00:00 0 
7b14e6e5f000-7b14e8000000 ---p 00000000 00:00 0 
7b14ec000000-7b14ec021000 rw-p 00000000 00:00 0 
7b14ec021000-7b14f0000000 ---p 00000000 00:00 0 
7b14f0000000-7b14f0021000 rw-p 00000000 00:00 0 
7b14f0021000-7b14f4000000 ---p 00000000 00:00 0 
7b14f8000000-7b14f8021000 rw-p 00000000 00:00 0 
7b14f8021000-7b14fc000000 ---p 00000000 00:00 0 
7b14fc000000-7b14fc021000 rw-p 00000000 00:00 0 
7b14fc021000-7b1500000000 ---p 00000000 00:00 0 
7b1502600000-7b1502780000 rw-p 00000000 00:00 0 
7b1502780000-7b1502800000 ---p 00000000 00:00 0 
7b1502800000-7b15029c0000 rw-p 00000000 00:00 0 
7b15029c0000-7b1502bc0000 rw-p 00000000 00:00 0 
7b1502bc0000-7b1502dc0000 rw-p 00000000 00:00 0 
7b1502dc0000-7b1503000000 rw-p 00000000 00:00 0 
7b1503200000-7b1503400000 rw-p 00000000 00:00 0 
7b1503400000-7b1503495000 r-xp 00000000 103:02 58603508                  /usr/lib/jvm/temurin-11-jdk-amd64/lib/liblcms.so
7b1503495000-7b1503695000 ---p 00095000 103:02 58603508                  /usr/lib/jvm/temurin-11-jdk-amd64/lib/liblcms.so
7b1503695000-7b1503697000 r--p 00095000 103:02 58603508                  /usr/lib/jvm/temurin-11-jdk-amd64/lib/liblcms.so
7b1503697000-7b150369a000 rw-p 00097000 103:02 58603508                  /usr/lib/jvm/temurin-11-jdk-amd64/lib/liblcms.so
7b150369a000-7b150369b000 rw-p 00000000 00:00 0 
7b1503a00000-7b1503c00000 rw-p 00000000 00:00 0 
7b1503e00000-7b1504000000 rw-p 00000000 00:00 0 
7b1504000000-7b150413a000 rw-p 00000000 00:00 0 
7b150413a000-7b1508000000 ---p 00000000 00:00 0 
7b1508000000-7b1508021000 rw-p 00000000 00:00 0 
7b1508021000-7b150c000000 ---p 00000000 00:00 0 
7b150c200000-7b150c400000 rw-p 00000000 00:00 0 
7b150c400000-7b150c402000 r-xp 00000000 103:02 58603494                  /usr/lib/jvm/temurin-11-jdk-amd64/lib/libextnet.so
7b150c402000-7b150c601000 ---p 00002000 103:02 58603494                  /usr/lib/jvm/temurin-11-jdk-amd64/lib/libextnet.so
7b150c601000-7b150c602000 r--p 00001000 103:02 58603494                  /usr/lib/jvm/temurin-11-jdk-amd64/lib/libextnet.so
7b150c602000-7b150c603000 rw-p 00002000 103:02 58603494                  /usr/lib/jvm/temurin-11-jdk-amd64/lib/libextnet.so
7b150ca00000-7b150cbc0000 rw-p 00000000 00:00 0 
7b150cbc0000-7b150cdc0000 rw-p 00000000 00:00 0 
7b150cdc0000-7b150cfc0000 rw-p 00000000 00:00 0 
7b150cfc0000-7b150d1c0000 rw-p 00000000 00:00 0 
7b150d1c0000-7b150d400000 rw-p 00000000 00:00 0 
7b150d400000-7b150d54b000 r--p 00000000 103:02 48502524                  /home/tatsunidas/graphy-workspace3/graphy/native/native_opencv/linux-x86-64/libopencv_java.so
7b150d54b000-7b150dfb8000 r-xp 0014b000 103:02 48502524                  /home/tatsunidas/graphy-workspace3/graphy/native/native_opencv/linux-x86-64/libopencv_java.so
7b150dfb8000-7b150e272000 r--p 00bb8000 103:02 48502524                  /home/tatsunidas/graphy-workspace3/graphy/native/native_opencv/linux-x86-64/libopencv_java.so
7b150e272000-7b150e273000 ---p 00e72000 103:02 48502524                  /home/tatsunidas/graphy-workspace3/graphy/native/native_opencv/linux-x86-64/libopencv_java.so
7b150e273000-7b150e2ad000 r--p 00e72000 103:02 48502524                  /home/tatsunidas/graphy-workspace3/graphy/native/native_opencv/linux-x86-64/libopencv_java.so
7b150e2ad000-7b150e2bb000 rw-p 00eac000 103:02 48502524                  /home/tatsunidas/graphy-workspace3/graphy/native/native_opencv/linux-x86-64/libopencv_java.so
7b150e2bb000-7b150e36c000 rw-p 00000000 00:00 0 
7b150e400000-7b150e5c0000 rw-p 00000000 00:00 0 
7b150e5c0000-7b150e800000 rw-p 00000000 00:00 0 
7b150e800000-7b150e932000 r-xp 00000000 103:02 48502523                  /home/tatsunidas/graphy-workspace3/graphy/native/native_opencv/linux-x86-64/libclib_jiio.so
7b150e932000-7b150ea31000 ---p 00132000 103:02 48502523                  /home/tatsunidas/graphy-workspace3/graphy/native/native_opencv/linux-x86-64/libclib_jiio.so
7b150ea31000-7b150ea35000 rw-p 00131000 103:02 48502523                  /home/tatsunidas/graphy-workspace3/graphy/native/native_opencv/linux-x86-64/libclib_jiio.so
7b150ec00000-7b150edc0000 rw-p 00000000 00:00 0 
7b150edc0000-7b150f000000 rw-p 00000000 00:00 0 
7b150f000000-7b150f005000 r-xp 00000000 103:02 58603511                  /usr/lib/jvm/temurin-11-jdk-amd64/lib/libmanagement_ext.so
7b150f005000-7b150f205000 ---p 00005000 103:02 58603511                  /usr/lib/jvm/temurin-11-jdk-amd64/lib/libmanagement_ext.so
7b150f205000-7b150f206000 r--p 00005000 103:02 58603511                  /usr/lib/jvm/temurin-11-jdk-amd64/lib/libmanagement_ext.so
7b150f206000-7b150f207000 rw-p 00006000 103:02 58603511                  /usr/lib/jvm/temurin-11-jdk-amd64/lib/libmanagement_ext.so
7b150f3fe000-7b150f3ff000 ---p 00000000 00:00 0 
7b150f3ff000-7b150f4ff000 rw-p 00000000 00:00 0 
7b150f4ff000-7b150f500000 ---p 00000000 00:00 0 
7b150f500000-7b150f600000 rw-p 00000000 00:00 0 
7b150f600000-7b150f601000 ---p 00000000 00:00 0 
7b150f601000-7b150fe01000 rw-p 00000000 00:00 0 
7b150feff000-7b150ff00000 ---p 00000000 00:00 0 
7b150ff00000-7b1510000000 rw-p 00000000 00:00 0 
7b1510000000-7b1510021000 rw-p 00000000 00:00 0 
7b1510021000-7b1514000000 ---p 00000000 00:00 0 
7b1514000000-7b1514021000 rw-p 00000000 00:00 0 
7b1514021000-7b1518000000 ---p 00000000 00:00 0 
7b15180ff000-7b1518100000 ---p 00000000 00:00 0 
7b1518100000-7b1518200000 rw-p 00000000 00:00 0 
7b1518200000-7b1518204000 r-xp 00000000 103:02 58603509                  /usr/lib/jvm/temurin-11-jdk-amd64/lib/libmanagement.so
7b1518204000-7b1518403000 ---p 00004000 103:02 58603509                  /usr/lib/jvm/temurin-11-jdk-amd64/lib/libmanagement.so
7b1518403000-7b1518404000 r--p 00003000 103:02 58603509                  /usr/lib/jvm/temurin-11-jdk-amd64/lib/libmanagement.so
7b1518404000-7b1518405000 rw-p 00004000 103:02 58603509                  /usr/lib/jvm/temurin-11-jdk-amd64/lib/libmanagement.so
7b1518425000-7b1518429000 ---p 00000000 00:00 0 
7b1518429000-7b1518525000 rw-p 00000000 00:00 0 
7b1518600000-7b1518604000 ---p 00000000 00:00 0 
7b1518604000-7b1518700000 rw-p 00000000 00:00 0 
7b1518700000-7b1518704000 ---p 00000000 00:00 0 
7b1518704000-7b1518800000 rw-p 00000000 00:00 0 
7b1518800000-7b1518a00000 rw-p 00000000 00:00 0 
7b1518a00000-7b1518a01000 ---p 00000000 00:00 0 
7b1518a01000-7b1519201000 rw-p 00000000 00:00 0 
7b15192ff000-7b1519300000 ---p 00000000 00:00 0 
7b1519300000-7b1519400000 rw-p 00000000 00:00 0 
7b1519400000-7b1519401000 ---p 00000000 00:00 0 
7b1519401000-7b1519c01000 rw-p 00000000 00:00 0 
7b1519c03000-7b1519c07000 ---p 00000000 00:00 0 
7b1519c07000-7b1519d03000 rw-p 00000000 00:00 0 
7b1519e00000-7b151a059000 r-xp 00000000 103:02 58603495                  /usr/lib/jvm/temurin-11-jdk-amd64/lib/libfontmanager.so
7b151a059000-7b151a258000 ---p 00259000 103:02 58603495                  /usr/lib/jvm/temurin-11-jdk-amd64/lib/libfontmanager.so
7b151a258000-7b151a25a000 r--p 00258000 103:02 58603495                  /usr/lib/jvm/temurin-11-jdk-amd64/lib/libfontmanager.so
7b151a25a000-7b151a25b000 rw-p 0025a000 103:02 58603495                  /usr/lib/jvm/temurin-11-jdk-amd64/lib/libfontmanager.so
7b151a25b000-7b151a25c000 rw-p 00000000 00:00 0 
7b151a2ff000-7b151a303000 ---p 00000000 00:00 0 
7b151a303000-7b151a3ff000 rw-p 00000000 00:00 0 
7b151a3ff000-7b151a403000 ---p 00000000 00:00 0 
7b151a403000-7b151a4ff000 rw-p 00000000 00:00 0 
7b151a4ff000-7b151a500000 ---p 00000000 00:00 0 
7b151a500000-7b151a600000 rw-p 00000000 00:00 0 
7b151a600000-7b151a800000 rw-p 00000000 00:00 0 
7b151a800000-7b151a85e000 r-xp 00000000 103:02 58603492                  /usr/lib/jvm/temurin-11-jdk-amd64/lib/libawt_xawt.so
7b151a85e000-7b151aa5e000 ---p 0005e000 103:02 58603492                  /usr/lib/jvm/temurin-11-jdk-amd64/lib/libawt_xawt.so
7b151aa5e000-7b151aa5f000 r--p 0005e000 103:02 58603492                  /usr/lib/jvm/temurin-11-jdk-amd64/lib/libawt_xawt.so
7b151aa5f000-7b151aa61000 rw-p 0005f000 103:02 58603492                  /usr/lib/jvm/temurin-11-jdk-amd64/lib/libawt_xawt.so
7b151aa61000-7b151aa63000 rw-p 00000000 00:00 0 
7b151aafd000-7b151aafe000 ---p 00000000 00:00 0 
7b151aafe000-7b151abfe000 rw-p 00000000 00:00 0 
7b151abfe000-7b151abff000 ---p 00000000 00:00 0 
7b151abff000-7b151acff000 rw-p 00000000 00:00 0 
7b151acff000-7b151ad00000 ---p 00000000 00:00 0 
7b151ad00000-7b151ae00000 rw-p 00000000 00:00 0 
7b151ae00000-7b151ae9e000 r-xp 00000000 103:02 58603490                  /usr/lib/jvm/temurin-11-jdk-amd64/lib/libawt.so
7b151ae9e000-7b151b09e000 ---p 0009e000 103:02 58603490                  /usr/lib/jvm/temurin-11-jdk-amd64/lib/libawt.so
7b151b09e000-7b151b09f000 r--p 0009e000 103:02 58603490                  /usr/lib/jvm/temurin-11-jdk-amd64/lib/libawt.so
7b151b09f000-7b151b0aa000 rw-p 0009f000 103:02 58603490                  /usr/lib/jvm/temurin-11-jdk-amd64/lib/libawt.so
7b151b0aa000-7b151b0cf000 rw-p 00000000 00:00 0 
7b151b0fd000-7b151b0fe000 ---p 00000000 00:00 0 
7b151b0fe000-7b151b1fe000 rw-p 00000000 00:00 0 
7b151b1fe000-7b151b1ff000 ---p 00000000 00:00 0 
7b151b1ff000-7b151b2ff000 rw-p 00000000 00:00 0 
7b151b2ff000-7b151b300000 ---p 00000000 00:00 0 
7b151b300000-7b151b400000 rw-p 00000000 00:00 0 
7b151b400000-7b151b415000 r-xp 00000000 103:02 58603513                  /usr/lib/jvm/temurin-11-jdk-amd64/lib/libnet.so
7b151b415000-7b151b614000 ---p 00015000 103:02 58603513                  /usr/lib/jvm/temurin-11-jdk-amd64/lib/libnet.so
7b151b614000-7b151b615000 r--p 00014000 103:02 58603513                  /usr/lib/jvm/temurin-11-jdk-amd64/lib/libnet.so
7b151b615000-7b151b616000 rw-p 00015000 103:02 58603513                  /usr/lib/jvm/temurin-11-jdk-amd64/lib/libnet.so
7b151b6ff000-7b151b700000 ---p 00000000 00:00 0 
7b151b700000-7b151b800000 rw-p 00000000 00:00 0 
7b151b800000-7b151b804000 ---p 00000000 00:00 0 
7b151b804000-7b151b900000 rw-p 00000000 00:00 0 
7b151b900000-7b151b904000 ---p 00000000 00:00 0 
7b151b904000-7b151ba00000 rw-p 00000000 00:00 0 
7b151ba00000-7b151ba10000 r-xp 00000000 103:02 58603514                  /usr/lib/jvm/temurin-11-jdk-amd64/lib/libnio.so
7b151ba10000-7b151bc0f000 ---p 00010000 103:02 58603514                  /usr/lib/jvm/temurin-11-jdk-amd64/lib/libnio.so
7b151bc0f000-7b151bc10000 r--p 0000f000 103:02 58603514                  /usr/lib/jvm/temurin-11-jdk-amd64/lib/libnio.so
7b151bc10000-7b151bc11000 rw-p 00010000 103:02 58603514                  /usr/lib/jvm/temurin-11-jdk-amd64/lib/libnio.so
7b151bcc6000-7b151bcca000 ---p 00000000 00:00 0 
7b151bcca000-7b151bdc6000 rw-p 00000000 00:00 0 
7b151bdc6000-7b151bdca000 ---p 00000000 00:00 0 
7b151bdca000-7b151bec6000 rw-p 00000000 00:00 0 
7b151bec6000-7b151bee3000 r--p 00000000 103:02 58198200                  /usr/lib/x86_64-linux-gnu/libglib-2.0.so.0.7200.4
7b151bee3000-7b151bf72000 r-xp 0001d000 103:02 58198200                  /usr/lib/x86_64-linux-gnu/libglib-2.0.so.0.7200.4
7b151bf72000-7b151bffc000 r--p 000ac000 103:02 58198200                  /usr/lib/x86_64-linux-gnu/libglib-2.0.so.0.7200.4
7b151bffc000-7b151bffd000 ---p 00136000 103:02 58198200                  /usr/lib/x86_64-linux-gnu/libglib-2.0.so.0.7200.4
7b151bffd000-7b151bffe000 r--p 00136000 103:02 58198200                  /usr/lib/x86_64-linux-gnu/libglib-2.0.so.0.7200.4
7b151bffe000-7b151bfff000 rw-p 00137000 103:02 58198200                  /usr/lib/x86_64-linux-gnu/libglib-2.0.so.0.7200.4
7b151bfff000-7b151c000000 rw-p 00000000 00:00 0 
7b151c000000-7b151c021000 rw-p 00000000 00:00 0 
7b151c021000-7b1520000000 ---p 00000000 00:00 0 
7b15200e6000-7b152011e000 r--p 00000000 103:02 58198193                  /usr/lib/x86_64-linux-gnu/libgio-2.0.so.0.7200.4
7b152011e000-7b152022f000 r-xp 00038000 103:02 58198193                  /usr/lib/x86_64-linux-gnu/libgio-2.0.so.0.7200.4
7b152022f000-7b15202b5000 r--p 00149000 103:02 58198193                  /usr/lib/x86_64-linux-gnu/libgio-2.0.so.0.7200.4
7b15202b5000-7b15202bd000 r--p 001ce000 103:02 58198193                  /usr/lib/x86_64-linux-gnu/libgio-2.0.so.0.7200.4
7b15202bd000-7b15202be000 rw-p 001d6000 103:02 58198193                  /usr/lib/x86_64-linux-gnu/libgio-2.0.so.0.7200.4
7b15202be000-7b15202c0000 rw-p 00000000 00:00 0 
7b15202c0000-7b15202d9000 r--p 00000000 103:02 58196239                  /usr/lib/x86_64-linux-gnu/libX11.so.6.4.0
7b15202d9000-7b1520365000 r-xp 00019000 103:02 58196239                  /usr/lib/x86_64-linux-gnu/libX11.so.6.4.0
7b1520365000-7b15203fa000 r--p 000a5000 103:02 58196239                  /usr/lib/x86_64-linux-gnu/libX11.so.6.4.0
7b15203fa000-7b15203fb000 ---p 0013a000 103:02 58196239                  /usr/lib/x86_64-linux-gnu/libX11.so.6.4.0
7b15203fb000-7b15203fc000 r--p 0013a000 103:02 58196239                  /usr/lib/x86_64-linux-gnu/libX11.so.6.4.0
7b15203fc000-7b1520400000 rw-p 0013b000 103:02 58196239                  /usr/lib/x86_64-linux-gnu/libX11.so.6.4.0
7b1520400000-7b1520600000 rw-p 00000000 00:00 0 
7b1520600000-7b1520604000 r-xp 00000000 103:02 58603493                  /usr/lib/jvm/temurin-11-jdk-amd64/lib/libdt_socket.so
7b1520604000-7b1520804000 ---p 00004000 103:02 58603493                  /usr/lib/jvm/temurin-11-jdk-amd64/lib/libdt_socket.so
7b1520804000-7b1520805000 r--p 00004000 103:02 58603493                  /usr/lib/jvm/temurin-11-jdk-amd64/lib/libdt_socket.so
7b1520805000-7b1520806000 rw-p 00005000 103:02 58603493                  /usr/lib/jvm/temurin-11-jdk-amd64/lib/libdt_socket.so
7b15208ff000-7b1520900000 ---p 00000000 00:00 0 
7b1520900000-7b1520a00000 rw-p 00000000 00:00 0 
7b1520a00000-7b1520a04000 ---p 00000000 00:00 0 
7b1520a04000-7b1520b00000 rw-p 00000000 00:00 0 
7b1520b00000-7b1520b04000 ---p 00000000 00:00 0 
7b1520b04000-7b1520c00000 rw-p 00000000 00:00 0 
7b1520c00000-7b1521279000 r--p 00000000 103:02 58196334                  /usr/lib/locale/locale-archive
7b1521300000-7b1521304000 ---p 00000000 00:00 0 
7b1521304000-7b1521400000 rw-p 00000000 00:00 0 
7b1521400000-7b1523f40000 rw-p 00000000 00:00 0 
7b1523f40000-7b152b0e8000 ---p 00000000 00:00 0 
7b152b100000-7b152b104000 ---p 00000000 00:00 0 
7b152b104000-7b152b200000 rw-p 00000000 00:00 0 
7b152b200000-7b152bd40000 rw-p 00000000 00:00 0 
7b152bd40000-7b1532ee8000 ---p 00000000 00:00 0 
7b1532f00000-7b1532f04000 ---p 00000000 00:00 0 
7b1532f04000-7b1533000000 rw-p 00000000 00:00 0 
7b1533000000-7b1533168000 rw-p 00000000 00:00 0 
7b1533168000-7b1533f9d000 ---p 00000000 00:00 0 
7b1534000000-7b1534021000 rw-p 00000000 00:00 0 
7b1534021000-7b1538000000 ---p 00000000 00:00 0 
7b1538000000-7b1538004000 ---p 00000000 00:00 0 
7b1538004000-7b1538100000 rw-p 00000000 00:00 0 
7b1538100000-7b1538104000 ---p 00000000 00:00 0 
7b1538104000-7b1538200000 rw-p 00000000 00:00 0 
7b1538200000-7b1538204000 ---p 00000000 00:00 0 
7b1538204000-7b1538300000 rw-p 00000000 00:00 0 
7b1538300000-7b1538304000 ---p 00000000 00:00 0 
7b1538304000-7b1538400000 rw-p 00000000 00:00 0 
7b1538400000-7b1538404000 ---p 00000000 00:00 0 
7b1538404000-7b1538500000 rw-p 00000000 00:00 0 
7b1538500000-7b1538504000 ---p 00000000 00:00 0 
7b1538504000-7b1538600000 rw-p 00000000 00:00 0 
7b1538600000-7b1538dc0000 rw-p 00000000 00:00 0 
7b1538dc0000-7b1538f68000 rw-p 00000000 00:00 0 
7b1538f68000-7b1539d9d000 ---p 00000000 00:00 0 
7b1539e00000-7b1539f68000 rw-p 00000000 00:00 0 
7b1539f68000-7b153ad9d000 ---p 00000000 00:00 0 
7b153ae00000-7b153b070000 rwxp 00000000 00:00 0 
7b153b070000-7b153b391000 ---p 00000000 00:00 0 
7b153b391000-7b153ca21000 rwxp 00000000 00:00 0 
7b153ca21000-7b15428c8000 ---p 00000000 00:00 0 
7b15428c8000-7b1543768000 rwxp 00000000 00:00 0 
7b1543768000-7b1549e00000 ---p 00000000 00:00 0 
7b1549e00000-7b1552631000 r--s 00000000 103:02 58603524                  /usr/lib/jvm/temurin-11-jdk-amd64/lib/modules
7b1552700000-7b1552704000 ---p 00000000 00:00 0 
7b1552704000-7b1552800000 rw-p 00000000 00:00 0 
7b1552800000-7b155281b000 r-xp 00000000 103:02 58603523                  /usr/lib/jvm/temurin-11-jdk-amd64/lib/libzip.so
7b155281b000-7b1552a1a000 ---p 0001b000 103:02 58603523                  /usr/lib/jvm/temurin-11-jdk-amd64/lib/libzip.so
7b1552a1a000-7b1552a1b000 r--p 0001a000 103:02 58603523                  /usr/lib/jvm/temurin-11-jdk-amd64/lib/libzip.so
7b1552a1b000-7b1552a1c000 rw-p 0001b000 103:02 58603523                  /usr/lib/jvm/temurin-11-jdk-amd64/lib/libzip.so
7b1552afd000-7b1552afe000 ---p 00000000 00:00 0 
7b1552afe000-7b1552bfe000 rw-p 00000000 00:00 0 
7b1552bfe000-7b1552bff000 ---p 00000000 00:00 0 
7b1552bff000-7b1552cff000 rw-p 00000000 00:00 0 
7b1552cff000-7b1552d00000 ---p 00000000 00:00 0 
7b1552d00000-7b1552e00000 rw-p 00000000 00:00 0 
7b1552e00000-7b1552e0a000 r-xp 00000000 103:02 58603496                  /usr/lib/jvm/temurin-11-jdk-amd64/lib/libinstrument.so
7b1552e0a000-7b1553009000 ---p 0000a000 103:02 58603496                  /usr/lib/jvm/temurin-11-jdk-amd64/lib/libinstrument.so
7b1553009000-7b155300a000 r--p 00009000 103:02 58603496                  /usr/lib/jvm/temurin-11-jdk-amd64/lib/libinstrument.so
7b155300a000-7b155300b000 rw-p 0000a000 103:02 58603496                  /usr/lib/jvm/temurin-11-jdk-amd64/lib/libinstrument.so
7b1553032000-7b15530fd000 rw-s 00000000 00:01 163858                     /SYSV00000000 (deleted)
7b15530fd000-7b1553400000 rw-p 00000000 00:00 0 
7b1553400000-7b155343c000 r-xp 00000000 103:02 58603504                  /usr/lib/jvm/temurin-11-jdk-amd64/lib/libjdwp.so
7b155343c000-7b155363b000 ---p 0003c000 103:02 58603504                  /usr/lib/jvm/temurin-11-jdk-amd64/lib/libjdwp.so
7b155363b000-7b155363c000 r--p 0003b000 103:02 58603504                  /usr/lib/jvm/temurin-11-jdk-amd64/lib/libjdwp.so
7b155363c000-7b155363d000 rw-p 0003c000 103:02 58603504                  /usr/lib/jvm/temurin-11-jdk-amd64/lib/libjdwp.so
7b1553666000-7b1553668000 r--p 00000000 103:02 58223675                  /usr/lib/x86_64-linux-gnu/libpcre2-8.so.0.10.4
7b1553668000-7b15536d3000 r-xp 00002000 103:02 58223675                  /usr/lib/x86_64-linux-gnu/libpcre2-8.so.0.10.4
7b15536d3000-7b15536fb000 r--p 0006d000 103:02 58223675                  /usr/lib/x86_64-linux-gnu/libpcre2-8.so.0.10.4
7b15536fb000-7b15536fc000 r--p 00094000 103:02 58223675                  /usr/lib/x86_64-linux-gnu/libpcre2-8.so.0.10.4
7b15536fc000-7b15536fd000 rw-p 00095000 103:02 58223675                  /usr/lib/x86_64-linux-gnu/libpcre2-8.so.0.10.4
7b15536fd000-7b1553a00000 rw-p 00000000 00:00 0 
7b1553a00000-7b1553a1b000 r-xp 00000000 103:02 58603505                  /usr/lib/jvm/temurin-11-jdk-amd64/lib/libjimage.so
7b1553a1b000-7b1553c1a000 ---p 0001b000 103:02 58603505                  /usr/lib/jvm/temurin-11-jdk-amd64/lib/libjimage.so
7b1553c1a000-7b1553c1c000 r--p 0001a000 103:02 58603505                  /usr/lib/jvm/temurin-11-jdk-amd64/lib/libjimage.so
7b1553c1c000-7b1553c1d000 rw-p 0001c000 103:02 58603505                  /usr/lib/jvm/temurin-11-jdk-amd64/lib/libjimage.so
7b1553c27000-7b1553c29000 r--p 00000000 103:02 58222534                  /usr/lib/x86_64-linux-gnu/libXfixes.so.3.1.0
7b1553c29000-7b1553c2c000 r-xp 00002000 103:02 58222534                  /usr/lib/x86_64-linux-gnu/libXfixes.so.3.1.0
7b1553c2c000-7b1553c2d000 r--p 00005000 103:02 58222534                  /usr/lib/x86_64-linux-gnu/libXfixes.so.3.1.0
7b1553c2d000-7b1553c2e000 r--p 00006000 103:02 58222534                  /usr/lib/x86_64-linux-gnu/libXfixes.so.3.1.0
7b1553c2e000-7b1553c2f000 rw-p 00007000 103:02 58222534                  /usr/lib/x86_64-linux-gnu/libXfixes.so.3.1.0
7b1553c2f000-7b1553c31000 r--p 00000000 103:02 58222526                  /usr/lib/x86_64-linux-gnu/libXcursor.so.1.0.2
7b1553c31000-7b1553c37000 r-xp 00002000 103:02 58222526                  /usr/lib/x86_64-linux-gnu/libXcursor.so.1.0.2
7b1553c37000-7b1553c39000 r--p 00008000 103:02 58222526                  /usr/lib/x86_64-linux-gnu/libXcursor.so.1.0.2
7b1553c39000-7b1553c3a000 r--p 00009000 103:02 58222526                  /usr/lib/x86_64-linux-gnu/libXcursor.so.1.0.2
7b1553c3a000-7b1553c3b000 rw-p 0000a000 103:02 58222526                  /usr/lib/x86_64-linux-gnu/libXcursor.so.1.0.2
7b1553c4f000-7b1553c56000 r--p 00000000 103:02 47187319                  /home/tatsunidas/.config/dconf/user (deleted)
7b1553c56000-7b1553c87000 r--p 00000000 103:02 58327608                  /usr/share/glib-2.0/schemas/gschemas.compiled
7b1553c87000-7b1553c89000 r--p 00000000 103:02 58223671                  /usr/lib/x86_64-linux-gnu/libpcre.so.3.13.3
7b1553c89000-7b1553cde000 r-xp 00002000 103:02 58223671                  /usr/lib/x86_64-linux-gnu/libpcre.so.3.13.3
7b1553cde000-7b1553cfb000 r--p 00057000 103:02 58223671                  /usr/lib/x86_64-linux-gnu/libpcre.so.3.13.3
7b1553cfb000-7b1553cfc000 r--p 00073000 103:02 58223671                  /usr/lib/x86_64-linux-gnu/libpcre.so.3.13.3
7b1553cfc000-7b1553cfd000 rw-p 00074000 103:02 58223671                  /usr/lib/x86_64-linux-gnu/libpcre.so.3.13.3
7b1553cfd000-7b1553eff000 rw-p 00000000 00:00 0 
7b1553eff000-7b1553f00000 ---p 00000000 00:00 0 
7b1553f00000-7b1554000000 rw-p 00000000 00:00 0 
7b1554000000-7b1555b13000 rw-p 00000000 00:00 0 
7b1555b13000-7b1558000000 ---p 00000000 00:00 0 
7b1558000000-7b1558021000 r--p 00000000 103:02 58852444                  /usr/share/locale-langpack/ja/LC_MESSAGES/glib20.mo
7b1558021000-7b1558028000 r--p 00000000 103:02 58197109                  /usr/lib/x86_64-linux-gnu/libblkid.so.1.1.0
7b1558028000-7b1558048000 r-xp 00007000 103:02 58197109                  /usr/lib/x86_64-linux-gnu/libblkid.so.1.1.0
7b1558048000-7b1558051000 r--p 00027000 103:02 58197109                  /usr/lib/x86_64-linux-gnu/libblkid.so.1.1.0
7b1558051000-7b1558052000 ---p 00030000 103:02 58197109                  /usr/lib/x86_64-linux-gnu/libblkid.so.1.1.0
7b1558052000-7b1558057000 r--p 00030000 103:02 58197109                  /usr/lib/x86_64-linux-gnu/libblkid.so.1.1.0
7b1558057000-7b1558058000 rw-p 00035000 103:02 58197109                  /usr/lib/x86_64-linux-gnu/libblkid.so.1.1.0
7b1558058000-7b1558060000 r--p 00000000 103:02 58196656                  /usr/lib/x86_64-linux-gnu/libmount.so.1.1.0
7b1558060000-7b155808c000 r-xp 00008000 103:02 58196656                  /usr/lib/x86_64-linux-gnu/libmount.so.1.1.0
7b155808c000-7b1558099000 r--p 00034000 103:02 58196656                  /usr/lib/x86_64-linux-gnu/libmount.so.1.1.0
7b1558099000-7b155809a000 ---p 00041000 103:02 58196656                  /usr/lib/x86_64-linux-gnu/libmount.so.1.1.0
7b155809a000-7b155809b000 r--p 00041000 103:02 58196656                  /usr/lib/x86_64-linux-gnu/libmount.so.1.1.0
7b155809b000-7b155809c000 rw-p 00042000 103:02 58196656                  /usr/lib/x86_64-linux-gnu/libmount.so.1.1.0
7b155809c000-7b15580ab000 r--p 00000000 103:02 58198207                  /usr/lib/x86_64-linux-gnu/libgobject-2.0.so.0.7200.4
7b15580ab000-7b15580de000 r-xp 0000f000 103:02 58198207                  /usr/lib/x86_64-linux-gnu/libgobject-2.0.so.0.7200.4
7b15580de000-7b15580f8000 r--p 00042000 103:02 58198207                  /usr/lib/x86_64-linux-gnu/libgobject-2.0.so.0.7200.4
7b15580f8000-7b15580fb000 r--p 0005b000 103:02 58198207                  /usr/lib/x86_64-linux-gnu/libgobject-2.0.so.0.7200.4
7b15580fb000-7b15580fc000 rw-p 0005e000 103:02 58198207                  /usr/lib/x86_64-linux-gnu/libgobject-2.0.so.0.7200.4
7b15580fc000-7b15580fd000 ---p 00000000 00:00 0 
7b15580fd000-7b15581fd000 rw-p 00000000 00:00 0 
7b15581fd000-7b1558400000 rw-p 00000000 00:00 0 
7b1558400000-7b1558429000 r-xp 00000000 103:02 58603501                  /usr/lib/jvm/temurin-11-jdk-amd64/lib/libjava.so
7b1558429000-7b1558628000 ---p 00029000 103:02 58603501                  /usr/lib/jvm/temurin-11-jdk-amd64/lib/libjava.so
7b1558628000-7b1558629000 r--p 00028000 103:02 58603501                  /usr/lib/jvm/temurin-11-jdk-amd64/lib/libjava.so
7b1558629000-7b155862a000 rw-p 00029000 103:02 58603501                  /usr/lib/jvm/temurin-11-jdk-amd64/lib/libjava.so
7b155862a000-7b155862b000 rw-p 00000000 00:00 0 
7b155862f000-7b1558631000 r--p 00000000 103:02 58223052                  /usr/lib/x86_64-linux-gnu/libffi.so.8.1.0
7b1558631000-7b1558638000 r-xp 00002000 103:02 58223052                  /usr/lib/x86_64-linux-gnu/libffi.so.8.1.0
7b1558638000-7b1558639000 r--p 00009000 103:02 58223052                  /usr/lib/x86_64-linux-gnu/libffi.so.8.1.0
7b1558639000-7b155863a000 ---p 0000a000 103:02 58223052                  /usr/lib/x86_64-linux-gnu/libffi.so.8.1.0
7b155863a000-7b155863b000 r--p 0000a000 103:02 58223052                  /usr/lib/x86_64-linux-gnu/libffi.so.8.1.0
7b155863b000-7b155863c000 rw-p 0000b000 103:02 58223052                  /usr/lib/x86_64-linux-gnu/libffi.so.8.1.0
7b155863c000-7b1558642000 r--p 00000000 103:02 58223827                  /usr/lib/x86_64-linux-gnu/libselinux.so.1
7b1558642000-7b155865c000 r-xp 00006000 103:02 58223827                  /usr/lib/x86_64-linux-gnu/libselinux.so.1
7b155865c000-7b1558663000 r--p 00020000 103:02 58223827                  /usr/lib/x86_64-linux-gnu/libselinux.so.1
7b1558663000-7b1558664000 ---p 00027000 103:02 58223827                  /usr/lib/x86_64-linux-gnu/libselinux.so.1
7b1558664000-7b1558665000 r--p 00027000 103:02 58223827                  /usr/lib/x86_64-linux-gnu/libselinux.so.1
7b1558665000-7b1558666000 rw-p 00028000 103:02 58223827                  /usr/lib/x86_64-linux-gnu/libselinux.so.1
7b1558666000-7b1558668000 rw-p 00000000 00:00 0 
7b1558668000-7b155866a000 r--p 00000000 103:02 58222550                  /usr/lib/x86_64-linux-gnu/libXrandr.so.2.2.0
7b155866a000-7b1558671000 r-xp 00002000 103:02 58222550                  /usr/lib/x86_64-linux-gnu/libXrandr.so.2.2.0
7b1558671000-7b1558673000 r--p 00009000 103:02 58222550                  /usr/lib/x86_64-linux-gnu/libXrandr.so.2.2.0
7b1558673000-7b1558674000 r--p 0000a000 103:02 58222550                  /usr/lib/x86_64-linux-gnu/libXrandr.so.2.2.0
7b1558674000-7b1558675000 rw-p 0000b000 103:02 58222550                  /usr/lib/x86_64-linux-gnu/libXrandr.so.2.2.0
7b1558675000-7b1558676000 r--p 00000000 103:02 58222806                  /usr/lib/x86_64-linux-gnu/libbrotlicommon.so.1.0.9
7b1558676000-7b1558677000 r-xp 00001000 103:02 58222806                  /usr/lib/x86_64-linux-gnu/libbrotlicommon.so.1.0.9
7b1558677000-7b1558696000 r--p 00002000 103:02 58222806                  /usr/lib/x86_64-linux-gnu/libbrotlicommon.so.1.0.9
7b1558696000-7b1558697000 r--p 00020000 103:02 58222806                  /usr/lib/x86_64-linux-gnu/libbrotlicommon.so.1.0.9
7b1558697000-7b1558698000 rw-p 00021000 103:02 58222806                  /usr/lib/x86_64-linux-gnu/libbrotlicommon.so.1.0.9
7b1558698000-7b1558699000 r--p 00000000 103:02 58222808                  /usr/lib/x86_64-linux-gnu/libbrotlidec.so.1.0.9
7b1558699000-7b15586a1000 r-xp 00001000 103:02 58222808                  /usr/lib/x86_64-linux-gnu/libbrotlidec.so.1.0.9
7b15586a1000-7b15586a4000 r--p 00009000 103:02 58222808                  /usr/lib/x86_64-linux-gnu/libbrotlidec.so.1.0.9
7b15586a4000-7b15586a5000 r--p 0000b000 103:02 58222808                  /usr/lib/x86_64-linux-gnu/libbrotlidec.so.1.0.9
7b15586a5000-7b15586a6000 rw-p 0000c000 103:02 58222808                  /usr/lib/x86_64-linux-gnu/libbrotlidec.so.1.0.9
7b15586a6000-7b15586a8000 r--p 00000000 103:02 58224170                  /usr/lib/x86_64-linux-gnu/libz.so.1.2.11
7b15586a8000-7b15586b9000 r-xp 00002000 103:02 58224170                  /usr/lib/x86_64-linux-gnu/libz.so.1.2.11
7b15586b9000-7b15586bf000 r--p 00013000 103:02 58224170                  /usr/lib/x86_64-linux-gnu/libz.so.1.2.11
7b15586bf000-7b15586c0000 ---p 00019000 103:02 58224170                  /usr/lib/x86_64-linux-gnu/libz.so.1.2.11
7b15586c0000-7b15586c1000 r--p 00019000 103:02 58224170                  /usr/lib/x86_64-linux-gnu/libz.so.1.2.11
7b15586c1000-7b15586c2000 rw-p 0001a000 103:02 58224170                  /usr/lib/x86_64-linux-gnu/libz.so.1.2.11
7b15586c2000-7b15586c7000 r--p 00000000 103:02 58223713                  /usr/lib/x86_64-linux-gnu/libpng16.so.16.37.0
7b15586c7000-7b15586f0000 r-xp 00005000 103:02 58223713                  /usr/lib/x86_64-linux-gnu/libpng16.so.16.37.0
7b15586f0000-7b15586fb000 r--p 0002e000 103:02 58223713                  /usr/lib/x86_64-linux-gnu/libpng16.so.16.37.0
7b15586fb000-7b15586fc000 r--p 00038000 103:02 58223713                  /usr/lib/x86_64-linux-gnu/libpng16.so.16.37.0
7b15586fc000-7b15586fd000 rw-p 00039000 103:02 58223713                  /usr/lib/x86_64-linux-gnu/libpng16.so.16.37.0
7b15586fd000-7b1558a00000 rw-p 00000000 00:00 0 
7b1558a00000-7b1558a0d000 r-xp 00000000 103:02 58603522                  /usr/lib/jvm/temurin-11-jdk-amd64/lib/libverify.so
7b1558a0d000-7b1558c0c000 ---p 0000d000 103:02 58603522                  /usr/lib/jvm/temurin-11-jdk-amd64/lib/libverify.so
7b1558c0c000-7b1558c0e000 r--p 0000c000 103:02 58603522                  /usr/lib/jvm/temurin-11-jdk-amd64/lib/libverify.so
7b1558c0e000-7b1558c0f000 rw-p 0000e000 103:02 58603522                  /usr/lib/jvm/temurin-11-jdk-amd64/lib/libverify.so
7b1558c13000-7b1558c20000 r--p 00000000 103:02 58196362                  /usr/lib/x86_64-linux-gnu/libfreetype.so.6.18.1
7b1558c20000-7b1558ca9000 r-xp 0000d000 103:02 58196362                  /usr/lib/x86_64-linux-gnu/libfreetype.so.6.18.1
7b1558ca9000-7b1558cd2000 r--p 00096000 103:02 58196362                  /usr/lib/x86_64-linux-gnu/libfreetype.so.6.18.1
7b1558cd2000-7b1558cd3000 ---p 000bf000 103:02 58196362                  /usr/lib/x86_64-linux-gnu/libfreetype.so.6.18.1
7b1558cd3000-7b1558cda000 r--p 000bf000 103:02 58196362                  /usr/lib/x86_64-linux-gnu/libfreetype.so.6.18.1
7b1558cda000-7b1558cdb000 rw-p 000c6000 103:02 58196362                  /usr/lib/x86_64-linux-gnu/libfreetype.so.6.18.1
7b1558cdb000-7b1558cfd000 r--p 00000000 103:02 58851436                  /usr/share/locale-langpack/ja/LC_MESSAGES/libc.mo
7b1558cfd000-7b1559000000 rw-p 00000000 00:00 0 
7b1559000000-7b155a282000 r-xp 00000000 103:02 58603532                  /usr/lib/jvm/temurin-11-jdk-amd64/lib/server/libjvm.so
7b155a282000-7b155a481000 ---p 01282000 103:02 58603532                  /usr/lib/jvm/temurin-11-jdk-amd64/lib/server/libjvm.so
7b155a481000-7b155a547000 r--p 01281000 103:02 58603532                  /usr/lib/jvm/temurin-11-jdk-amd64/lib/server/libjvm.so
7b155a547000-7b155a582000 rw-p 01347000 103:02 58603532                  /usr/lib/jvm/temurin-11-jdk-amd64/lib/server/libjvm.so
7b155a582000-7b155a5da000 rw-p 00000000 00:00 0 
7b155a5df000-7b155a5e1000 r--p 00000000 103:02 58198206                  /usr/lib/x86_64-linux-gnu/libgmodule-2.0.so.0.7200.4
7b155a5e1000-7b155a5e3000 r-xp 00002000 103:02 58198206                  /usr/lib/x86_64-linux-gnu/libgmodule-2.0.so.0.7200.4
7b155a5e3000-7b155a5e4000 r--p 00004000 103:02 58198206                  /usr/lib/x86_64-linux-gnu/libgmodule-2.0.so.0.7200.4
7b155a5e4000-7b155a5e5000 r--p 00004000 103:02 58198206                  /usr/lib/x86_64-linux-gnu/libgmodule-2.0.so.0.7200.4
7b155a5e5000-7b155a5e6000 rw-p 00005000 103:02 58198206                  /usr/lib/x86_64-linux-gnu/libgmodule-2.0.so.0.7200.4
7b155a5e6000-7b155a5ea000 r--p 00000000 103:02 58222812                  /usr/lib/x86_64-linux-gnu/libbsd.so.0.11.5
7b155a5ea000-7b155a5f7000 r-xp 00004000 103:02 58222812                  /usr/lib/x86_64-linux-gnu/libbsd.so.0.11.5
7b155a5f7000-7b155a5fa000 r--p 00011000 103:02 58222812                  /usr/lib/x86_64-linux-gnu/libbsd.so.0.11.5
7b155a5fa000-7b155a5fb000 ---p 00014000 103:02 58222812                  /usr/lib/x86_64-linux-gnu/libbsd.so.0.11.5
7b155a5fb000-7b155a5fc000 r--p 00014000 103:02 58222812                  /usr/lib/x86_64-linux-gnu/libbsd.so.0.11.5
7b155a5fc000-7b155a5fd000 rw-p 00015000 103:02 58222812                  /usr/lib/x86_64-linux-gnu/libbsd.so.0.11.5
7b155a5fd000-7b155a6ff000 rw-p 00000000 00:00 0 
7b155a6ff000-7b155a700000 ---p 00000000 00:00 0 
7b155a700000-7b155a800000 rw-p 00000000 00:00 0 
7b155a800000-7b155a828000 r--p 00000000 103:02 58206679                  /usr/lib/x86_64-linux-gnu/libc.so.6
7b155a828000-7b155a9bd000 r-xp 00028000 103:02 58206679                  /usr/lib/x86_64-linux-gnu/libc.so.6
7b155a9bd000-7b155aa15000 r--p 001bd000 103:02 58206679                  /usr/lib/x86_64-linux-gnu/libc.so.6
7b155aa15000-7b155aa16000 ---p 00215000 103:02 58206679                  /usr/lib/x86_64-linux-gnu/libc.so.6
7b155aa16000-7b155aa1a000 r--p 00215000 103:02 58206679                  /usr/lib/x86_64-linux-gnu/libc.so.6
7b155aa1a000-7b155aa1c000 rw-p 00219000 103:02 58206679                  /usr/lib/x86_64-linux-gnu/libc.so.6
7b155aa1c000-7b155aa29000 rw-p 00000000 00:00 0 
7b155aa2c000-7b155aa2e000 r--p 00000000 103:02 58223478                  /usr/lib/x86_64-linux-gnu/libmd.so.0.0.5
7b155aa2e000-7b155aa35000 r-xp 00002000 103:02 58223478                  /usr/lib/x86_64-linux-gnu/libmd.so.0.0.5
7b155aa35000-7b155aa37000 r--p 00009000 103:02 58223478                  /usr/lib/x86_64-linux-gnu/libmd.so.0.0.5
7b155aa37000-7b155aa38000 r--p 0000a000 103:02 58223478                  /usr/lib/x86_64-linux-gnu/libmd.so.0.0.5
7b155aa38000-7b155aa39000 rw-p 0000b000 103:02 58223478                  /usr/lib/x86_64-linux-gnu/libmd.so.0.0.5
7b155aa39000-7b155aa3b000 r--p 00000000 103:02 58222530                  /usr/lib/x86_64-linux-gnu/libXdmcp.so.6.0.0
7b155aa3b000-7b155aa3d000 r-xp 00002000 103:02 58222530                  /usr/lib/x86_64-linux-gnu/libXdmcp.so.6.0.0
7b155aa3d000-7b155aa3f000 r--p 00004000 103:02 58222530                  /usr/lib/x86_64-linux-gnu/libXdmcp.so.6.0.0
7b155aa3f000-7b155aa40000 r--p 00005000 103:02 58222530                  /usr/lib/x86_64-linux-gnu/libXdmcp.so.6.0.0
7b155aa40000-7b155aa41000 rw-p 00006000 103:02 58222530                  /usr/lib/x86_64-linux-gnu/libXdmcp.so.6.0.0
7b155aa41000-7b155aa4c000 r--p 00000000 103:02 58224134                  /usr/lib/x86_64-linux-gnu/libxcb.so.1.1.0
7b155aa4c000-7b155aa60000 r-xp 0000b000 103:02 58224134                  /usr/lib/x86_64-linux-gnu/libxcb.so.1.1.0
7b155aa60000-7b155aa69000 r--p 0001f000 103:02 58224134                  /usr/lib/x86_64-linux-gnu/libxcb.so.1.1.0
7b155aa69000-7b155aa6a000 r--p 00027000 103:02 58224134                  /usr/lib/x86_64-linux-gnu/libxcb.so.1.1.0
7b155aa6a000-7b155aa6b000 rw-p 00028000 103:02 58224134                  /usr/lib/x86_64-linux-gnu/libxcb.so.1.1.0
7b155aa6b000-7b155aa6e000 r--p 00000000 103:02 58222540                  /usr/lib/x86_64-linux-gnu/libXi.so.6.1.0
7b155aa6e000-7b155aa7a000 r-xp 00003000 103:02 58222540                  /usr/lib/x86_64-linux-gnu/libXi.so.6.1.0
7b155aa7a000-7b155aa7d000 r--p 0000f000 103:02 58222540                  /usr/lib/x86_64-linux-gnu/libXi.so.6.1.0
7b155aa7d000-7b155aa7e000 r--p 00011000 103:02 58222540                  /usr/lib/x86_64-linux-gnu/libXi.so.6.1.0
7b155aa7e000-7b155aa7f000 rw-p 00012000 103:02 58222540                  /usr/lib/x86_64-linux-gnu/libXi.so.6.1.0
7b155aa7f000-7b155aa81000 r--p 00000000 103:02 58222558                  /usr/lib/x86_64-linux-gnu/libXtst.so.6.1.0
7b155aa81000-7b155aa84000 r-xp 00002000 103:02 58222558                  /usr/lib/x86_64-linux-gnu/libXtst.so.6.1.0
7b155aa84000-7b155aa85000 r--p 00005000 103:02 58222558                  /usr/lib/x86_64-linux-gnu/libXtst.so.6.1.0
7b155aa85000-7b155aa86000 r--p 00005000 103:02 58222558                  /usr/lib/x86_64-linux-gnu/libXtst.so.6.1.0
7b155aa86000-7b155aa87000 rw-p 00006000 103:02 58222558                  /usr/lib/x86_64-linux-gnu/libXtst.so.6.1.0
7b155aa87000-7b155aa89000 r--p 00000000 103:02 58222552                  /usr/lib/x86_64-linux-gnu/libXrender.so.1.3.0
7b155aa89000-7b155aa90000 r-xp 00002000 103:02 58222552                  /usr/lib/x86_64-linux-gnu/libXrender.so.1.3.0
7b155aa90000-7b155aa92000 r--p 00009000 103:02 58222552                  /usr/lib/x86_64-linux-gnu/libXrender.so.1.3.0
7b155aa92000-7b155aa93000 r--p 0000a000 103:02 58222552                  /usr/lib/x86_64-linux-gnu/libXrender.so.1.3.0
7b155aa93000-7b155aa94000 rw-p 0000b000 103:02 58222552                  /usr/lib/x86_64-linux-gnu/libXrender.so.1.3.0
7b155aa94000-7b155ab33000 rw-p 00000000 00:00 0 
7b155ab33000-7b155ac00000 ---p 00000000 00:00 0 
7b155ac00000-7b155ac1a000 r-xp 00000000 103:02 58603485                  /usr/lib/jvm/temurin-11-jdk-amd64/lib/jli/libjli.so
7b155ac1a000-7b155ae1a000 ---p 0001a000 103:02 58603485                  /usr/lib/jvm/temurin-11-jdk-amd64/lib/jli/libjli.so
7b155ae1a000-7b155ae1b000 r--p 0001a000 103:02 58603485                  /usr/lib/jvm/temurin-11-jdk-amd64/lib/jli/libjli.so
7b155ae1b000-7b155ae1c000 rw-p 0001b000 103:02 58603485                  /usr/lib/jvm/temurin-11-jdk-amd64/lib/jli/libjli.so
7b155ae1d000-7b155ae1e000 r--p 00000000 103:02 58222519                  /usr/lib/x86_64-linux-gnu/libXau.so.6.0.0
7b155ae1e000-7b155ae20000 r-xp 00001000 103:02 58222519                  /usr/lib/x86_64-linux-gnu/libXau.so.6.0.0
7b155ae20000-7b155ae21000 r--p 00003000 103:02 58222519                  /usr/lib/x86_64-linux-gnu/libXau.so.6.0.0
7b155ae21000-7b155ae22000 r--p 00003000 103:02 58222519                  /usr/lib/x86_64-linux-gnu/libXau.so.6.0.0
7b155ae22000-7b155ae23000 rw-p 00004000 103:02 58222519                  /usr/lib/x86_64-linux-gnu/libXau.so.6.0.0
7b155ae23000-7b155ae27000 r--p 00000000 103:02 58222532                  /usr/lib/x86_64-linux-gnu/libXext.so.6.4.0
7b155ae27000-7b155ae32000 r-xp 00004000 103:02 58222532                  /usr/lib/x86_64-linux-gnu/libXext.so.6.4.0
7b155ae32000-7b155ae36000 r--p 0000f000 103:02 58222532                  /usr/lib/x86_64-linux-gnu/libXext.so.6.4.0
7b155ae36000-7b155ae37000 r--p 00012000 103:02 58222532                  /usr/lib/x86_64-linux-gnu/libXext.so.6.4.0
7b155ae37000-7b155ae38000 rw-p 00013000 103:02 58222532                  /usr/lib/x86_64-linux-gnu/libXext.so.6.4.0
7b155ae3c000-7b155ae40000 r--p 00000000 103:02 58225368                  /usr/lib/x86_64-linux-gnu/gio/modules/libdconfsettings.so
7b155ae40000-7b155ae47000 r-xp 00004000 103:02 58225368                  /usr/lib/x86_64-linux-gnu/gio/modules/libdconfsettings.so
7b155ae47000-7b155ae4a000 r--p 0000b000 103:02 58225368                  /usr/lib/x86_64-linux-gnu/gio/modules/libdconfsettings.so
7b155ae4a000-7b155ae4b000 r--p 0000e000 103:02 58225368                  /usr/lib/x86_64-linux-gnu/gio/modules/libdconfsettings.so
7b155ae4b000-7b155ae4c000 rw-p 0000f000 103:02 58225368                  /usr/lib/x86_64-linux-gnu/gio/modules/libdconfsettings.so
7b155ae4c000-7b155af14000 rw-p 00000000 00:00 0 
7b155af14000-7b155afd1000 ---p 00000000 00:00 0 
7b155afd1000-7b155afd6000 rw-p 00000000 00:00 0 
7b155afd6000-7b155afdd000 ---p 00000000 00:00 0 
7b155afdd000-7b155afde000 r--p 00000000 103:02 58206703                  /usr/lib/x86_64-linux-gnu/librt.so.1
7b155afde000-7b155afdf000 r-xp 00001000 103:02 58206703                  /usr/lib/x86_64-linux-gnu/librt.so.1
7b155afdf000-7b155afe0000 r--p 00002000 103:02 58206703                  /usr/lib/x86_64-linux-gnu/librt.so.1
7b155afe0000-7b155afe1000 r--p 00002000 103:02 58206703                  /usr/lib/x86_64-linux-gnu/librt.so.1
7b155afe1000-7b155afe2000 rw-p 00003000 103:02 58206703                  /usr/lib/x86_64-linux-gnu/librt.so.1
7b155afe2000-7b155afe6000 ---p 00000000 00:00 0 
7b155afe6000-7b155b0e2000 rw-p 00000000 00:00 0 
7b155b0e2000-7b155b0f0000 r--p 00000000 103:02 58206685                  /usr/lib/x86_64-linux-gnu/libm.so.6
7b155b0f0000-7b155b16c000 r-xp 0000e000 103:02 58206685                  /usr/lib/x86_64-linux-gnu/libm.so.6
7b155b16c000-7b155b1c7000 r--p 0008a000 103:02 58206685                  /usr/lib/x86_64-linux-gnu/libm.so.6
7b155b1c7000-7b155b1c8000 r--p 000e4000 103:02 58206685                  /usr/lib/x86_64-linux-gnu/libm.so.6
7b155b1c8000-7b155b1c9000 rw-p 000e5000 103:02 58206685                  /usr/lib/x86_64-linux-gnu/libm.so.6
7b155b1c9000-7b155b1cb000 rw-p 00000000 00:00 0 
7b155b1cb000-7b155b1cc000 r--p 00000000 103:02 58206683                  /usr/lib/x86_64-linux-gnu/libdl.so.2
7b155b1cc000-7b155b1cd000 r-xp 00001000 103:02 58206683                  /usr/lib/x86_64-linux-gnu/libdl.so.2
7b155b1cd000-7b155b1ce000 r--p 00002000 103:02 58206683                  /usr/lib/x86_64-linux-gnu/libdl.so.2
7b155b1ce000-7b155b1cf000 r--p 00002000 103:02 58206683                  /usr/lib/x86_64-linux-gnu/libdl.so.2
7b155b1cf000-7b155b1d0000 rw-p 00003000 103:02 58206683                  /usr/lib/x86_64-linux-gnu/libdl.so.2
7b155b1d0000-7b155b1d1000 r--p 00000000 103:02 58206701                  /usr/lib/x86_64-linux-gnu/libpthread.so.0
7b155b1d1000-7b155b1d2000 r-xp 00001000 103:02 58206701                  /usr/lib/x86_64-linux-gnu/libpthread.so.0
7b155b1d2000-7b155b1d3000 r--p 00002000 103:02 58206701                  /usr/lib/x86_64-linux-gnu/libpthread.so.0
7b155b1d3000-7b155b1d4000 r--p 00002000 103:02 58206701                  /usr/lib/x86_64-linux-gnu/libpthread.so.0
7b155b1d4000-7b155b1d5000 rw-p 00003000 103:02 58206701                  /usr/lib/x86_64-linux-gnu/libpthread.so.0
7b155b1d8000-7b155b1df000 r--s 00000000 103:02 58210169                  /usr/lib/x86_64-linux-gnu/gconv/gconv-modules.cache
7b155b1df000-7b155b1e7000 rw-s 00000000 103:02 60424254                  /tmp/hsperfdata_tatsunidas/9455
7b155b1e7000-7b155b1e8000 ---p 00000000 00:00 0 
7b155b1e8000-7b155b1e9000 r--p 00000000 00:00 0 
7b155b1e9000-7b155b1eb000 rw-p 00000000 00:00 0 
7b155b1eb000-7b155b1ed000 r--p 00000000 103:02 58206672                  /usr/lib/x86_64-linux-gnu/ld-linux-x86-64.so.2
7b155b1ed000-7b155b217000 r-xp 00002000 103:02 58206672                  /usr/lib/x86_64-linux-gnu/ld-linux-x86-64.so.2
7b155b217000-7b155b222000 r--p 0002c000 103:02 58206672                  /usr/lib/x86_64-linux-gnu/ld-linux-x86-64.so.2
7b155b222000-7b155b223000 r--s 00000000 00:36 86                         /run/user/1000/dconf/user (deleted)
7b155b223000-7b155b225000 r--p 00037000 103:02 58206672                  /usr/lib/x86_64-linux-gnu/ld-linux-x86-64.so.2
7b155b225000-7b155b227000 rw-p 00039000 103:02 58206672                  /usr/lib/x86_64-linux-gnu/ld-linux-x86-64.so.2
7fffd20db000-7fffd20fe000 rw-p 00000000 00:00 0                          [stack]
7fffd212f000-7fffd2133000 r--p 00000000 00:00 0                          [vvar]
7fffd2133000-7fffd2135000 r-xp 00000000 00:00 0                          [vdso]
ffffffffff600000-ffffffffff601000 --xp 00000000 00:00 0                  [vsyscall]


VM Arguments:
jvm_args: -agentlib:jdwp=transport=dt_socket,suspend=y,address=localhost:43819 -Djava.library.path=./native/native_opencv/linux-x86-64 -javaagent:/home/tatsunidas/eclipse/java-2023-03/eclipse/configuration/org.eclipse.osgi/225/0/.cp/lib/javaagent-shaded.jar -Dfile.encoding=UTF-8 
java_command: com.vis.core.launcher.Launcher
java_class_path (initial): /home/tatsunidas/graphy-workspace3/graphy/target/classes:/home/tatsunidas/.m2/repository/net/imagej/ij/1.54f/ij-1.54f.jar:/home/tatsunidas/.m2/repository/org/jogamp/gluegen/gluegen-rt-main/2.3.2/gluegen-rt-main-2.3.2.jar:/home/tatsunidas/.m2/repository/org/jogamp/gluegen/gluegen-rt/2.3.2/gluegen-rt-2.3.2.jar:/home/tatsunidas/.m2/repository/org/jogamp/gluegen/gluegen-rt/2.3.2/gluegen-rt-2.3.2-natives-android-aarch64.jar:/home/tatsunidas/.m2/repository/org/jogamp/gluegen/gluegen-rt/2.3.2/gluegen-rt-2.3.2-natives-android-armv6.jar:/home/tatsunidas/.m2/repository/org/jogamp/gluegen/gluegen-rt/2.3.2/gluegen-rt-2.3.2-natives-linux-amd64.jar:/home/tatsunidas/.m2/repository/org/jogamp/gluegen/gluegen-rt/2.3.2/gluegen-rt-2.3.2-natives-linux-armv6.jar:/home/tatsunidas/.m2/repository/org/jogamp/gluegen/gluegen-rt/2.3.2/gluegen-rt-2.3.2-natives-linux-armv6hf.jar:/home/tatsunidas/.m2/repository/org/jogamp/gluegen/gluegen-rt/2.3.2/gluegen-rt-2.3.2-natives-linux-i586.jar:/home/tatsunidas/.m2/repository/org/jogamp/gluegen/gluegen-rt/2.3.2/gluegen-rt-2.3.2-natives-macosx-universal.jar:/home/tatsunidas/.m2/repository/org/jogamp/gluegen/gluegen-rt/2.3.2/gluegen-rt-2.3.2-natives-solaris-amd64.jar:/home/tatsunidas/.m2/repository/org/jogamp/gluegen/gluegen-rt/2.3.2/gluegen-rt-2.3.2-natives-solaris-i586.jar:/home/tatsunidas/.m2/repository/org/jogamp/gluegen/gluegen-rt/2.3.2/gluegen-rt-2.3.2-natives-windows-amd64.jar:/home/tatsunidas/.m2/repository/org/jogamp/gluegen/gluegen-rt/2.3.2/gluegen-rt-2.3.2-natives-windows-i586.jar:/home/tatsunidas/.m2/repository/org/jogamp/jogl/jogl-all-main/2.3.2/jogl-all-main-2.3.2.jar:/home/tatsunidas/.m2/repository/org/jogamp/jogl/jogl-all/2.3.2/jogl-all-2.3.2.jar:/home/tatsunidas/.m2/repository/org/jogamp/jogl/jogl-all/2.3.2/jogl-all-2.3.2-natives-android-aarch64.jar:/home/tatsunidas/.m2/repository/org/jogamp/jogl/jogl-all/2.3.2/jogl-all-2.3.2-natives-android-armv6.jar:/home/tatsunidas/.m2/repository/org/jogamp/jogl/jogl-all/2.3
Launcher Type: SUN_STANDARD

[Global flags]
     intx CICompilerCount                          = 4                                         {product} {ergonomic}
     uint ConcGCThreads                            = 2                                         {product} {ergonomic}
     uint G1ConcRefinementThreads                  = 8                                         {product} {ergonomic}
   size_t G1HeapRegionSize                         = 2097152                                   {product} {ergonomic}
    uintx GCDrainStackTargetSize                   = 64                                        {product} {ergonomic}
   size_t InitialHeapSize                          = 524288000                                 {product} {ergonomic}
   size_t MarkStackSize                            = 4194304                                   {product} {ergonomic}
   size_t MaxHeapSize                              = 8382316544                                {product} {ergonomic}
   size_t MaxNewSize                               = 5028970496                                {product} {ergonomic}
   size_t MinHeapDeltaBytes                        = 2097152                                   {product} {ergonomic}
    uintx NonNMethodCodeHeapSize                   = 5836300                                {pd product} {ergonomic}
    uintx NonProfiledCodeHeapSize                  = 122910970                              {pd product} {ergonomic}
    uintx ProfiledCodeHeapSize                     = 122910970                              {pd product} {ergonomic}
    uintx ReservedCodeCacheSize                    = 251658240                              {pd product} {ergonomic}
     bool SegmentedCodeCache                       = true                                      {product} {ergonomic}
     bool UseCompressedClassPointers               = true                                 {lp64_product} {ergonomic}
     bool UseCompressedOops                        = true                                 {lp64_product} {ergonomic}
     bool UseG1GC                                  = true                                      {product} {ergonomic}

Logging:
Log output configuration:
 #0: stdout all=warning uptime,level,tags
 #1: stderr all=off uptime,level,tags

Environment Variables:
PATH=/usr/local/sbin:/usr/local/bin:/usr/sbin:/usr/bin:/sbin:/bin:/usr/games:/usr/local/games:/snap/bin:/snap/bin:/home/tatsunidas/dcm4che-5.30.0/bin
USERNAME=tatsunidas
SHELL=/bin/bash
DISPLAY=:1
LANG=ja_JP.UTF-8

Signal Handlers:
SIGSEGV: [libjvm.so+0xf51350], sa_mask[0]=11111111011111111101111111111110, sa_flags=SA_RESTART|SA_SIGINFO
SIGBUS: [libjvm.so+0xf51350], sa_mask[0]=11111111011111111101111111111110, sa_flags=SA_RESTART|SA_SIGINFO
SIGFPE: [libjvm.so+0xf51350], sa_mask[0]=11111111011111111101111111111110, sa_flags=SA_RESTART|SA_SIGINFO
SIGPIPE: SIG_IGN, sa_mask[0]=00000000000010000000000000000000, sa_flags=SA_RESTART
SIGXFSZ: [libjvm.so+0xc72290], sa_mask[0]=11111111011111111101111111111110, sa_flags=SA_RESTART|SA_SIGINFO
SIGILL: [libjvm.so+0xf51350], sa_mask[0]=11111111011111111101111111111110, sa_flags=SA_RESTART|SA_SIGINFO
SIGUSR2: [libjvm.so+0xc72130], sa_mask[0]=00100000000000000000000000000000, sa_flags=SA_RESTART|SA_SIGINFO
SIGHUP: [libjvm.so+0xc726a0], sa_mask[0]=11111111011111111101111111111110, sa_flags=SA_RESTART|SA_SIGINFO
SIGINT: [libjvm.so+0xc726a0], sa_mask[0]=11111111011111111101111111111110, sa_flags=SA_RESTART|SA_SIGINFO
SIGTERM: [libjvm.so+0xc726a0], sa_mask[0]=11111111011111111101111111111110, sa_flags=SA_RESTART|SA_SIGINFO
SIGQUIT: [libjvm.so+0xc726a0], sa_mask[0]=11111111011111111101111111111110, sa_flags=SA_RESTART|SA_SIGINFO


---------------  S Y S T E M  ---------------

OS:DISTRIB_ID=Ubuntu
DISTRIB_RELEASE=22.04
DISTRIB_CODENAME=jammy
DISTRIB_DESCRIPTION="Ubuntu 22.04.4 LTS"
uname:Linux 6.8.0-40-generic #40~22.04.3-Ubuntu SMP PREEMPT_DYNAMIC Tue Jul 30 17:30:19 UTC 2 x86_64
OS uptime: 0 days 5:31 hours
libc:glibc 2.35 NPTL 2.35 
rlimit (soft/hard): STACK 8192k/infinity , CORE 0k/infinity , NPROC 127595/127595 , NOFILE 1048576/1048576 , AS infinity/infinity , CPU infinity/infinity , DATA infinity/infinity , FSIZE infinity/infinity , MEMLOCK 4092776k/4092776k
load average:1.83 1.72 2.54

/proc/meminfo:
MemTotal:       32742224 kB
MemFree:        21644180 kB
MemAvailable:   25728580 kB
Buffers:          431164 kB
Cached:          3703348 kB
SwapCached:            0 kB
Active:          6752276 kB
Inactive:        2116804 kB
Active(anon):    5441084 kB
Inactive(anon):        0 kB
Active(file):    1311192 kB
Inactive(file):  2116804 kB
Unevictable:      695664 kB
Mlocked:           12780 kB
SwapTotal:       2097148 kB
SwapFree:        2097148 kB
Zswap:                 0 kB
Zswapped:              0 kB
Dirty:                40 kB
Writeback:             0 kB
AnonPages:       5430256 kB
Mapped:           768556 kB
Shmem:            693800 kB
KReclaimable:    1125708 kB
Slab:            1349736 kB
SReclaimable:    1125708 kB
SUnreclaim:       224028 kB
KernelStack:       17168 kB
PageTables:        42368 kB
SecPageTables:         0 kB
NFS_Unstable:          0 kB
Bounce:                0 kB
WritebackTmp:          0 kB
CommitLimit:    18468260 kB
Committed_AS:   10905516 kB
VmallocTotal:   34359738367 kB
VmallocUsed:       49380 kB
VmallocChunk:          0 kB
Percpu:             7968 kB
HardwareCorrupted:     0 kB
AnonHugePages:         0 kB
ShmemHugePages:   616448 kB
ShmemPmdMapped:        0 kB
FileHugePages:         0 kB
FilePmdMapped:         0 kB
Unaccepted:            0 kB
HugePages_Total:       0
HugePages_Free:        0
HugePages_Rsvd:        0
HugePages_Surp:        0
Hugepagesize:       2048 kB
Hugetlb:               0 kB
DirectMap4k:      221000 kB
DirectMap2M:     5947392 kB
DirectMap1G:    27262976 kB

/sys/kernel/mm/transparent_hugepage/enabled:
always [madvise] never
/sys/kernel/mm/transparent_hugepage/defrag (defrag/compaction efforts parameter):
always defer defer+madvise [madvise] never

Process Memory:
Virtual Size: 13146916K (peak: 13152132K)
Resident Set Size: 985584K (peak: 985584K) (anon: 949440K, file: 34688K, shmem: 1456K)
Swapped out: 0K
C-Heap outstanding allocations: 54638K, retained: 157921K
glibc malloc tunables: (default)

/proc/sys/kernel/threads-max (system-wide limit on the number of threads):
255190
/proc/sys/vm/max_map_count (maximum number of memory map areas a process may have):
65530
/proc/sys/kernel/pid_max (system-wide limit on number of process identifiers):
4194304

container (cgroup) information:
container_type: cgroupv2
cpu_cpuset_cpus: not supported
cpu_memory_nodes: not supported
active_processor_count: 8
cpu_quota: not supported
cpu_period: not supported
cpu_shares: not supported
memory_limit_in_bytes: unlimited
memory_and_swap_limit_in_bytes: unlimited
memory_soft_limit_in_bytes: unlimited
memory_usage_in_bytes: 4521872 k
memory_max_usage_in_bytes: not supported
memory_swap_current_in_bytes: unlimited
memory_swap_max_limit_in_bytes: unlimited
maximum number of tasks: 38278
current number of tasks: 220

Steal ticks since vm start: 0
Steal ticks percentage since vm start:  0.000

CPU:total 8 (initial active 8) (4 cores per cpu, 2 threads per core) family 6 model 142 stepping 10 microcode 0xf6, cmov, cx8, fxsr, mmx, sse, sse2, sse3, ssse3, sse4.1, sse4.2, popcnt, avx, avx2, aes, clmul, erms, 3dnowpref, lzcnt, ht, tsc, tscinvbit, bmi1, bmi2, adx, fma
CPU Model and flags from /proc/cpuinfo:
model name	: Intel(R) Core(TM) i7-8550U CPU @ 1.80GHz
flags		: fpu vme de pse tsc msr pae mce cx8 apic sep mtrr pge mca cmov pat pse36 clflush dts acpi mmx fxsr sse sse2 ss ht tm pbe syscall nx pdpe1gb rdtscp lm constant_tsc art arch_perfmon pebs bts rep_good nopl xtopology nonstop_tsc cpuid aperfmperf pni pclmulqdq dtes64 monitor ds_cpl vmx est tm2 ssse3 sdbg fma cx16 xtpr pdcm pcid sse4_1 sse4_2 x2apic movbe popcnt tsc_deadline_timer aes xsave avx f16c rdrand lahf_lm abm 3dnowprefetch cpuid_fault epb pti ssbd ibrs ibpb stibp tpr_shadow flexpriority ept vpid ept_ad fsgsbase tsc_adjust bmi1 avx2 smep bmi2 erms invpcid mpx rdseed adx smap clflushopt intel_pt xsaveopt xsavec xgetbv1 xsaves dtherm ida arat pln pts hwp hwp_notify hwp_act_window hwp_epp vnmi md_clear flush_l1d arch_capabilities
Online cpus:
0-7
Offline cpus:

BIOS frequency limitation:
<Not Available>
Frequency switch latency (ns):
0
Available cpu frequencies:
<Not Available>
Current governor:
powersave
Core performance/turbo boost:
<Not Available>

Memory: 4k page, physical 32742224k(21644180k free), swap 2097148k(2097148k free)

vm_info: OpenJDK 64-Bit Server VM (11.0.24+8) for linux-amd64 JRE (11.0.24+8), built on Jul 17 2024 01:04:23 by "" with gcc 7.5.0

END.
