#
# A fatal error has been detected by the Java Runtime Environment:
#
#  Internal Error (generateOopMap.cpp:2170), pid=88974, tid=88986
#  fatal error: Illegal class file encountered. Try running with -Xverify:all in method createBrush
#
# JRE version: OpenJDK Runtime Environment Temurin-11.0.24+8 (11.0.24+8) (build 11.0.24+8)
# Java VM: OpenJDK 64-Bit Server VM Temurin-11.0.24+8 (11.0.24+8, mixed mode, tiered, compressed oops, g1 gc, linux-amd64)
# Core dump will be written. Default location: Core dumps may be processed with "/usr/share/apport/apport -p%p -s%s -c%c -d%d -P%P -u%u -g%g -- %E" (or dumping to /home/tatsunidas/graphy-workspace3/graphy/core.88974)
#
# If you would like to submit a bug report, please visit:
#   https://github.com/adoptium/adoptium-support/issues
#

---------------  S U M M A R Y ------------

Command Line: -agentlib:jdwp=transport=dt_socket,suspend=y,address=localhost:42843 -Djava.library.path=./native/native_opencv/linux-x86-64 -javaagent:/home/tatsunidas/eclipse/java-2023-03/eclipse/configuration/org.eclipse.osgi/225/0/.cp/lib/javaagent-shaded.jar -Dfile.encoding=UTF-8 com.vis.core.launcher.Launcher

Host: Intel(R) Core(TM) i7-8550U CPU @ 1.80GHz, 8 cores, 31G, Ubuntu 22.04.4 LTS
Time: Tue Aug 27 11:31:27 2024 JST elapsed time: 7818.672722 seconds (0d 2h 10m 18s)

---------------  T H R E A D  ---------------

Current thread (0x0000742fa82ce800):  VMThread "VM Thread" [stack: 0x0000742f8c300000,0x0000742f8c400000] [id=88986]

Stack: [0x0000742f8c300000,0x0000742f8c400000],  sp=0x0000742f8c3fdaa0,  free space=1014k
Native frames: (J=compiled Java code, A=aot compiled Java code, j=interpreted, Vv=VM code, C=native code)
V  [libjvm.so+0xf4f71a]  VMError::report_and_die(int, char const*, char const*, __va_list_tag*, Thread*, unsigned char*, void*, void*, char const*, int, unsigned long)+0x1ca
V  [libjvm.so+0x6d7f0f]  report_fatal(VMErrorType, char const*, int, char const*, ...)+0x10f
V  [libjvm.so+0x84436f]  GenerateOopMap::error_work(char const*, __va_list_tag*)+0xcf
V  [libjvm.so+0x84444b]  GenerateOopMap::report_error(char const*, ...) [clone .constprop.80]+0x8b
V  [libjvm.so+0x846637]  GenerateOopMap::ppload(CellTypeState*, int)+0xf7
V  [libjvm.so+0x847753]  GenerateOopMap::interp1(BytecodeStream*)+0x1013
V  [libjvm.so+0x84905c]  GenerateOopMap::interp_bb(BasicBlock*)+0x15c
V  [libjvm.so+0x84bc3d]  GenerateOopMap::do_interpretation()+0xbd
V  [libjvm.so+0x84bff9]  GenerateOopMap::compute_map(Thread*)+0x269
V  [libjvm.so+0xc6670a]  OopMapCacheEntry::fill(methodHandle const&, int)+0x20a
V  [libjvm.so+0xc66c8b]  OopMapCache::compute_one_oop_map(methodHandle const&, int, InterpreterOopMap*)+0x6b
V  [libjvm.so+0xbf03e6]  Method::mask_for(int, InterpreterOopMap*)+0x76
V  [libjvm.so+0xa73e8c]  VM_GetOrSetLocal::doit()+0x4c
V  [libjvm.so+0xf52e47]  VM_Operation::evaluate()+0xe7
V  [libjvm.so+0xf5940f]  VMThread::evaluate_operation(VM_Operation*) [clone .constprop.66]+0xff
V  [libjvm.so+0xf59988]  VMThread::loop()+0x428
V  [libjvm.so+0xf59e23]  VMThread::run()+0x73
V  [libjvm.so+0xedefaf]  Thread::call_run()+0x14f
V  [libjvm.so+0xc7d336]  thread_native_entry(Thread*)+0xe6

VM_Operation (0x0000742f70ffe890): GetOrSetLocal, mode: safepoint, requested by thread 0x0000742fa8463800


---------------  P R O C E S S  ---------------

Threads class SMR info:
_java_thread_list=0x0000742eacbfa440, length=20, elements={
0x0000742fa82d7000, 0x0000742fa82db000, 0x0000742fa82f0000, 0x0000742fa82f2000,
0x0000742fa82f4000, 0x0000742fa82f6000, 0x0000742fa82f8000, 0x0000742fa83b6000,
0x0000742fa8463800, 0x0000742fa8468000, 0x0000742f20001800, 0x0000742fa898c800,
0x0000742fa89d9000, 0x0000742ee42e4000, 0x0000742fa9238000, 0x0000742fa94c8000,
0x0000742fa99c7000, 0x0000742fa9a7c000, 0x0000742fa9a7a800, 0x0000742fa802a800
}

Java Threads: ( => current thread )
  0x0000742fa82d7000 JavaThread "Reference Handler" daemon [_thread_blocked, id=88987, stack(0x0000742f8c1ff000,0x0000742f8c2ff000)]
  0x0000742fa82db000 JavaThread "Finalizer" daemon [_thread_blocked, id=88988, stack(0x0000742f8c0ff000,0x0000742f8c1ff000)]
  0x0000742fa82f0000 JavaThread "Signal Dispatcher" daemon [_thread_blocked, id=88989, stack(0x0000742f87f00000,0x0000742f88000000)]
  0x0000742fa82f2000 JavaThread "Service Thread" daemon [_thread_blocked, id=88990, stack(0x0000742f80100000,0x0000742f80200000)]
  0x0000742fa82f4000 JavaThread "C2 CompilerThread0" daemon [_thread_blocked, id=88991, stack(0x0000742f78300000,0x0000742f78400000)]
  0x0000742fa82f6000 JavaThread "C1 CompilerThread0" daemon [_thread_blocked, id=88992, stack(0x0000742f78200000,0x0000742f78300000)]
  0x0000742fa82f8000 JavaThread "Sweeper thread" daemon [_thread_blocked, id=88993, stack(0x0000742f78100000,0x0000742f78200000)]
  0x0000742fa83b6000 JavaThread "Common-Cleaner" daemon [_thread_blocked, id=88994, stack(0x0000742f78000000,0x0000742f78100000)]
  0x0000742fa8463800 JavaThread "JDWP Transport Listener: dt_socket" daemon [_thread_blocked, id=88997, stack(0x0000742f70f00000,0x0000742f71000000)] _threads_hazard_ptr=0x0000742eacbfa440
  0x0000742fa8468000 JavaThread "JDWP Event Helper Thread" daemon [_thread_blocked, id=89000, stack(0x0000742f70e00000,0x0000742f70f00000)]
  0x0000742f20001800 JavaThread "JDWP Command Reader" daemon [_thread_in_native, id=89001, stack(0x0000742f70d00000,0x0000742f70e00000)]
  0x0000742fa898c800 JavaThread "Java2D Disposer" daemon [_thread_blocked, id=89009, stack(0x0000742f71700000,0x0000742f71800000)]
  0x0000742fa89d9000 JavaThread "AWT-XAWT" daemon [_thread_blocked, id=89010, stack(0x0000742f67f00000,0x0000742f68000000)]
  0x0000742ee42e4000 JavaThread "TimerQueue" daemon [_thread_blocked, id=89023, stack(0x0000742f65900000,0x0000742f65a00000)]
  0x0000742fa9238000 JavaThread "Timer-0" daemon [_thread_blocked, id=89026, stack(0x0000742f5bf00000,0x0000742f5c000000)]
  0x0000742fa94c8000 JavaThread "derby.rawStoreDaemon" daemon [_thread_blocked, id=89027, stack(0x0000742f5bc06000,0x0000742f5bd06000)]
  0x0000742fa99c7000 JavaThread "pool-1-thread-1" [_thread_in_native, id=89028, stack(0x0000742f67900000,0x0000742f67a00000)]
  0x0000742fa9a7c000 JavaThread "AWT-Shutdown" [_thread_blocked, id=89029, stack(0x0000742f67d00000,0x0000742f67e00000)]
  0x0000742fa9a7a800 JavaThread "AWT-EventQueue-0" [_thread_blocked, id=89030, stack(0x0000742f64f00000,0x0000742f65000000)]
  0x0000742fa802a800 JavaThread "DestroyJavaVM" [_thread_blocked, id=88980, stack(0x0000742faf2b4000,0x0000742faf3b4000)]

Other Threads:
=>0x0000742fa82ce800 VMThread "VM Thread" [stack: 0x0000742f8c300000,0x0000742f8c400000] [id=88986]
  0x0000742fa882a000 WatcherThread [stack: 0x0000742f70900000,0x0000742f70a00000] [id=89004]
  0x0000742fa8044000 GCTaskThread "GC Thread#0" [stack: 0x0000742faeb00000,0x0000742faec00000] [id=88981]
  0x0000742f5c001000 GCTaskThread "GC Thread#1" [stack: 0x0000742f67800000,0x0000742f67900000] [id=89014]
  0x0000742f5c002800 GCTaskThread "GC Thread#2" [stack: 0x0000742f676ff000,0x0000742f677ff000] [id=89015]
  0x0000742f5c004800 GCTaskThread "GC Thread#3" [stack: 0x0000742f67300000,0x0000742f67400000] [id=89016]
  0x0000742f5c006000 GCTaskThread "GC Thread#4" [stack: 0x0000742f671ff000,0x0000742f672ff000] [id=89017]
  0x0000742f5c007800 GCTaskThread "GC Thread#5" [stack: 0x0000742f670fe000,0x0000742f671fe000] [id=89018]
  0x0000742f5c009800 GCTaskThread "GC Thread#6" [stack: 0x0000742f66b00000,0x0000742f66c00000] [id=89019]
  0x0000742f5c00b000 GCTaskThread "GC Thread#7" [stack: 0x0000742f669ff000,0x0000742f66aff000] [id=89020]
  0x0000742fa807e800 ConcurrentGCThread "G1 Main Marker" [stack: 0x0000742fac4fd000,0x0000742fac5fd000] [id=88982]
  0x0000742fa8080800 ConcurrentGCThread "G1 Conc#0" [stack: 0x0000742fac100000,0x0000742fac200000] [id=88983]
  0x0000742f74001000 ConcurrentGCThread "G1 Conc#1" [stack: 0x0000742f668fe000,0x0000742f669fe000] [id=89021]
  0x0000742fa8202000 ConcurrentGCThread "G1 Refine#0" [stack: 0x0000742fa70fe000,0x0000742fa71fe000] [id=88984]
  0x0000742fa8204000 ConcurrentGCThread "G1 Young RemSet Sampling" [stack: 0x0000742fa6d00000,0x0000742fa6e00000] [id=88985]

Threads with active compile tasks:

VM state:at safepoint (normal execution)

VM Mutex/Monitor currently owned by a thread:  ([mutex/lock_event])
[0x0000742fa80284e0] Threads_lock - owner thread: 0x0000742fa82ce800

Heap address: 0x000000060c600000, size: 7994 MB, Compressed Oops mode: Zero based, Oop shift amount: 3
Narrow klass base: 0x0000000800000000, Narrow klass shift: 0
Compressed class space size: 1073741824 Address: 0x0000000800000000

Heap:
 garbage-first heap   total 653312K, used 355452K [0x000000060c600000, 0x0000000800000000)
  region size 2048K, 138 young (282624K), 1 survivors (2048K)
 Metaspace       used 52151K, capacity 53920K, committed 54016K, reserved 1097728K
  class space    used 5277K, capacity 6394K, committed 6400K, reserved 1048576K
Heap Regions: E=young(eden), S=young(survivor), O=old, HS=humongous(starts), HC=humongous(continues), CS=collection set, F=free, A=archive, TAMS=top-at-mark-start (previous, next)
|   0|0x000000060c600000, 0x000000060c800000, 0x000000060c800000|100%| O|  |TAMS 0x000000060c800000, 0x000000060c600000| Untracked 
|   1|0x000000060c800000, 0x000000060ca00000, 0x000000060ca00000|100%|HS|  |TAMS 0x000000060ca00000, 0x000000060c800000| Complete 
|   2|0x000000060ca00000, 0x000000060cc00000, 0x000000060cc00000|100%| O|  |TAMS 0x000000060cc00000, 0x000000060ca00000| Untracked 
|   3|0x000000060cc00000, 0x000000060ce00000, 0x000000060ce00000|100%| O|  |TAMS 0x000000060ccf3200, 0x000000060cc00000| Untracked 
|   4|0x000000060ce00000, 0x000000060d000000, 0x000000060d000000|100%|HS|  |TAMS 0x000000060ce00000, 0x000000060ce00000| Complete 
|   5|0x000000060d000000, 0x000000060d200000, 0x000000060d200000|100%|HC|  |TAMS 0x000000060d000000, 0x000000060d000000| Complete 
|   6|0x000000060d200000, 0x000000060d400000, 0x000000060d400000|100%|HC|  |TAMS 0x000000060d200000, 0x000000060d200000| Complete 
|   7|0x000000060d400000, 0x000000060d600000, 0x000000060d600000|100%|HS|  |TAMS 0x000000060d400000, 0x000000060d400000| Complete 
|   8|0x000000060d600000, 0x000000060d800000, 0x000000060d800000|100%|HC|  |TAMS 0x000000060d600000, 0x000000060d600000| Complete 
|   9|0x000000060d800000, 0x000000060da00000, 0x000000060da00000|100%|HC|  |TAMS 0x000000060d800000, 0x000000060d800000| Complete 
|  10|0x000000060da00000, 0x000000060db16800, 0x000000060dc00000| 54%| O|  |TAMS 0x000000060da00000, 0x000000060da00000| Untracked 
|  11|0x000000060dc00000, 0x000000060de00000, 0x000000060de00000|100%| O|  |TAMS 0x000000060dc00000, 0x000000060dc00000| Untracked 
|  12|0x000000060de00000, 0x000000060e000000, 0x000000060e000000|100%| O|  |TAMS 0x000000060de00000, 0x000000060de00000| Untracked 
|  13|0x000000060e000000, 0x000000060e200000, 0x000000060e200000|100%| O|  |TAMS 0x000000060e000000, 0x000000060e000000| Untracked 
|  14|0x000000060e200000, 0x000000060e400000, 0x000000060e400000|100%| O|  |TAMS 0x000000060e200000, 0x000000060e200000| Untracked 
|  15|0x000000060e400000, 0x000000060e600000, 0x000000060e600000|100%| O|  |TAMS 0x000000060e400000, 0x000000060e400000| Untracked 
|  16|0x000000060e600000, 0x000000060e800000, 0x000000060e800000|100%| O|  |TAMS 0x000000060e600000, 0x000000060e600000| Untracked 
|  17|0x000000060e800000, 0x000000060ea00000, 0x000000060ea00000|100%| O|  |TAMS 0x000000060e800000, 0x000000060e800000| Untracked 
|  18|0x000000060ea00000, 0x000000060ec00000, 0x000000060ec00000|100%| O|  |TAMS 0x000000060ea00000, 0x000000060ea00000| Untracked 
|  19|0x000000060ec00000, 0x000000060ee00000, 0x000000060ee00000|100%| O|  |TAMS 0x000000060ec00000, 0x000000060ec00000| Untracked 
|  20|0x000000060ee00000, 0x000000060f000000, 0x000000060f000000|100%|HS|  |TAMS 0x000000060ee00000, 0x000000060ee00000| Complete 
|  21|0x000000060f000000, 0x000000060f200000, 0x000000060f200000|100%|HC|  |TAMS 0x000000060f000000, 0x000000060f000000| Complete 
|  22|0x000000060f200000, 0x000000060f200000, 0x000000060f400000|  0%| F|  |TAMS 0x000000060f200000, 0x000000060f200000| Untracked 
|  23|0x000000060f400000, 0x000000060f400000, 0x000000060f600000|  0%| F|  |TAMS 0x000000060f400000, 0x000000060f400000| Untracked 
|  24|0x000000060f600000, 0x000000060f600000, 0x000000060f800000|  0%| F|  |TAMS 0x000000060f600000, 0x000000060f600000| Untracked 
|  25|0x000000060f800000, 0x000000060fa00000, 0x000000060fa00000|100%|HS|  |TAMS 0x000000060f800000, 0x000000060f800000| Complete 
|  26|0x000000060fa00000, 0x000000060fc00000, 0x000000060fc00000|100%|HC|  |TAMS 0x000000060fa00000, 0x000000060fa00000| Complete 
|  27|0x000000060fc00000, 0x000000060fe00000, 0x000000060fe00000|100%|HC|  |TAMS 0x000000060fc00000, 0x000000060fc00000| Complete 
|  28|0x000000060fe00000, 0x0000000610000000, 0x0000000610000000|100%| O|  |TAMS 0x000000060fe00000, 0x000000060fe00000| Untracked 
|  29|0x0000000610000000, 0x0000000610200000, 0x0000000610200000|100%| O|  |TAMS 0x0000000610000000, 0x0000000610000000| Untracked 
|  30|0x0000000610200000, 0x0000000610400000, 0x0000000610400000|100%| O|  |TAMS 0x0000000610200000, 0x0000000610200000| Untracked 
|  31|0x0000000610400000, 0x0000000610600000, 0x0000000610600000|100%| O|  |TAMS 0x0000000610400000, 0x0000000610400000| Untracked 
|  32|0x0000000610600000, 0x0000000610800000, 0x0000000610800000|100%| O|  |TAMS 0x0000000610600000, 0x0000000610600000| Untracked 
|  33|0x0000000610800000, 0x0000000610a00000, 0x0000000610a00000|100%| O|  |TAMS 0x0000000610800000, 0x0000000610800000| Untracked 
|  34|0x0000000610a00000, 0x0000000610c00000, 0x0000000610c00000|100%| O|  |TAMS 0x0000000610a00000, 0x0000000610a00000| Untracked 
|  35|0x0000000610c00000, 0x0000000610e00000, 0x0000000610e00000|100%| O|  |TAMS 0x0000000610c00000, 0x0000000610c00000| Untracked 
|  36|0x0000000610e00000, 0x0000000611000000, 0x0000000611000000|100%| O|  |TAMS 0x0000000610e00000, 0x0000000610e00000| Untracked 
|  37|0x0000000611000000, 0x0000000611200000, 0x0000000611200000|100%| O|  |TAMS 0x0000000611000000, 0x0000000611000000| Untracked 
|  38|0x0000000611200000, 0x0000000611400000, 0x0000000611400000|100%| O|  |TAMS 0x0000000611200000, 0x0000000611200000| Untracked 
|  39|0x0000000611400000, 0x0000000611600000, 0x0000000611600000|100%| O|  |TAMS 0x0000000611400000, 0x0000000611400000| Untracked 
|  40|0x0000000611600000, 0x0000000611800000, 0x0000000611800000|100%| O|  |TAMS 0x0000000611600000, 0x0000000611600000| Untracked 
|  41|0x0000000611800000, 0x0000000611800000, 0x0000000611a00000|  0%| F|  |TAMS 0x0000000611800000, 0x0000000611800000| Untracked 
|  42|0x0000000611a00000, 0x0000000611a00000, 0x0000000611c00000|  0%| F|  |TAMS 0x0000000611a00000, 0x0000000611a00000| Untracked 
|  43|0x0000000611c00000, 0x0000000611c00000, 0x0000000611e00000|  0%| F|  |TAMS 0x0000000611c00000, 0x0000000611c00000| Untracked 
|  44|0x0000000611e00000, 0x0000000611e00000, 0x0000000612000000|  0%| F|  |TAMS 0x0000000611e00000, 0x0000000611e00000| Untracked 
|  45|0x0000000612000000, 0x0000000612000000, 0x0000000612200000|  0%| F|  |TAMS 0x0000000612000000, 0x0000000612000000| Untracked 
|  46|0x0000000612200000, 0x0000000612200000, 0x0000000612400000|  0%| F|  |TAMS 0x0000000612200000, 0x0000000612200000| Untracked 
|  47|0x0000000612400000, 0x0000000612400000, 0x0000000612600000|  0%| F|  |TAMS 0x0000000612400000, 0x0000000612400000| Untracked 
|  48|0x0000000612600000, 0x0000000612600000, 0x0000000612800000|  0%| F|  |TAMS 0x0000000612600000, 0x0000000612600000| Untracked 
|  49|0x0000000612800000, 0x0000000612800000, 0x0000000612a00000|  0%| F|  |TAMS 0x0000000612800000, 0x0000000612800000| Untracked 
|  50|0x0000000612a00000, 0x0000000612a00000, 0x0000000612c00000|  0%| F|  |TAMS 0x0000000612a00000, 0x0000000612a00000| Untracked 
|  51|0x0000000612c00000, 0x0000000612c00000, 0x0000000612e00000|  0%| F|  |TAMS 0x0000000612c00000, 0x0000000612c00000| Untracked 
|  52|0x0000000612e00000, 0x0000000612e00000, 0x0000000613000000|  0%| F|  |TAMS 0x0000000612e00000, 0x0000000612e00000| Untracked 
|  53|0x0000000613000000, 0x0000000613000000, 0x0000000613200000|  0%| F|  |TAMS 0x0000000613000000, 0x0000000613000000| Untracked 
|  54|0x0000000613200000, 0x0000000613200000, 0x0000000613400000|  0%| F|  |TAMS 0x0000000613200000, 0x0000000613200000| Untracked 
|  55|0x0000000613400000, 0x0000000613400000, 0x0000000613600000|  0%| F|  |TAMS 0x0000000613400000, 0x0000000613400000| Untracked 
|  56|0x0000000613600000, 0x0000000613600000, 0x0000000613800000|  0%| F|  |TAMS 0x0000000613600000, 0x0000000613600000| Untracked 
|  57|0x0000000613800000, 0x0000000613800000, 0x0000000613a00000|  0%| F|  |TAMS 0x0000000613800000, 0x0000000613800000| Untracked 
|  58|0x0000000613a00000, 0x0000000613a00000, 0x0000000613c00000|  0%| F|  |TAMS 0x0000000613a00000, 0x0000000613a00000| Untracked 
|  59|0x0000000613c00000, 0x0000000613c00000, 0x0000000613e00000|  0%| F|  |TAMS 0x0000000613c00000, 0x0000000613c00000| Untracked 
|  60|0x0000000613e00000, 0x0000000613e00000, 0x0000000614000000|  0%| F|  |TAMS 0x0000000613e00000, 0x0000000613e00000| Untracked 
|  61|0x0000000614000000, 0x0000000614000000, 0x0000000614200000|  0%| F|  |TAMS 0x0000000614000000, 0x0000000614000000| Untracked 
|  62|0x0000000614200000, 0x0000000614200000, 0x0000000614400000|  0%| F|  |TAMS 0x0000000614200000, 0x0000000614200000| Untracked 
|  63|0x0000000614400000, 0x0000000614400000, 0x0000000614600000|  0%| F|  |TAMS 0x0000000614400000, 0x0000000614400000| Untracked 
|  64|0x0000000614600000, 0x0000000614600000, 0x0000000614800000|  0%| F|  |TAMS 0x0000000614600000, 0x0000000614600000| Untracked 
|  65|0x0000000614800000, 0x0000000614800000, 0x0000000614a00000|  0%| F|  |TAMS 0x0000000614800000, 0x0000000614800000| Untracked 
|  66|0x0000000614a00000, 0x0000000614a00000, 0x0000000614c00000|  0%| F|  |TAMS 0x0000000614a00000, 0x0000000614a00000| Untracked 
|  67|0x0000000614c00000, 0x0000000614c00000, 0x0000000614e00000|  0%| F|  |TAMS 0x0000000614c00000, 0x0000000614c00000| Untracked 
|  68|0x0000000614e00000, 0x0000000614e00000, 0x0000000615000000|  0%| F|  |TAMS 0x0000000614e00000, 0x0000000614e00000| Untracked 
|  69|0x0000000615000000, 0x0000000615000000, 0x0000000615200000|  0%| F|  |TAMS 0x0000000615000000, 0x0000000615000000| Untracked 
|  70|0x0000000615200000, 0x0000000615200000, 0x0000000615400000|  0%| F|  |TAMS 0x0000000615200000, 0x0000000615200000| Untracked 
|  71|0x0000000615400000, 0x0000000615400000, 0x0000000615600000|  0%| F|  |TAMS 0x0000000615400000, 0x0000000615400000| Untracked 
|  72|0x0000000615600000, 0x0000000615600000, 0x0000000615800000|  0%| F|  |TAMS 0x0000000615600000, 0x0000000615600000| Untracked 
|  73|0x0000000615800000, 0x0000000615800000, 0x0000000615a00000|  0%| F|  |TAMS 0x0000000615800000, 0x0000000615800000| Untracked 
|  74|0x0000000615a00000, 0x0000000615a00000, 0x0000000615c00000|  0%| F|  |TAMS 0x0000000615a00000, 0x0000000615a00000| Untracked 
|  75|0x0000000615c00000, 0x0000000615c00000, 0x0000000615e00000|  0%| F|  |TAMS 0x0000000615c00000, 0x0000000615c00000| Untracked 
|  76|0x0000000615e00000, 0x0000000615e00000, 0x0000000616000000|  0%| F|  |TAMS 0x0000000615e00000, 0x0000000615e00000| Untracked 
|  77|0x0000000616000000, 0x0000000616000000, 0x0000000616200000|  0%| F|  |TAMS 0x0000000616000000, 0x0000000616000000| Untracked 
|  78|0x0000000616200000, 0x0000000616200000, 0x0000000616400000|  0%| F|  |TAMS 0x0000000616200000, 0x0000000616200000| Untracked 
|  79|0x0000000616400000, 0x0000000616400000, 0x0000000616600000|  0%| F|  |TAMS 0x0000000616400000, 0x0000000616400000| Untracked 
|  80|0x0000000616600000, 0x0000000616600000, 0x0000000616800000|  0%| F|  |TAMS 0x0000000616600000, 0x0000000616600000| Untracked 
|  81|0x0000000616800000, 0x0000000616800000, 0x0000000616a00000|  0%| F|  |TAMS 0x0000000616800000, 0x0000000616800000| Untracked 
|  82|0x0000000616a00000, 0x0000000616a00000, 0x0000000616c00000|  0%| F|  |TAMS 0x0000000616a00000, 0x0000000616a00000| Untracked 
|  83|0x0000000616c00000, 0x0000000616c00000, 0x0000000616e00000|  0%| F|  |TAMS 0x0000000616c00000, 0x0000000616c00000| Untracked 
|  84|0x0000000616e00000, 0x0000000616e00000, 0x0000000617000000|  0%| F|  |TAMS 0x0000000616e00000, 0x0000000616e00000| Untracked 
|  85|0x0000000617000000, 0x0000000617000000, 0x0000000617200000|  0%| F|  |TAMS 0x0000000617000000, 0x0000000617000000| Untracked 
|  86|0x0000000617200000, 0x0000000617200000, 0x0000000617400000|  0%| F|  |TAMS 0x0000000617200000, 0x0000000617200000| Untracked 
|  87|0x0000000617400000, 0x0000000617400000, 0x0000000617600000|  0%| F|  |TAMS 0x0000000617400000, 0x0000000617400000| Untracked 
|  88|0x0000000617600000, 0x0000000617600000, 0x0000000617800000|  0%| F|  |TAMS 0x0000000617600000, 0x0000000617600000| Untracked 
|  89|0x0000000617800000, 0x0000000617800000, 0x0000000617a00000|  0%| F|  |TAMS 0x0000000617800000, 0x0000000617800000| Untracked 
|  90|0x0000000617a00000, 0x0000000617a00000, 0x0000000617c00000|  0%| F|  |TAMS 0x0000000617a00000, 0x0000000617a00000| Untracked 
|  91|0x0000000617c00000, 0x0000000617c00000, 0x0000000617e00000|  0%| F|  |TAMS 0x0000000617c00000, 0x0000000617c00000| Untracked 
|  92|0x0000000617e00000, 0x0000000617e00000, 0x0000000618000000|  0%| F|  |TAMS 0x0000000617e00000, 0x0000000617e00000| Untracked 
|  93|0x0000000618000000, 0x0000000618000000, 0x0000000618200000|  0%| F|  |TAMS 0x0000000618000000, 0x0000000618000000| Untracked 
|  94|0x0000000618200000, 0x0000000618200000, 0x0000000618400000|  0%| F|  |TAMS 0x0000000618200000, 0x0000000618200000| Untracked 
|  95|0x0000000618400000, 0x0000000618400000, 0x0000000618600000|  0%| F|  |TAMS 0x0000000618400000, 0x0000000618400000| Untracked 
|  96|0x0000000618600000, 0x0000000618600000, 0x0000000618800000|  0%| F|  |TAMS 0x0000000618600000, 0x0000000618600000| Untracked 
|  97|0x0000000618800000, 0x0000000618800000, 0x0000000618a00000|  0%| F|  |TAMS 0x0000000618800000, 0x0000000618800000| Untracked 
|  98|0x0000000618a00000, 0x0000000618a00000, 0x0000000618c00000|  0%| F|  |TAMS 0x0000000618a00000, 0x0000000618a00000| Untracked 
|  99|0x0000000618c00000, 0x0000000618c00000, 0x0000000618e00000|  0%| F|  |TAMS 0x0000000618c00000, 0x0000000618c00000| Untracked 
| 100|0x0000000618e00000, 0x0000000618e00000, 0x0000000619000000|  0%| F|  |TAMS 0x0000000618e00000, 0x0000000618e00000| Untracked 
| 101|0x0000000619000000, 0x0000000619000000, 0x0000000619200000|  0%| F|  |TAMS 0x0000000619000000, 0x0000000619000000| Untracked 
| 102|0x0000000619200000, 0x0000000619200000, 0x0000000619400000|  0%| F|  |TAMS 0x0000000619200000, 0x0000000619200000| Untracked 
| 103|0x0000000619400000, 0x0000000619400000, 0x0000000619600000|  0%| F|  |TAMS 0x0000000619400000, 0x0000000619400000| Untracked 
| 104|0x0000000619600000, 0x0000000619600000, 0x0000000619800000|  0%| F|  |TAMS 0x0000000619600000, 0x0000000619600000| Untracked 
| 105|0x0000000619800000, 0x0000000619800000, 0x0000000619a00000|  0%| F|  |TAMS 0x0000000619800000, 0x0000000619800000| Untracked 
| 106|0x0000000619a00000, 0x0000000619a00000, 0x0000000619c00000|  0%| F|  |TAMS 0x0000000619a00000, 0x0000000619a00000| Untracked 
| 107|0x0000000619c00000, 0x0000000619c00000, 0x0000000619e00000|  0%| F|  |TAMS 0x0000000619c00000, 0x0000000619c00000| Untracked 
| 108|0x0000000619e00000, 0x0000000619e00000, 0x000000061a000000|  0%| F|  |TAMS 0x0000000619e00000, 0x0000000619e00000| Untracked 
| 109|0x000000061a000000, 0x000000061a000000, 0x000000061a200000|  0%| F|  |TAMS 0x000000061a000000, 0x000000061a000000| Untracked 
| 110|0x000000061a200000, 0x000000061a200000, 0x000000061a400000|  0%| F|  |TAMS 0x000000061a200000, 0x000000061a200000| Untracked 
| 111|0x000000061a400000, 0x000000061a400000, 0x000000061a600000|  0%| F|  |TAMS 0x000000061a400000, 0x000000061a400000| Untracked 
| 112|0x000000061a600000, 0x000000061a600000, 0x000000061a800000|  0%| F|  |TAMS 0x000000061a600000, 0x000000061a600000| Untracked 
| 113|0x000000061a800000, 0x000000061a800000, 0x000000061aa00000|  0%| F|  |TAMS 0x000000061a800000, 0x000000061a800000| Untracked 
| 114|0x000000061aa00000, 0x000000061aa00000, 0x000000061ac00000|  0%| F|  |TAMS 0x000000061aa00000, 0x000000061aa00000| Untracked 
| 115|0x000000061ac00000, 0x000000061ac00000, 0x000000061ae00000|  0%| F|  |TAMS 0x000000061ac00000, 0x000000061ac00000| Untracked 
| 116|0x000000061ae00000, 0x000000061ae00000, 0x000000061b000000|  0%| F|  |TAMS 0x000000061ae00000, 0x000000061ae00000| Untracked 
| 117|0x000000061b000000, 0x000000061b000000, 0x000000061b200000|  0%| F|  |TAMS 0x000000061b000000, 0x000000061b000000| Untracked 
| 118|0x000000061b200000, 0x000000061b200000, 0x000000061b400000|  0%| F|  |TAMS 0x000000061b200000, 0x000000061b200000| Untracked 
| 119|0x000000061b400000, 0x000000061b400000, 0x000000061b600000|  0%| F|  |TAMS 0x000000061b400000, 0x000000061b400000| Untracked 
| 120|0x000000061b600000, 0x000000061b600000, 0x000000061b800000|  0%| F|  |TAMS 0x000000061b600000, 0x000000061b600000| Untracked 
| 121|0x000000061b800000, 0x000000061b800000, 0x000000061ba00000|  0%| F|  |TAMS 0x000000061b800000, 0x000000061b800000| Untracked 
| 122|0x000000061ba00000, 0x000000061ba00000, 0x000000061bc00000|  0%| F|  |TAMS 0x000000061ba00000, 0x000000061ba00000| Untracked 
| 123|0x000000061bc00000, 0x000000061bc00000, 0x000000061be00000|  0%| F|  |TAMS 0x000000061bc00000, 0x000000061bc00000| Untracked 
| 124|0x000000061be00000, 0x000000061be00000, 0x000000061c000000|  0%| F|  |TAMS 0x000000061be00000, 0x000000061be00000| Untracked 
| 125|0x000000061c000000, 0x000000061c000000, 0x000000061c200000|  0%| F|  |TAMS 0x000000061c000000, 0x000000061c000000| Untracked 
| 126|0x000000061c200000, 0x000000061c200000, 0x000000061c400000|  0%| F|  |TAMS 0x000000061c200000, 0x000000061c200000| Untracked 
| 127|0x000000061c400000, 0x000000061c400000, 0x000000061c600000|  0%| F|  |TAMS 0x000000061c400000, 0x000000061c400000| Untracked 
| 128|0x000000061c600000, 0x000000061c608b80, 0x000000061c800000|  1%| S|CS|TAMS 0x000000061c600000, 0x000000061c600000| Complete 
| 129|0x000000061c800000, 0x000000061c800000, 0x000000061ca00000|  0%| F|  |TAMS 0x000000061c800000, 0x000000061c800000| Untracked 
| 130|0x000000061ca00000, 0x000000061ca00000, 0x000000061cc00000|  0%| F|  |TAMS 0x000000061ca00000, 0x000000061ca00000| Untracked 
| 131|0x000000061cc00000, 0x000000061cc00000, 0x000000061ce00000|  0%| F|  |TAMS 0x000000061cc00000, 0x000000061cc00000| Untracked 
| 132|0x000000061ce00000, 0x000000061ce00000, 0x000000061d000000|  0%| F|  |TAMS 0x000000061ce00000, 0x000000061ce00000| Untracked 
| 133|0x000000061d000000, 0x000000061d000000, 0x000000061d200000|  0%| F|  |TAMS 0x000000061d000000, 0x000000061d000000| Untracked 
| 134|0x000000061d200000, 0x000000061d200000, 0x000000061d400000|  0%| F|  |TAMS 0x000000061d200000, 0x000000061d200000| Untracked 
| 135|0x000000061d400000, 0x000000061d400000, 0x000000061d600000|  0%| F|  |TAMS 0x000000061d400000, 0x000000061d400000| Untracked 
| 136|0x000000061d600000, 0x000000061d600000, 0x000000061d800000|  0%| F|  |TAMS 0x000000061d600000, 0x000000061d600000| Untracked 
| 137|0x000000061d800000, 0x000000061d800000, 0x000000061da00000|  0%| F|  |TAMS 0x000000061d800000, 0x000000061d800000| Untracked 
| 138|0x000000061da00000, 0x000000061da00000, 0x000000061dc00000|  0%| F|  |TAMS 0x000000061da00000, 0x000000061da00000| Untracked 
| 139|0x000000061dc00000, 0x000000061dc00000, 0x000000061de00000|  0%| F|  |TAMS 0x000000061dc00000, 0x000000061dc00000| Untracked 
| 140|0x000000061de00000, 0x000000061de00000, 0x000000061e000000|  0%| F|  |TAMS 0x000000061de00000, 0x000000061de00000| Untracked 
| 141|0x000000061e000000, 0x000000061e000000, 0x000000061e200000|  0%| F|  |TAMS 0x000000061e000000, 0x000000061e000000| Untracked 
| 142|0x000000061e200000, 0x000000061e200000, 0x000000061e400000|  0%| F|  |TAMS 0x000000061e200000, 0x000000061e200000| Untracked 
| 143|0x000000061e400000, 0x000000061e400000, 0x000000061e600000|  0%| F|  |TAMS 0x000000061e400000, 0x000000061e400000| Untracked 
| 144|0x000000061e600000, 0x000000061e600000, 0x000000061e800000|  0%| F|  |TAMS 0x000000061e600000, 0x000000061e600000| Untracked 
| 145|0x000000061e800000, 0x000000061e800000, 0x000000061ea00000|  0%| F|  |TAMS 0x000000061e800000, 0x000000061e800000| Untracked 
| 146|0x000000061ea00000, 0x000000061ea00000, 0x000000061ec00000|  0%| F|  |TAMS 0x000000061ea00000, 0x000000061ea00000| Untracked 
| 147|0x000000061ec00000, 0x000000061ec00000, 0x000000061ee00000|  0%| F|  |TAMS 0x000000061ec00000, 0x000000061ec00000| Untracked 
| 148|0x000000061ee00000, 0x000000061ee00000, 0x000000061f000000|  0%| F|  |TAMS 0x000000061ee00000, 0x000000061ee00000| Untracked 
| 149|0x000000061f000000, 0x000000061f000000, 0x000000061f200000|  0%| F|  |TAMS 0x000000061f000000, 0x000000061f000000| Untracked 
| 150|0x000000061f200000, 0x000000061f200000, 0x000000061f400000|  0%| F|  |TAMS 0x000000061f200000, 0x000000061f200000| Untracked 
| 151|0x000000061f400000, 0x000000061f400000, 0x000000061f600000|  0%| F|  |TAMS 0x000000061f400000, 0x000000061f400000| Untracked 
| 152|0x000000061f600000, 0x000000061f600000, 0x000000061f800000|  0%| F|  |TAMS 0x000000061f600000, 0x000000061f600000| Untracked 
| 153|0x000000061f800000, 0x000000061f800000, 0x000000061fa00000|  0%| F|  |TAMS 0x000000061f800000, 0x000000061f800000| Untracked 
| 154|0x000000061fa00000, 0x000000061fa00000, 0x000000061fc00000|  0%| F|  |TAMS 0x000000061fa00000, 0x000000061fa00000| Untracked 
| 155|0x000000061fc00000, 0x000000061fc00000, 0x000000061fe00000|  0%| F|  |TAMS 0x000000061fc00000, 0x000000061fc00000| Untracked 
| 156|0x000000061fe00000, 0x000000061fe00000, 0x0000000620000000|  0%| F|  |TAMS 0x000000061fe00000, 0x000000061fe00000| Untracked 
| 157|0x0000000620000000, 0x0000000620000000, 0x0000000620200000|  0%| F|  |TAMS 0x0000000620000000, 0x0000000620000000| Untracked 
| 158|0x0000000620200000, 0x0000000620200000, 0x0000000620400000|  0%| F|  |TAMS 0x0000000620200000, 0x0000000620200000| Untracked 
| 159|0x0000000620400000, 0x0000000620400000, 0x0000000620600000|  0%| F|  |TAMS 0x0000000620400000, 0x0000000620400000| Untracked 
| 160|0x0000000620600000, 0x0000000620600000, 0x0000000620800000|  0%| F|  |TAMS 0x0000000620600000, 0x0000000620600000| Untracked 
| 161|0x0000000620800000, 0x0000000620800000, 0x0000000620a00000|  0%| F|  |TAMS 0x0000000620800000, 0x0000000620800000| Untracked 
| 162|0x0000000620a00000, 0x0000000620a00000, 0x0000000620c00000|  0%| F|  |TAMS 0x0000000620a00000, 0x0000000620a00000| Untracked 
| 163|0x0000000620c00000, 0x0000000620c00000, 0x0000000620e00000|  0%| F|  |TAMS 0x0000000620c00000, 0x0000000620c00000| Untracked 
| 164|0x0000000620e00000, 0x0000000620e00000, 0x0000000621000000|  0%| F|  |TAMS 0x0000000620e00000, 0x0000000620e00000| Untracked 
| 165|0x0000000621000000, 0x0000000621000000, 0x0000000621200000|  0%| F|  |TAMS 0x0000000621000000, 0x0000000621000000| Untracked 
| 166|0x0000000621200000, 0x0000000621200000, 0x0000000621400000|  0%| F|  |TAMS 0x0000000621200000, 0x0000000621200000| Untracked 
| 167|0x0000000621400000, 0x0000000621400000, 0x0000000621600000|  0%| F|  |TAMS 0x0000000621400000, 0x0000000621400000| Untracked 
| 168|0x0000000621600000, 0x0000000621600000, 0x0000000621800000|  0%| F|  |TAMS 0x0000000621600000, 0x0000000621600000| Untracked 
| 169|0x0000000621800000, 0x0000000621800000, 0x0000000621a00000|  0%| F|  |TAMS 0x0000000621800000, 0x0000000621800000| Untracked 
| 170|0x0000000621a00000, 0x0000000621a00000, 0x0000000621c00000|  0%| F|  |TAMS 0x0000000621a00000, 0x0000000621a00000| Untracked 
| 171|0x0000000621c00000, 0x0000000621c00000, 0x0000000621e00000|  0%| F|  |TAMS 0x0000000621c00000, 0x0000000621c00000| Untracked 
| 172|0x0000000621e00000, 0x0000000621e00000, 0x0000000622000000|  0%| F|  |TAMS 0x0000000621e00000, 0x0000000621e00000| Untracked 
| 173|0x0000000622000000, 0x0000000622000000, 0x0000000622200000|  0%| F|  |TAMS 0x0000000622000000, 0x0000000622000000| Untracked 
| 174|0x0000000622200000, 0x0000000622200000, 0x0000000622400000|  0%| F|  |TAMS 0x0000000622200000, 0x0000000622200000| Untracked 
| 175|0x0000000622400000, 0x0000000622400000, 0x0000000622600000|  0%| F|  |TAMS 0x0000000622400000, 0x0000000622400000| Untracked 
| 176|0x0000000622600000, 0x0000000622600000, 0x0000000622800000|  0%| F|  |TAMS 0x0000000622600000, 0x0000000622600000| Untracked 
| 177|0x0000000622800000, 0x0000000622800000, 0x0000000622a00000|  0%| F|  |TAMS 0x0000000622800000, 0x0000000622800000| Untracked 
| 178|0x0000000622a00000, 0x0000000622a00000, 0x0000000622c00000|  0%| F|  |TAMS 0x0000000622a00000, 0x0000000622a00000| Untracked 
| 179|0x0000000622c00000, 0x0000000622c00000, 0x0000000622e00000|  0%| F|  |TAMS 0x0000000622c00000, 0x0000000622c00000| Untracked 
| 180|0x0000000622e00000, 0x0000000622e00000, 0x0000000623000000|  0%| F|  |TAMS 0x0000000622e00000, 0x0000000622e00000| Untracked 
| 181|0x0000000623000000, 0x0000000623000000, 0x0000000623200000|  0%| F|  |TAMS 0x0000000623000000, 0x0000000623000000| Untracked 
| 182|0x0000000623200000, 0x0000000623300800, 0x0000000623400000| 50%| E|  |TAMS 0x0000000623200000, 0x0000000623200000| Complete 
| 183|0x0000000623400000, 0x0000000623600000, 0x0000000623600000|100%| E|CS|TAMS 0x0000000623400000, 0x0000000623400000| Complete 
| 184|0x0000000623600000, 0x0000000623800000, 0x0000000623800000|100%| E|CS|TAMS 0x0000000623600000, 0x0000000623600000| Complete 
| 185|0x0000000623800000, 0x0000000623a00000, 0x0000000623a00000|100%| E|CS|TAMS 0x0000000623800000, 0x0000000623800000| Complete 
| 186|0x0000000623a00000, 0x0000000623c00000, 0x0000000623c00000|100%| E|CS|TAMS 0x0000000623a00000, 0x0000000623a00000| Complete 
| 187|0x0000000623c00000, 0x0000000623e00000, 0x0000000623e00000|100%| E|CS|TAMS 0x0000000623c00000, 0x0000000623c00000| Complete 
| 188|0x0000000623e00000, 0x0000000624000000, 0x0000000624000000|100%| E|CS|TAMS 0x0000000623e00000, 0x0000000623e00000| Complete 
| 189|0x0000000624000000, 0x0000000624200000, 0x0000000624200000|100%| E|CS|TAMS 0x0000000624000000, 0x0000000624000000| Complete 
| 190|0x0000000624200000, 0x0000000624400000, 0x0000000624400000|100%| E|CS|TAMS 0x0000000624200000, 0x0000000624200000| Complete 
| 191|0x0000000624400000, 0x0000000624600000, 0x0000000624600000|100%| E|CS|TAMS 0x0000000624400000, 0x0000000624400000| Complete 
| 192|0x0000000624600000, 0x0000000624800000, 0x0000000624800000|100%| E|CS|TAMS 0x0000000624600000, 0x0000000624600000| Complete 
| 193|0x0000000624800000, 0x0000000624a00000, 0x0000000624a00000|100%| E|CS|TAMS 0x0000000624800000, 0x0000000624800000| Complete 
| 194|0x0000000624a00000, 0x0000000624c00000, 0x0000000624c00000|100%| E|CS|TAMS 0x0000000624a00000, 0x0000000624a00000| Complete 
| 195|0x0000000624c00000, 0x0000000624e00000, 0x0000000624e00000|100%| E|CS|TAMS 0x0000000624c00000, 0x0000000624c00000| Complete 
| 196|0x0000000624e00000, 0x0000000625000000, 0x0000000625000000|100%| E|CS|TAMS 0x0000000624e00000, 0x0000000624e00000| Complete 
| 197|0x0000000625000000, 0x0000000625200000, 0x0000000625200000|100%| E|CS|TAMS 0x0000000625000000, 0x0000000625000000| Complete 
| 198|0x0000000625200000, 0x0000000625400000, 0x0000000625400000|100%| E|CS|TAMS 0x0000000625200000, 0x0000000625200000| Complete 
| 199|0x0000000625400000, 0x0000000625600000, 0x0000000625600000|100%| E|CS|TAMS 0x0000000625400000, 0x0000000625400000| Complete 
| 200|0x0000000625600000, 0x0000000625800000, 0x0000000625800000|100%| E|CS|TAMS 0x0000000625600000, 0x0000000625600000| Complete 
| 201|0x0000000625800000, 0x0000000625a00000, 0x0000000625a00000|100%| E|CS|TAMS 0x0000000625800000, 0x0000000625800000| Complete 
| 202|0x0000000625a00000, 0x0000000625c00000, 0x0000000625c00000|100%| E|CS|TAMS 0x0000000625a00000, 0x0000000625a00000| Complete 
| 203|0x0000000625c00000, 0x0000000625e00000, 0x0000000625e00000|100%| E|CS|TAMS 0x0000000625c00000, 0x0000000625c00000| Complete 
| 204|0x0000000625e00000, 0x0000000626000000, 0x0000000626000000|100%| E|CS|TAMS 0x0000000625e00000, 0x0000000625e00000| Complete 
| 205|0x0000000626000000, 0x0000000626200000, 0x0000000626200000|100%| E|CS|TAMS 0x0000000626000000, 0x0000000626000000| Complete 
| 206|0x0000000626200000, 0x0000000626400000, 0x0000000626400000|100%| E|CS|TAMS 0x0000000626200000, 0x0000000626200000| Complete 
| 207|0x0000000626400000, 0x0000000626600000, 0x0000000626600000|100%| E|CS|TAMS 0x0000000626400000, 0x0000000626400000| Complete 
| 208|0x0000000626600000, 0x0000000626800000, 0x0000000626800000|100%| E|CS|TAMS 0x0000000626600000, 0x0000000626600000| Complete 
| 209|0x0000000626800000, 0x0000000626a00000, 0x0000000626a00000|100%| E|CS|TAMS 0x0000000626800000, 0x0000000626800000| Complete 
| 210|0x0000000626a00000, 0x0000000626c00000, 0x0000000626c00000|100%| E|CS|TAMS 0x0000000626a00000, 0x0000000626a00000| Complete 
| 211|0x0000000626c00000, 0x0000000626e00000, 0x0000000626e00000|100%| E|CS|TAMS 0x0000000626c00000, 0x0000000626c00000| Complete 
| 212|0x0000000626e00000, 0x0000000627000000, 0x0000000627000000|100%| E|CS|TAMS 0x0000000626e00000, 0x0000000626e00000| Complete 
| 213|0x0000000627000000, 0x0000000627200000, 0x0000000627200000|100%| E|CS|TAMS 0x0000000627000000, 0x0000000627000000| Complete 
| 214|0x0000000627200000, 0x0000000627400000, 0x0000000627400000|100%| E|CS|TAMS 0x0000000627200000, 0x0000000627200000| Complete 
| 215|0x0000000627400000, 0x0000000627600000, 0x0000000627600000|100%| E|CS|TAMS 0x0000000627400000, 0x0000000627400000| Complete 
| 216|0x0000000627600000, 0x0000000627800000, 0x0000000627800000|100%| E|CS|TAMS 0x0000000627600000, 0x0000000627600000| Complete 
| 217|0x0000000627800000, 0x0000000627a00000, 0x0000000627a00000|100%| E|CS|TAMS 0x0000000627800000, 0x0000000627800000| Complete 
| 218|0x0000000627a00000, 0x0000000627c00000, 0x0000000627c00000|100%| E|CS|TAMS 0x0000000627a00000, 0x0000000627a00000| Complete 
| 219|0x0000000627c00000, 0x0000000627e00000, 0x0000000627e00000|100%| E|CS|TAMS 0x0000000627c00000, 0x0000000627c00000| Complete 
| 220|0x0000000627e00000, 0x0000000628000000, 0x0000000628000000|100%| E|CS|TAMS 0x0000000627e00000, 0x0000000627e00000| Complete 
| 221|0x0000000628000000, 0x0000000628200000, 0x0000000628200000|100%| E|CS|TAMS 0x0000000628000000, 0x0000000628000000| Complete 
| 222|0x0000000628200000, 0x0000000628400000, 0x0000000628400000|100%| E|CS|TAMS 0x0000000628200000, 0x0000000628200000| Complete 
| 223|0x0000000628400000, 0x0000000628600000, 0x0000000628600000|100%| E|CS|TAMS 0x0000000628400000, 0x0000000628400000| Complete 
| 224|0x0000000628600000, 0x0000000628800000, 0x0000000628800000|100%| E|CS|TAMS 0x0000000628600000, 0x0000000628600000| Complete 
| 225|0x0000000628800000, 0x0000000628a00000, 0x0000000628a00000|100%| E|CS|TAMS 0x0000000628800000, 0x0000000628800000| Complete 
| 226|0x0000000628a00000, 0x0000000628c00000, 0x0000000628c00000|100%| E|CS|TAMS 0x0000000628a00000, 0x0000000628a00000| Complete 
| 227|0x0000000628c00000, 0x0000000628e00000, 0x0000000628e00000|100%| E|CS|TAMS 0x0000000628c00000, 0x0000000628c00000| Complete 
| 228|0x0000000628e00000, 0x0000000629000000, 0x0000000629000000|100%| E|CS|TAMS 0x0000000628e00000, 0x0000000628e00000| Complete 
| 229|0x0000000629000000, 0x0000000629200000, 0x0000000629200000|100%| E|CS|TAMS 0x0000000629000000, 0x0000000629000000| Complete 
| 230|0x0000000629200000, 0x0000000629400000, 0x0000000629400000|100%| E|CS|TAMS 0x0000000629200000, 0x0000000629200000| Complete 
| 231|0x0000000629400000, 0x0000000629600000, 0x0000000629600000|100%| E|CS|TAMS 0x0000000629400000, 0x0000000629400000| Complete 
| 232|0x0000000629600000, 0x0000000629800000, 0x0000000629800000|100%| E|CS|TAMS 0x0000000629600000, 0x0000000629600000| Complete 
| 233|0x0000000629800000, 0x0000000629a00000, 0x0000000629a00000|100%| E|CS|TAMS 0x0000000629800000, 0x0000000629800000| Complete 
| 234|0x0000000629a00000, 0x0000000629c00000, 0x0000000629c00000|100%| E|CS|TAMS 0x0000000629a00000, 0x0000000629a00000| Complete 
| 235|0x0000000629c00000, 0x0000000629e00000, 0x0000000629e00000|100%| E|CS|TAMS 0x0000000629c00000, 0x0000000629c00000| Complete 
| 236|0x0000000629e00000, 0x000000062a000000, 0x000000062a000000|100%| E|CS|TAMS 0x0000000629e00000, 0x0000000629e00000| Complete 
| 237|0x000000062a000000, 0x000000062a200000, 0x000000062a200000|100%| E|CS|TAMS 0x000000062a000000, 0x000000062a000000| Complete 
| 238|0x000000062a200000, 0x000000062a400000, 0x000000062a400000|100%| E|CS|TAMS 0x000000062a200000, 0x000000062a200000| Complete 
| 239|0x000000062a400000, 0x000000062a600000, 0x000000062a600000|100%| E|CS|TAMS 0x000000062a400000, 0x000000062a400000| Complete 
| 240|0x000000062a600000, 0x000000062a800000, 0x000000062a800000|100%| E|CS|TAMS 0x000000062a600000, 0x000000062a600000| Complete 
| 241|0x000000062a800000, 0x000000062aa00000, 0x000000062aa00000|100%| E|CS|TAMS 0x000000062a800000, 0x000000062a800000| Complete 
| 242|0x000000062aa00000, 0x000000062ac00000, 0x000000062ac00000|100%| E|CS|TAMS 0x000000062aa00000, 0x000000062aa00000| Complete 
| 243|0x000000062ac00000, 0x000000062ae00000, 0x000000062ae00000|100%| E|CS|TAMS 0x000000062ac00000, 0x000000062ac00000| Complete 
| 244|0x000000062ae00000, 0x000000062b000000, 0x000000062b000000|100%| E|CS|TAMS 0x000000062ae00000, 0x000000062ae00000| Complete 
| 245|0x000000062b000000, 0x000000062b200000, 0x000000062b200000|100%| E|CS|TAMS 0x000000062b000000, 0x000000062b000000| Complete 
| 246|0x000000062b200000, 0x000000062b400000, 0x000000062b400000|100%| E|CS|TAMS 0x000000062b200000, 0x000000062b200000| Complete 
| 247|0x000000062b400000, 0x000000062b600000, 0x000000062b600000|100%| E|CS|TAMS 0x000000062b400000, 0x000000062b400000| Complete 
| 248|0x000000062b600000, 0x000000062b800000, 0x000000062b800000|100%| E|CS|TAMS 0x000000062b600000, 0x000000062b600000| Complete 
| 249|0x000000062b800000, 0x000000062ba00000, 0x000000062ba00000|100%| E|CS|TAMS 0x000000062b800000, 0x000000062b800000| Complete 
| 250|0x000000062ba00000, 0x000000062bc00000, 0x000000062bc00000|100%| E|CS|TAMS 0x000000062ba00000, 0x000000062ba00000| Complete 
| 251|0x000000062bc00000, 0x000000062be00000, 0x000000062be00000|100%| E|CS|TAMS 0x000000062bc00000, 0x000000062bc00000| Complete 
| 252|0x000000062be00000, 0x000000062c000000, 0x000000062c000000|100%| E|CS|TAMS 0x000000062be00000, 0x000000062be00000| Complete 
| 253|0x000000062c000000, 0x000000062c200000, 0x000000062c200000|100%| E|CS|TAMS 0x000000062c000000, 0x000000062c000000| Complete 
| 254|0x000000062c200000, 0x000000062c400000, 0x000000062c400000|100%| E|CS|TAMS 0x000000062c200000, 0x000000062c200000| Complete 
| 255|0x000000062c400000, 0x000000062c600000, 0x000000062c600000|100%| E|CS|TAMS 0x000000062c400000, 0x000000062c400000| Complete 
| 256|0x000000062c600000, 0x000000062c800000, 0x000000062c800000|100%| E|CS|TAMS 0x000000062c600000, 0x000000062c600000| Complete 
| 257|0x000000062c800000, 0x000000062ca00000, 0x000000062ca00000|100%| E|CS|TAMS 0x000000062c800000, 0x000000062c800000| Complete 
| 258|0x000000062ca00000, 0x000000062cc00000, 0x000000062cc00000|100%| E|CS|TAMS 0x000000062ca00000, 0x000000062ca00000| Complete 
| 259|0x000000062cc00000, 0x000000062ce00000, 0x000000062ce00000|100%| E|CS|TAMS 0x000000062cc00000, 0x000000062cc00000| Complete 
| 260|0x000000062ce00000, 0x000000062d000000, 0x000000062d000000|100%| E|CS|TAMS 0x000000062ce00000, 0x000000062ce00000| Complete 
| 261|0x000000062d000000, 0x000000062d200000, 0x000000062d200000|100%| E|CS|TAMS 0x000000062d000000, 0x000000062d000000| Complete 
| 262|0x000000062d200000, 0x000000062d400000, 0x000000062d400000|100%| E|CS|TAMS 0x000000062d200000, 0x000000062d200000| Complete 
| 263|0x000000062d400000, 0x000000062d600000, 0x000000062d600000|100%| E|CS|TAMS 0x000000062d400000, 0x000000062d400000| Complete 
| 264|0x000000062d600000, 0x000000062d800000, 0x000000062d800000|100%| E|CS|TAMS 0x000000062d600000, 0x000000062d600000| Complete 
| 265|0x000000062d800000, 0x000000062da00000, 0x000000062da00000|100%| E|CS|TAMS 0x000000062d800000, 0x000000062d800000| Complete 
| 266|0x000000062da00000, 0x000000062dc00000, 0x000000062dc00000|100%| E|CS|TAMS 0x000000062da00000, 0x000000062da00000| Complete 
| 267|0x000000062dc00000, 0x000000062de00000, 0x000000062de00000|100%| E|CS|TAMS 0x000000062dc00000, 0x000000062dc00000| Complete 
| 268|0x000000062de00000, 0x000000062e000000, 0x000000062e000000|100%| E|CS|TAMS 0x000000062de00000, 0x000000062de00000| Complete 
| 269|0x000000062e000000, 0x000000062e200000, 0x000000062e200000|100%| E|CS|TAMS 0x000000062e000000, 0x000000062e000000| Complete 
| 270|0x000000062e200000, 0x000000062e400000, 0x000000062e400000|100%| E|CS|TAMS 0x000000062e200000, 0x000000062e200000| Complete 
| 271|0x000000062e400000, 0x000000062e600000, 0x000000062e600000|100%| E|CS|TAMS 0x000000062e400000, 0x000000062e400000| Complete 
| 272|0x000000062e600000, 0x000000062e800000, 0x000000062e800000|100%| E|CS|TAMS 0x000000062e600000, 0x000000062e600000| Complete 
| 273|0x000000062e800000, 0x000000062ea00000, 0x000000062ea00000|100%| E|CS|TAMS 0x000000062e800000, 0x000000062e800000| Complete 
| 274|0x000000062ea00000, 0x000000062ec00000, 0x000000062ec00000|100%| E|CS|TAMS 0x000000062ea00000, 0x000000062ea00000| Complete 
| 275|0x000000062ec00000, 0x000000062ee00000, 0x000000062ee00000|100%| E|CS|TAMS 0x000000062ec00000, 0x000000062ec00000| Complete 
| 276|0x000000062ee00000, 0x000000062f000000, 0x000000062f000000|100%| E|CS|TAMS 0x000000062ee00000, 0x000000062ee00000| Complete 
| 277|0x000000062f000000, 0x000000062f200000, 0x000000062f200000|100%| E|CS|TAMS 0x000000062f000000, 0x000000062f000000| Complete 
| 278|0x000000062f200000, 0x000000062f400000, 0x000000062f400000|100%| E|CS|TAMS 0x000000062f200000, 0x000000062f200000| Complete 
| 279|0x000000062f400000, 0x000000062f600000, 0x000000062f600000|100%| E|CS|TAMS 0x000000062f400000, 0x000000062f400000| Complete 
| 280|0x000000062f600000, 0x000000062f800000, 0x000000062f800000|100%| E|CS|TAMS 0x000000062f600000, 0x000000062f600000| Complete 
| 281|0x000000062f800000, 0x000000062fa00000, 0x000000062fa00000|100%| E|CS|TAMS 0x000000062f800000, 0x000000062f800000| Complete 
| 282|0x000000062fa00000, 0x000000062fc00000, 0x000000062fc00000|100%| E|CS|TAMS 0x000000062fa00000, 0x000000062fa00000| Complete 
| 283|0x000000062fc00000, 0x000000062fe00000, 0x000000062fe00000|100%| E|CS|TAMS 0x000000062fc00000, 0x000000062fc00000| Complete 
| 284|0x000000062fe00000, 0x0000000630000000, 0x0000000630000000|100%| E|CS|TAMS 0x000000062fe00000, 0x000000062fe00000| Complete 
| 285|0x0000000630000000, 0x0000000630200000, 0x0000000630200000|100%| E|CS|TAMS 0x0000000630000000, 0x0000000630000000| Complete 
| 286|0x0000000630200000, 0x0000000630400000, 0x0000000630400000|100%| E|CS|TAMS 0x0000000630200000, 0x0000000630200000| Complete 
| 287|0x0000000630400000, 0x0000000630600000, 0x0000000630600000|100%| E|CS|TAMS 0x0000000630400000, 0x0000000630400000| Complete 
| 288|0x0000000630600000, 0x0000000630800000, 0x0000000630800000|100%| E|CS|TAMS 0x0000000630600000, 0x0000000630600000| Complete 
| 289|0x0000000630800000, 0x0000000630a00000, 0x0000000630a00000|100%| E|CS|TAMS 0x0000000630800000, 0x0000000630800000| Complete 
| 290|0x0000000630a00000, 0x0000000630c00000, 0x0000000630c00000|100%| E|CS|TAMS 0x0000000630a00000, 0x0000000630a00000| Complete 
| 291|0x0000000630c00000, 0x0000000630e00000, 0x0000000630e00000|100%| E|CS|TAMS 0x0000000630c00000, 0x0000000630c00000| Complete 
| 292|0x0000000630e00000, 0x0000000631000000, 0x0000000631000000|100%| E|CS|TAMS 0x0000000630e00000, 0x0000000630e00000| Complete 
| 293|0x0000000631000000, 0x0000000631200000, 0x0000000631200000|100%| E|CS|TAMS 0x0000000631000000, 0x0000000631000000| Complete 
| 294|0x0000000631200000, 0x0000000631400000, 0x0000000631400000|100%| E|CS|TAMS 0x0000000631200000, 0x0000000631200000| Complete 
| 295|0x0000000631400000, 0x0000000631600000, 0x0000000631600000|100%| E|CS|TAMS 0x0000000631400000, 0x0000000631400000| Complete 
| 296|0x0000000631600000, 0x0000000631800000, 0x0000000631800000|100%| E|CS|TAMS 0x0000000631600000, 0x0000000631600000| Complete 
| 297|0x0000000631800000, 0x0000000631a00000, 0x0000000631a00000|100%| E|CS|TAMS 0x0000000631800000, 0x0000000631800000| Complete 
| 298|0x0000000631a00000, 0x0000000631c00000, 0x0000000631c00000|100%| E|CS|TAMS 0x0000000631a00000, 0x0000000631a00000| Complete 
| 299|0x0000000631c00000, 0x0000000631e00000, 0x0000000631e00000|100%| E|CS|TAMS 0x0000000631c00000, 0x0000000631c00000| Complete 
| 300|0x0000000631e00000, 0x0000000632000000, 0x0000000632000000|100%| E|CS|TAMS 0x0000000631e00000, 0x0000000631e00000| Complete 
| 301|0x0000000632000000, 0x0000000632200000, 0x0000000632200000|100%| E|CS|TAMS 0x0000000632000000, 0x0000000632000000| Complete 
| 302|0x0000000632200000, 0x0000000632400000, 0x0000000632400000|100%| E|CS|TAMS 0x0000000632200000, 0x0000000632200000| Complete 
| 303|0x0000000632400000, 0x0000000632600000, 0x0000000632600000|100%| E|CS|TAMS 0x0000000632400000, 0x0000000632400000| Complete 
| 304|0x0000000632600000, 0x0000000632800000, 0x0000000632800000|100%| E|CS|TAMS 0x0000000632600000, 0x0000000632600000| Complete 
| 305|0x0000000632800000, 0x0000000632a00000, 0x0000000632a00000|100%| E|CS|TAMS 0x0000000632800000, 0x0000000632800000| Complete 
| 306|0x0000000632a00000, 0x0000000632c00000, 0x0000000632c00000|100%| E|CS|TAMS 0x0000000632a00000, 0x0000000632a00000| Complete 
| 307|0x0000000632c00000, 0x0000000632e00000, 0x0000000632e00000|100%| E|CS|TAMS 0x0000000632c00000, 0x0000000632c00000| Complete 
| 308|0x0000000632e00000, 0x0000000633000000, 0x0000000633000000|100%| E|CS|TAMS 0x0000000632e00000, 0x0000000632e00000| Complete 
| 309|0x0000000633000000, 0x0000000633200000, 0x0000000633200000|100%| E|CS|TAMS 0x0000000633000000, 0x0000000633000000| Complete 
| 310|0x0000000633200000, 0x0000000633400000, 0x0000000633400000|100%| E|CS|TAMS 0x0000000633200000, 0x0000000633200000| Complete 
| 311|0x0000000633400000, 0x0000000633600000, 0x0000000633600000|100%| E|CS|TAMS 0x0000000633400000, 0x0000000633400000| Complete 
| 312|0x0000000633600000, 0x0000000633800000, 0x0000000633800000|100%| E|CS|TAMS 0x0000000633600000, 0x0000000633600000| Complete 
| 313|0x0000000633800000, 0x0000000633a00000, 0x0000000633a00000|100%| E|CS|TAMS 0x0000000633800000, 0x0000000633800000| Complete 
| 314|0x0000000633a00000, 0x0000000633c00000, 0x0000000633c00000|100%| E|CS|TAMS 0x0000000633a00000, 0x0000000633a00000| Complete 
| 315|0x0000000633c00000, 0x0000000633e00000, 0x0000000633e00000|100%| E|CS|TAMS 0x0000000633c00000, 0x0000000633c00000| Complete 
| 316|0x0000000633e00000, 0x0000000634000000, 0x0000000634000000|100%| E|CS|TAMS 0x0000000633e00000, 0x0000000633e00000| Complete 
| 317|0x0000000634000000, 0x0000000634200000, 0x0000000634200000|100%| E|CS|TAMS 0x0000000634000000, 0x0000000634000000| Complete 
| 318|0x0000000634200000, 0x0000000634400000, 0x0000000634400000|100%| E|CS|TAMS 0x0000000634200000, 0x0000000634200000| Complete 

Card table byte_map: [0x0000742f8d400000,0x0000742f8e39d000] _byte_map_base: 0x0000742f8a39d000

Marking Bits (Prev, Next): (CMBitMap*) 0x0000742fa806e088, (CMBitMap*) 0x0000742fa806e0c0
 Prev Bits: [0x0000742f80200000, 0x0000742f87ee8000)
 Next Bits: [0x0000742f78400000, 0x0000742f800e8000)

Polling page: 0x0000742faf4b9000

Metaspace:

Usage:
  Non-class:     46.41 MB capacity,    45.77 MB ( 99%) used,   533.16 KB (  1%) free+waste,   119.38 KB ( <1%) overhead. 
      Class:      6.24 MB capacity,     5.15 MB ( 83%) used,     1.04 MB ( 17%) free+waste,    53.69 KB ( <1%) overhead. 
       Both:     52.66 MB capacity,    50.93 MB ( 97%) used,     1.56 MB (  3%) free+waste,   173.06 KB ( <1%) overhead. 

Virtual space:
  Non-class space:       48.00 MB reserved,      46.50 MB ( 97%) committed 
      Class space:        1.00 GB reserved,       6.25 MB ( <1%) committed 
             Both:        1.05 GB reserved,      52.75 MB (  5%) committed 

Chunk freelists:
   Non-Class:  90.00 KB
       Class:  6.00 KB
        Both:  96.00 KB

MaxMetaspaceSize: unlimited
CompressedClassSpaceSize: 1.00 GB
Initial GC threshold: 20.80 MB
Current GC threshold: 58.75 MB
CDS: off

CodeHeap 'non-profiled nmethods': size=120032Kb used=10834Kb max_used=10834Kb free=109197Kb
 bounds [0x0000742f96ec8000, 0x0000742f97968000, 0x0000742f9e400000]
CodeHeap 'profiled nmethods': size=120028Kb used=19508Kb max_used=19508Kb free=100519Kb
 bounds [0x0000742f8f991000, 0x0000742f90ca1000, 0x0000742f96ec8000]
CodeHeap 'non-nmethods': size=5700Kb used=1714Kb max_used=1841Kb free=3985Kb
 bounds [0x0000742f8f400000, 0x0000742f8f670000, 0x0000742f8f991000]
 total_blobs=9887 nmethods=8840 adapters=964
 compilation: enabled
              stopped_count=0, restarted_count=0
 full_count=0

Compilation events (20 events):
Event: 7679.129 Thread 0x0000742fa82f6000 nmethod 9039 0x0000742f90c9a110 code [0x0000742f90c9a2c0, 0x0000742f90c9a3f0]
Event: 7679.274 Thread 0x0000742fa82f4000 nmethod 9038 0x0000742f9795a090 code [0x0000742f9795a280, 0x0000742f9795b598]
Event: 7685.508 Thread 0x0000742fa82f6000 9040   !   3       sun.awt.X11.XWindow::setMouseAbove (23 bytes)
Event: 7685.509 Thread 0x0000742fa82f6000 nmethod 9040 0x0000742f90c9a490 code [0x0000742f90c9a640, 0x0000742f90c9a9b0]
Event: 7685.641 Thread 0x0000742fa82f6000 9041   !   3       sun.awt.im.CompositionAreaHandler::grabCompositionArea (86 bytes)
Event: 7685.644 Thread 0x0000742fa82f6000 nmethod 9041 0x0000742f90c9ab10 code [0x0000742f90c9ad20, 0x0000742f90c9b400]
Event: 7685.644 Thread 0x0000742fa82f6000 9042       3       sun.awt.X11InputMethodBase::getClientComponentWindow (51 bytes)
Event: 7685.646 Thread 0x0000742fa82f6000 nmethod 9042 0x0000742f90c9b610 code [0x0000742f90c9b820, 0x0000742f90c9c0b0]
Event: 7814.463 Thread 0x0000742fa82f6000 9043       3       sun.java2d.SurfaceData::getFillCompositeType (32 bytes)
Event: 7814.463 Thread 0x0000742fa82f6000 nmethod 9043 0x0000742f90c9c210 code [0x0000742f90c9c3c0, 0x0000742f90c9c550]
Event: 7814.464 Thread 0x0000742fa82f6000 9044       3       sun.java2d.loops.MaskFill::getFromCache (46 bytes)
Event: 7814.465 Thread 0x0000742fa82f6000 nmethod 9044 0x0000742f90c9c610 code [0x0000742f90c9c800, 0x0000742f90c9cce0]
Event: 7814.807 Thread 0x0000742fa82f4000 9045       4       sun.swing.CachedPainter$PainterMultiResolutionCachedImage::getWidth (5 bytes)
Event: 7814.809 Thread 0x0000742fa82f4000 nmethod 9045 0x0000742f9795bf10 code [0x0000742f9795c0a0, 0x0000742f9795c0f8]
Event: 7814.809 Thread 0x0000742fa82f4000 9046       4       sun.swing.CachedPainter$PainterMultiResolutionCachedImage::getHeight (5 bytes)
Event: 7814.810 Thread 0x0000742fa82f4000 nmethod 9046 0x0000742f9795c210 code [0x0000742f9795c3a0, 0x0000742f9795c3f8]
Event: 7814.812 Thread 0x0000742fa82f6000 9047       3       sun.java2d.xr.XRBackendNative::getRenderColors (93 bytes)
Event: 7814.814 Thread 0x0000742fa82f6000 nmethod 9047 0x0000742f90c9ce90 code [0x0000742f90c9d080, 0x0000742f90c9d500]
Event: 7818.151 Thread 0x0000742fa82f6000 9049       3       java.awt.Component::processMouseEvent (100 bytes)
Event: 7818.153 Thread 0x0000742fa82f6000 nmethod 9049 0x0000742f90c9d710 code [0x0000742f90c9d920, 0x0000742f90c9e080]

GC Heap History (20 events):
Event: 7775.439 GC heap before
{Heap before GC invocations=1704 (full 0):
 garbage-first heap   total 653312K, used 466043K [0x000000060c600000, 0x0000000800000000)
  region size 2048K, 191 young (391168K), 1 survivors (2048K)
 Metaspace       used 52124K, capacity 53856K, committed 54016K, reserved 1097728K
  class space    used 5277K, capacity 6394K, committed 6400K, reserved 1048576K
}
Event: 7775.445 GC heap after
{Heap after GC invocations=1705 (full 0):
 garbage-first heap   total 653312K, used 76917K [0x000000060c600000, 0x0000000800000000)
  region size 2048K, 1 young (2048K), 1 survivors (2048K)
 Metaspace       used 52124K, capacity 53856K, committed 54016K, reserved 1097728K
  class space    used 5277K, capacity 6394K, committed 6400K, reserved 1048576K
}
Event: 7779.754 GC heap before
{Heap before GC invocations=1705 (full 0):
 garbage-first heap   total 653312K, used 466037K [0x000000060c600000, 0x0000000800000000)
  region size 2048K, 191 young (391168K), 1 survivors (2048K)
 Metaspace       used 52124K, capacity 53856K, committed 54016K, reserved 1097728K
  class space    used 5277K, capacity 6394K, committed 6400K, reserved 1048576K
}
Event: 7779.758 GC heap after
{Heap after GC invocations=1706 (full 0):
 garbage-first heap   total 653312K, used 76923K [0x000000060c600000, 0x0000000800000000)
  region size 2048K, 1 young (2048K), 1 survivors (2048K)
 Metaspace       used 52124K, capacity 53856K, committed 54016K, reserved 1097728K
  class space    used 5277K, capacity 6394K, committed 6400K, reserved 1048576K
}
Event: 7784.036 GC heap before
{Heap before GC invocations=1706 (full 0):
 garbage-first heap   total 653312K, used 466043K [0x000000060c600000, 0x0000000800000000)
  region size 2048K, 191 young (391168K), 1 survivors (2048K)
 Metaspace       used 52124K, capacity 53856K, committed 54016K, reserved 1097728K
  class space    used 5277K, capacity 6394K, committed 6400K, reserved 1048576K
}
Event: 7784.039 GC heap after
{Heap after GC invocations=1707 (full 0):
 garbage-first heap   total 653312K, used 76918K [0x000000060c600000, 0x0000000800000000)
  region size 2048K, 1 young (2048K), 1 survivors (2048K)
 Metaspace       used 52124K, capacity 53856K, committed 54016K, reserved 1097728K
  class space    used 5277K, capacity 6394K, committed 6400K, reserved 1048576K
}
Event: 7788.288 GC heap before
{Heap before GC invocations=1707 (full 0):
 garbage-first heap   total 653312K, used 466038K [0x000000060c600000, 0x0000000800000000)
  region size 2048K, 191 young (391168K), 1 survivors (2048K)
 Metaspace       used 52124K, capacity 53856K, committed 54016K, reserved 1097728K
  class space    used 5277K, capacity 6394K, committed 6400K, reserved 1048576K
}
Event: 7788.297 GC heap after
{Heap after GC invocations=1708 (full 0):
 garbage-first heap   total 653312K, used 76912K [0x000000060c600000, 0x0000000800000000)
  region size 2048K, 1 young (2048K), 1 survivors (2048K)
 Metaspace       used 52124K, capacity 53856K, committed 54016K, reserved 1097728K
  class space    used 5277K, capacity 6394K, committed 6400K, reserved 1048576K
}
Event: 7792.816 GC heap before
{Heap before GC invocations=1708 (full 0):
 garbage-first heap   total 653312K, used 466032K [0x000000060c600000, 0x0000000800000000)
  region size 2048K, 191 young (391168K), 1 survivors (2048K)
 Metaspace       used 52124K, capacity 53856K, committed 54016K, reserved 1097728K
  class space    used 5277K, capacity 6394K, committed 6400K, reserved 1048576K
}
Event: 7792.823 GC heap after
{Heap after GC invocations=1709 (full 0):
 garbage-first heap   total 653312K, used 76914K [0x000000060c600000, 0x0000000800000000)
  region size 2048K, 1 young (2048K), 1 survivors (2048K)
 Metaspace       used 52124K, capacity 53856K, committed 54016K, reserved 1097728K
  class space    used 5277K, capacity 6394K, committed 6400K, reserved 1048576K
}
Event: 7796.924 GC heap before
{Heap before GC invocations=1709 (full 0):
 garbage-first heap   total 653312K, used 466034K [0x000000060c600000, 0x0000000800000000)
  region size 2048K, 191 young (391168K), 1 survivors (2048K)
 Metaspace       used 52124K, capacity 53856K, committed 54016K, reserved 1097728K
  class space    used 5277K, capacity 6394K, committed 6400K, reserved 1048576K
}
Event: 7796.930 GC heap after
{Heap after GC invocations=1710 (full 0):
 garbage-first heap   total 653312K, used 76922K [0x000000060c600000, 0x0000000800000000)
  region size 2048K, 1 young (2048K), 1 survivors (2048K)
 Metaspace       used 52124K, capacity 53856K, committed 54016K, reserved 1097728K
  class space    used 5277K, capacity 6394K, committed 6400K, reserved 1048576K
}
Event: 7800.908 GC heap before
{Heap before GC invocations=1710 (full 0):
 garbage-first heap   total 653312K, used 466042K [0x000000060c600000, 0x0000000800000000)
  region size 2048K, 191 young (391168K), 1 survivors (2048K)
 Metaspace       used 52124K, capacity 53856K, committed 54016K, reserved 1097728K
  class space    used 5277K, capacity 6394K, committed 6400K, reserved 1048576K
}
Event: 7800.914 GC heap after
{Heap after GC invocations=1711 (full 0):
 garbage-first heap   total 653312K, used 76930K [0x000000060c600000, 0x0000000800000000)
  region size 2048K, 1 young (2048K), 1 survivors (2048K)
 Metaspace       used 52124K, capacity 53856K, committed 54016K, reserved 1097728K
  class space    used 5277K, capacity 6394K, committed 6400K, reserved 1048576K
}
Event: 7805.032 GC heap before
{Heap before GC invocations=1711 (full 0):
 garbage-first heap   total 653312K, used 466050K [0x000000060c600000, 0x0000000800000000)
  region size 2048K, 191 young (391168K), 1 survivors (2048K)
 Metaspace       used 52124K, capacity 53856K, committed 54016K, reserved 1097728K
  class space    used 5277K, capacity 6394K, committed 6400K, reserved 1048576K
}
Event: 7805.038 GC heap after
{Heap after GC invocations=1712 (full 0):
 garbage-first heap   total 653312K, used 76916K [0x000000060c600000, 0x0000000800000000)
  region size 2048K, 1 young (2048K), 1 survivors (2048K)
 Metaspace       used 52124K, capacity 53856K, committed 54016K, reserved 1097728K
  class space    used 5277K, capacity 6394K, committed 6400K, reserved 1048576K
}
Event: 7809.291 GC heap before
{Heap before GC invocations=1712 (full 0):
 garbage-first heap   total 653312K, used 466036K [0x000000060c600000, 0x0000000800000000)
  region size 2048K, 192 young (393216K), 1 survivors (2048K)
 Metaspace       used 52124K, capacity 53856K, committed 54016K, reserved 1097728K
  class space    used 5277K, capacity 6394K, committed 6400K, reserved 1048576K
}
Event: 7809.303 GC heap after
{Heap after GC invocations=1713 (full 0):
 garbage-first heap   total 653312K, used 76928K [0x000000060c600000, 0x0000000800000000)
  region size 2048K, 1 young (2048K), 1 survivors (2048K)
 Metaspace       used 52124K, capacity 53856K, committed 54016K, reserved 1097728K
  class space    used 5277K, capacity 6394K, committed 6400K, reserved 1048576K
}
Event: 7814.532 GC heap before
{Heap before GC invocations=1713 (full 0):
 garbage-first heap   total 653312K, used 466048K [0x000000060c600000, 0x0000000800000000)
  region size 2048K, 191 young (391168K), 1 survivors (2048K)
 Metaspace       used 52150K, capacity 53920K, committed 54016K, reserved 1097728K
  class space    used 5277K, capacity 6394K, committed 6400K, reserved 1048576K
}
Event: 7814.536 GC heap after
{Heap after GC invocations=1714 (full 0):
 garbage-first heap   total 653312K, used 76924K [0x000000060c600000, 0x0000000800000000)
  region size 2048K, 1 young (2048K), 1 survivors (2048K)
 Metaspace       used 52150K, capacity 53920K, committed 54016K, reserved 1097728K
  class space    used 5277K, capacity 6394K, committed 6400K, reserved 1048576K
}

Deoptimization events (20 events):
Event: 7685.564 Thread 0x0000742fa9a7a800 DEOPT PACKING pc=0x0000742f90bd93c4 sp=0x0000742f64ffae80
Event: 7685.564 Thread 0x0000742fa9a7a800 DEOPT UNPACKING pc=0x0000742f8f44a64a sp=0x0000742f64ffa328 mode 1
Event: 7685.565 Thread 0x0000742fa9a7a800 DEOPT PACKING pc=0x0000742f90bd93c4 sp=0x0000742f64ffae00
Event: 7685.565 Thread 0x0000742fa9a7a800 DEOPT UNPACKING pc=0x0000742f8f44a64a sp=0x0000742f64ffa2a8 mode 1
Event: 7685.566 Thread 0x0000742fa9a7a800 DEOPT PACKING pc=0x0000742f90bd93c4 sp=0x0000742f64ffae00
Event: 7685.566 Thread 0x0000742fa9a7a800 DEOPT UNPACKING pc=0x0000742f8f44a64a sp=0x0000742f64ffa2a8 mode 1
Event: 7685.566 Thread 0x0000742fa9a7a800 DEOPT PACKING pc=0x0000742f90bd93c4 sp=0x0000742f64ffae00
Event: 7685.566 Thread 0x0000742fa9a7a800 DEOPT UNPACKING pc=0x0000742f8f44a64a sp=0x0000742f64ffa2a8 mode 1
Event: 7818.158 Thread 0x0000742fa9a7a800 DEOPT PACKING pc=0x0000742f90bd93c4 sp=0x0000742f64ffae80
Event: 7818.158 Thread 0x0000742fa9a7a800 DEOPT UNPACKING pc=0x0000742f8f44a64a sp=0x0000742f64ffa328 mode 1
Event: 7818.158 Thread 0x0000742fa9a7a800 DEOPT PACKING pc=0x0000742f90bd93c4 sp=0x0000742f64ffae80
Event: 7818.158 Thread 0x0000742fa9a7a800 DEOPT UNPACKING pc=0x0000742f8f44a64a sp=0x0000742f64ffa328 mode 1
Event: 7818.159 Thread 0x0000742fa9a7a800 DEOPT PACKING pc=0x0000742f90bd93c4 sp=0x0000742f64ffae80
Event: 7818.159 Thread 0x0000742fa9a7a800 DEOPT UNPACKING pc=0x0000742f8f44a64a sp=0x0000742f64ffa328 mode 1
Event: 7818.161 Thread 0x0000742fa9a7a800 DEOPT PACKING pc=0x0000742f90bd93c4 sp=0x0000742f64ffae00
Event: 7818.161 Thread 0x0000742fa9a7a800 DEOPT UNPACKING pc=0x0000742f8f44a64a sp=0x0000742f64ffa2a8 mode 1
Event: 7818.161 Thread 0x0000742fa9a7a800 DEOPT PACKING pc=0x0000742f90bd93c4 sp=0x0000742f64ffae00
Event: 7818.161 Thread 0x0000742fa9a7a800 DEOPT UNPACKING pc=0x0000742f8f44a64a sp=0x0000742f64ffa2a8 mode 1
Event: 7818.162 Thread 0x0000742fa9a7a800 DEOPT PACKING pc=0x0000742f90bd93c4 sp=0x0000742f64ffae00
Event: 7818.162 Thread 0x0000742fa9a7a800 DEOPT UNPACKING pc=0x0000742f8f44a64a sp=0x0000742f64ffa2a8 mode 1

Classes redefined (20 events):
Event: 2300.102 Thread 0x0000742fa82ce800 redefined class name=com.vis.core.view.D2.roi.RoiBrush, count=11
Event: 2516.234 Thread 0x0000742fa82ce800 redefined class name=com.vis.core.view.D2.roi.RoiBrush, count=12
Event: 2531.516 Thread 0x0000742fa82ce800 redefined class name=com.vis.core.view.D2.roi.RoiBrush, count=13
Event: 2661.854 Thread 0x0000742fa82ce800 redefined class name=com.vis.core.view.D2.roi.RoiBrush, count=14
Event: 2822.629 Thread 0x0000742fa82ce800 redefined class name=com.vis.core.view.D2.roi.RoiBrush, count=15
Event: 2929.228 Thread 0x0000742fa82ce800 redefined class name=com.vis.core.view.D2.roi.RoiBrush, count=16
Event: 2944.775 Thread 0x0000742fa82ce800 redefined class name=com.vis.core.view.D2.roi.RoiBrush, count=17
Event: 3004.652 Thread 0x0000742fa82ce800 redefined class name=com.vis.core.view.D2.roi.RoiBrush, count=18
Event: 3212.171 Thread 0x0000742fa82ce800 redefined class name=com.vis.core.view.D2.roi.RoiBrush, count=19
Event: 3519.833 Thread 0x0000742fa82ce800 redefined class name=com.vis.core.view.D2.roi.RoiBrush, count=20
Event: 4780.788 Thread 0x0000742fa82ce800 redefined class name=com.vis.core.view.D2.roi.RoiBrush, count=21
Event: 4795.221 Thread 0x0000742fa82ce800 redefined class name=com.vis.core.view.D2.roi.RoiBrush, count=22
Event: 5491.054 Thread 0x0000742fa82ce800 redefined class name=com.vis.core.view.D2.roi.RoiBrush, count=23
Event: 5553.703 Thread 0x0000742fa82ce800 redefined class name=com.vis.core.view.D2.roi.RoiBrush, count=24
Event: 5626.514 Thread 0x0000742fa82ce800 redefined class name=com.vis.core.view.D2.roi.RoiBrush, count=25
Event: 6360.360 Thread 0x0000742fa82ce800 redefined class name=com.vis.core.view.D2.roi.RoiBrush, count=26
Event: 7458.133 Thread 0x0000742fa82ce800 redefined class name=com.vis.core.view.D2.roi.RoiBrush, count=27
Event: 7502.681 Thread 0x0000742fa82ce800 redefined class name=com.vis.core.view.D2.roi.RoiBrush, count=28
Event: 7686.483 Thread 0x0000742fa82ce800 redefined class name=com.vis.core.view.D2.roi.RoiBrush, count=29
Event: 7811.795 Thread 0x0000742fa82ce800 redefined class name=com.vis.core.view.D2.roi.RoiBrush, count=30

Internal exceptions (20 events):
Event: 7685.564 Thread 0x0000742fa9a7a800 Implicit null exception at 0x0000742f90bd913b to 0x0000742f90bd93bf
Event: 7685.564 Thread 0x0000742fa9a7a800 Exception <a 'java/lang/NullPointerException'{0x00000006203d1300}> (0x00000006203d1300) thrown at [./src/hotspot/share/runtime/sharedRuntime.cpp, line 606]
Event: 7685.565 Thread 0x0000742fa9a7a800 Implicit null exception at 0x0000742f90bd913b to 0x0000742f90bd93bf
Event: 7685.565 Thread 0x0000742fa9a7a800 Exception <a 'java/lang/NullPointerException'{0x00000006203f2ec0}> (0x00000006203f2ec0) thrown at [./src/hotspot/share/runtime/sharedRuntime.cpp, line 606]
Event: 7685.566 Thread 0x0000742fa9a7a800 Implicit null exception at 0x0000742f90bd913b to 0x0000742f90bd93bf
Event: 7685.566 Thread 0x0000742fa9a7a800 Exception <a 'java/lang/NullPointerException'{0x0000000620006158}> (0x0000000620006158) thrown at [./src/hotspot/share/runtime/sharedRuntime.cpp, line 606]
Event: 7685.566 Thread 0x0000742fa9a7a800 Implicit null exception at 0x0000742f90bd913b to 0x0000742f90bd93bf
Event: 7685.566 Thread 0x0000742fa9a7a800 Exception <a 'java/lang/NullPointerException'{0x0000000620015a40}> (0x0000000620015a40) thrown at [./src/hotspot/share/runtime/sharedRuntime.cpp, line 606]
Event: 7818.157 Thread 0x0000742fa9a7a800 Implicit null exception at 0x0000742f90bd913b to 0x0000742f90bd93bf
Event: 7818.157 Thread 0x0000742fa9a7a800 Exception <a 'java/lang/NullPointerException'{0x00000006235c4850}> (0x00000006235c4850) thrown at [./src/hotspot/share/runtime/sharedRuntime.cpp, line 606]
Event: 7818.158 Thread 0x0000742fa9a7a800 Implicit null exception at 0x0000742f90bd913b to 0x0000742f90bd93bf
Event: 7818.158 Thread 0x0000742fa9a7a800 Exception <a 'java/lang/NullPointerException'{0x00000006235d4138}> (0x00000006235d4138) thrown at [./src/hotspot/share/runtime/sharedRuntime.cpp, line 606]
Event: 7818.159 Thread 0x0000742fa9a7a800 Implicit null exception at 0x0000742f90bd913b to 0x0000742f90bd93bf
Event: 7818.159 Thread 0x0000742fa9a7a800 Exception <a 'java/lang/NullPointerException'{0x00000006235e3a20}> (0x00000006235e3a20) thrown at [./src/hotspot/share/runtime/sharedRuntime.cpp, line 606]
Event: 7818.160 Thread 0x0000742fa9a7a800 Implicit null exception at 0x0000742f90bd913b to 0x0000742f90bd93bf
Event: 7818.160 Thread 0x0000742fa9a7a800 Exception <a 'java/lang/NullPointerException'{0x0000000623207f40}> (0x0000000623207f40) thrown at [./src/hotspot/share/runtime/sharedRuntime.cpp, line 606]
Event: 7818.161 Thread 0x0000742fa9a7a800 Implicit null exception at 0x0000742f90bd913b to 0x0000742f90bd93bf
Event: 7818.161 Thread 0x0000742fa9a7a800 Exception <a 'java/lang/NullPointerException'{0x0000000623217828}> (0x0000000623217828) thrown at [./src/hotspot/share/runtime/sharedRuntime.cpp, line 606]
Event: 7818.162 Thread 0x0000742fa9a7a800 Implicit null exception at 0x0000742f90bd913b to 0x0000742f90bd93bf
Event: 7818.162 Thread 0x0000742fa9a7a800 Exception <a 'java/lang/NullPointerException'{0x0000000623227110}> (0x0000000623227110) thrown at [./src/hotspot/share/runtime/sharedRuntime.cpp, line 606]

Events (20 events):
Event: 7818.171 Executing VM operation: GetFrameCount done
Event: 7818.171 Executing VM operation: GetStackTrace
Event: 7818.172 Executing VM operation: GetStackTrace done
Event: 7818.173 Executing VM operation: GetFrameCount
Event: 7818.174 Executing VM operation: GetFrameCount done
Event: 7818.174 Executing VM operation: GetOwnedMonitorInfo
Event: 7818.174 Executing VM operation: GetOwnedMonitorInfo done
Event: 7818.175 Executing VM operation: GetCurrentContendedMonitor
Event: 7818.175 Executing VM operation: GetCurrentContendedMonitor done
Event: 7818.176 Executing VM operation: GetOwnedMonitorInfo
Event: 7818.176 Executing VM operation: GetOwnedMonitorInfo done
Event: 7818.177 Executing VM operation: GetCurrentContendedMonitor
Event: 7818.177 Executing VM operation: GetCurrentContendedMonitor done
Event: 7818.180 Executing VM operation: GetCurrentContendedMonitor
Event: 7818.180 Executing VM operation: GetCurrentContendedMonitor done
Event: 7818.180 Executing VM operation: GetOwnedMonitorInfo
Event: 7818.181 Executing VM operation: GetOwnedMonitorInfo done
Event: 7818.671 Executing VM operation: GetFrameLocation
Event: 7818.671 Executing VM operation: GetFrameLocation done
Event: 7818.671 Executing VM operation: GetOrSetLocal


Dynamic libraries:
60c600000-634400000 rw-p 00000000 00:00 0 
634400000-800000000 ---p 00000000 00:00 0 
800000000-800640000 rw-p 00000000 00:00 0 
800640000-840000000 ---p 00000000 00:00 0 
558c92e00000-558c92e01000 r-xp 00000000 103:02 58199771                  /usr/lib/jvm/temurin-11-jdk-amd64/bin/java
558c93001000-558c93002000 r--p 00001000 103:02 58199771                  /usr/lib/jvm/temurin-11-jdk-amd64/bin/java
558c93002000-558c93003000 rw-p 00002000 103:02 58199771                  /usr/lib/jvm/temurin-11-jdk-amd64/bin/java
558c930b9000-558c930da000 rw-p 00000000 00:00 0                          [heap]
742e84000000-742e84952000 rw-p 00000000 00:00 0 
742e84952000-742e88000000 ---p 00000000 00:00 0 
742e88000000-742e8920e000 rw-p 00000000 00:00 0 
742e8920e000-742e8c000000 ---p 00000000 00:00 0 
742e90000000-742e90021000 rw-p 00000000 00:00 0 
742e90021000-742e94000000 ---p 00000000 00:00 0 
742e94000000-742e94021000 rw-p 00000000 00:00 0 
742e94021000-742e98000000 ---p 00000000 00:00 0 
742e9c000000-742e9c021000 rw-p 00000000 00:00 0 
742e9c021000-742ea0000000 ---p 00000000 00:00 0 
742ea0000000-742ea0ebe000 rw-p 00000000 00:00 0 
742ea0ebe000-742ea4000000 ---p 00000000 00:00 0 
742ea8000000-742ea8021000 rw-p 00000000 00:00 0 
742ea8021000-742eac000000 ---p 00000000 00:00 0 
742eac000000-742eaffff000 rw-p 00000000 00:00 0 
742eaffff000-742eb0000000 ---p 00000000 00:00 0 
742eb4000000-742eb4021000 rw-p 00000000 00:00 0 
742eb4021000-742eb8000000 ---p 00000000 00:00 0 
742eb8000000-742eb8021000 rw-p 00000000 00:00 0 
742eb8021000-742ebc000000 ---p 00000000 00:00 0 
742ec0000000-742ec0021000 rw-p 00000000 00:00 0 
742ec0021000-742ec4000000 ---p 00000000 00:00 0 
742ec4000000-742ec4021000 rw-p 00000000 00:00 0 
742ec4021000-742ec8000000 ---p 00000000 00:00 0 
742ecc000000-742ecc021000 rw-p 00000000 00:00 0 
742ecc021000-742ed0000000 ---p 00000000 00:00 0 
742ed0000000-742ed0021000 rw-p 00000000 00:00 0 
742ed0021000-742ed4000000 ---p 00000000 00:00 0 
742ed8000000-742ed8021000 rw-p 00000000 00:00 0 
742ed8021000-742edc000000 ---p 00000000 00:00 0 
742edc000000-742edc021000 rw-p 00000000 00:00 0 
742edc021000-742ee0000000 ---p 00000000 00:00 0 
742ee4000000-742ee4321000 rw-p 00000000 00:00 0 
742ee4321000-742ee8000000 ---p 00000000 00:00 0 
742ee8000000-742ee8021000 rw-p 00000000 00:00 0 
742ee8021000-742eec000000 ---p 00000000 00:00 0 
742ef0000000-742ef3ffe000 rw-p 00000000 00:00 0 
742ef3ffe000-742ef4000000 ---p 00000000 00:00 0 
742ef4000000-742ef4034000 rw-p 00000000 00:00 0 
742ef4034000-742ef8000000 ---p 00000000 00:00 0 
742efc000000-742efc021000 rw-p 00000000 00:00 0 
742efc021000-742f00000000 ---p 00000000 00:00 0 
742f00000000-742f00021000 rw-p 00000000 00:00 0 
742f00021000-742f04000000 ---p 00000000 00:00 0 
742f08000000-742f08021000 rw-p 00000000 00:00 0 
742f08021000-742f0c000000 ---p 00000000 00:00 0 
742f0c000000-742f0c021000 rw-p 00000000 00:00 0 
742f0c021000-742f10000000 ---p 00000000 00:00 0 
742f14000000-742f14021000 rw-p 00000000 00:00 0 
742f14021000-742f18000000 ---p 00000000 00:00 0 
742f18000000-742f18021000 rw-p 00000000 00:00 0 
742f18021000-742f1c000000 ---p 00000000 00:00 0 
742f20000000-742f2004b000 rw-p 00000000 00:00 0 
742f2004b000-742f24000000 ---p 00000000 00:00 0 
742f24000000-742f24119000 rw-p 00000000 00:00 0 
742f24119000-742f28000000 ---p 00000000 00:00 0 
742f2c000000-742f2c021000 rw-p 00000000 00:00 0 
742f2c021000-742f30000000 ---p 00000000 00:00 0 
742f30000000-742f30039000 rw-p 00000000 00:00 0 
742f30039000-742f34000000 ---p 00000000 00:00 0 
742f38000000-742f38d12000 rw-p 00000000 00:00 0 
742f38d12000-742f3c000000 ---p 00000000 00:00 0 
742f3c000000-742f3fffd000 rw-p 00000000 00:00 0 
742f3fffd000-742f40000000 ---p 00000000 00:00 0 
742f44000000-742f44021000 rw-p 00000000 00:00 0 
742f44021000-742f48000000 ---p 00000000 00:00 0 
742f48000000-742f48021000 rw-p 00000000 00:00 0 
742f48021000-742f4c000000 ---p 00000000 00:00 0 
742f4f600000-742f4f680000 rw-p 00000000 00:00 0 
742f4f680000-742f4f800000 ---p 00000000 00:00 0 
742f4f800000-742f4f9c0000 rw-p 00000000 00:00 0 
742f4f9c0000-742f4fbc0000 rw-p 00000000 00:00 0 
742f4fbc0000-742f4fdc0000 rw-p 00000000 00:00 0 
742f4fdc0000-742f50000000 rw-p 00000000 00:00 0 
742f50000000-742f50021000 rw-p 00000000 00:00 0 
742f50021000-742f54000000 ---p 00000000 00:00 0 
742f54000000-742f54021000 rw-p 00000000 00:00 0 
742f54021000-742f58000000 ---p 00000000 00:00 0 
742f58200000-742f583c0000 rw-p 00000000 00:00 0 
742f583c0000-742f58600000 rw-p 00000000 00:00 0 
742f58600000-742f58602000 r-xp 00000000 103:02 58603494                  /usr/lib/jvm/temurin-11-jdk-amd64/lib/libextnet.so
742f58602000-742f58801000 ---p 00002000 103:02 58603494                  /usr/lib/jvm/temurin-11-jdk-amd64/lib/libextnet.so
742f58801000-742f58802000 r--p 00001000 103:02 58603494                  /usr/lib/jvm/temurin-11-jdk-amd64/lib/libextnet.so
742f58802000-742f58803000 rw-p 00002000 103:02 58603494                  /usr/lib/jvm/temurin-11-jdk-amd64/lib/libextnet.so
742f58c00000-742f58dc0000 rw-p 00000000 00:00 0 
742f58dc0000-742f58fc0000 rw-p 00000000 00:00 0 
742f58fc0000-742f59200000 rw-p 00000000 00:00 0 
742f59400000-742f595c0000 rw-p 00000000 00:00 0 
742f595c0000-742f597c0000 rw-p 00000000 00:00 0 
742f597c0000-742f59a00000 rw-p 00000000 00:00 0 
742f59a00000-742f59b4b000 r--p 00000000 103:02 48502524                  /home/tatsunidas/graphy-workspace3/graphy/native/native_opencv/linux-x86-64/libopencv_java.so
742f59b4b000-742f5a5b8000 r-xp 0014b000 103:02 48502524                  /home/tatsunidas/graphy-workspace3/graphy/native/native_opencv/linux-x86-64/libopencv_java.so
742f5a5b8000-742f5a872000 r--p 00bb8000 103:02 48502524                  /home/tatsunidas/graphy-workspace3/graphy/native/native_opencv/linux-x86-64/libopencv_java.so
742f5a872000-742f5a873000 ---p 00e72000 103:02 48502524                  /home/tatsunidas/graphy-workspace3/graphy/native/native_opencv/linux-x86-64/libopencv_java.so
742f5a873000-742f5a8ad000 r--p 00e72000 103:02 48502524                  /home/tatsunidas/graphy-workspace3/graphy/native/native_opencv/linux-x86-64/libopencv_java.so
742f5a8ad000-742f5a8bb000 rw-p 00eac000 103:02 48502524                  /home/tatsunidas/graphy-workspace3/graphy/native/native_opencv/linux-x86-64/libopencv_java.so
742f5a8bb000-742f5a96c000 rw-p 00000000 00:00 0 
742f5aa00000-742f5abc0000 rw-p 00000000 00:00 0 
742f5abc0000-742f5ae00000 rw-p 00000000 00:00 0 
742f5ae00000-742f5af32000 r-xp 00000000 103:02 48502523                  /home/tatsunidas/graphy-workspace3/graphy/native/native_opencv/linux-x86-64/libclib_jiio.so
742f5af32000-742f5b031000 ---p 00132000 103:02 48502523                  /home/tatsunidas/graphy-workspace3/graphy/native/native_opencv/linux-x86-64/libclib_jiio.so
742f5b031000-742f5b035000 rw-p 00131000 103:02 48502523                  /home/tatsunidas/graphy-workspace3/graphy/native/native_opencv/linux-x86-64/libclib_jiio.so
742f5b200000-742f5b400000 rw-p 00000000 00:00 0 
742f5b400000-742f5b405000 r-xp 00000000 103:02 58603511                  /usr/lib/jvm/temurin-11-jdk-amd64/lib/libmanagement_ext.so
742f5b405000-742f5b605000 ---p 00005000 103:02 58603511                  /usr/lib/jvm/temurin-11-jdk-amd64/lib/libmanagement_ext.so
742f5b605000-742f5b606000 r--p 00005000 103:02 58603511                  /usr/lib/jvm/temurin-11-jdk-amd64/lib/libmanagement_ext.so
742f5b606000-742f5b607000 rw-p 00006000 103:02 58603511                  /usr/lib/jvm/temurin-11-jdk-amd64/lib/libmanagement_ext.so
742f5b839000-742f5ba00000 rw-s 00000000 00:01 819238                     /SYSV00000000 (deleted)
742f5ba00000-742f5ba04000 r-xp 00000000 103:02 58603509                  /usr/lib/jvm/temurin-11-jdk-amd64/lib/libmanagement.so
742f5ba04000-742f5bc03000 ---p 00004000 103:02 58603509                  /usr/lib/jvm/temurin-11-jdk-amd64/lib/libmanagement.so
742f5bc03000-742f5bc04000 r--p 00003000 103:02 58603509                  /usr/lib/jvm/temurin-11-jdk-amd64/lib/libmanagement.so
742f5bc04000-742f5bc05000 rw-p 00004000 103:02 58603509                  /usr/lib/jvm/temurin-11-jdk-amd64/lib/libmanagement.so
742f5bc06000-742f5bc0a000 ---p 00000000 00:00 0 
742f5bc0a000-742f5bd06000 rw-p 00000000 00:00 0 
742f5be00000-742f5be04000 ---p 00000000 00:00 0 
742f5be04000-742f5bf00000 rw-p 00000000 00:00 0 
742f5bf00000-742f5bf04000 ---p 00000000 00:00 0 
742f5bf04000-742f5c000000 rw-p 00000000 00:00 0 
742f5c000000-742f5c462000 rw-p 00000000 00:00 0 
742f5c462000-742f60000000 ---p 00000000 00:00 0 
742f60000000-742f60021000 rw-p 00000000 00:00 0 
742f60021000-742f64000000 ---p 00000000 00:00 0 
742f64200000-742f643c0000 rw-p 00000000 00:00 0 
742f643c0000-742f64600000 rw-p 00000000 00:00 0 
742f64600000-742f64601000 ---p 00000000 00:00 0 
742f64601000-742f64e01000 rw-p 00000000 00:00 0 
742f64f00000-742f64f04000 ---p 00000000 00:00 0 
742f64f04000-742f65000000 rw-p 00000000 00:00 0 
742f65000000-742f65001000 ---p 00000000 00:00 0 
742f65001000-742f65801000 rw-p 00000000 00:00 0 
742f65900000-742f65904000 ---p 00000000 00:00 0 
742f65904000-742f65a00000 rw-p 00000000 00:00 0 
742f65a00000-742f65a01000 ---p 00000000 00:00 0 
742f65a01000-742f66201000 rw-p 00000000 00:00 0 
742f66300000-742f66304000 ---p 00000000 00:00 0 
742f66304000-742f66400000 rw-p 00000000 00:00 0 
742f66400000-742f66659000 r-xp 00000000 103:02 58603495                  /usr/lib/jvm/temurin-11-jdk-amd64/lib/libfontmanager.so
742f66659000-742f66858000 ---p 00259000 103:02 58603495                  /usr/lib/jvm/temurin-11-jdk-amd64/lib/libfontmanager.so
742f66858000-742f6685a000 r--p 00258000 103:02 58603495                  /usr/lib/jvm/temurin-11-jdk-amd64/lib/libfontmanager.so
742f6685a000-742f6685b000 rw-p 0025a000 103:02 58603495                  /usr/lib/jvm/temurin-11-jdk-amd64/lib/libfontmanager.so
742f6685b000-742f6685c000 rw-p 00000000 00:00 0 
742f668fd000-742f668fe000 ---p 00000000 00:00 0 
742f668fe000-742f669fe000 rw-p 00000000 00:00 0 
742f669fe000-742f669ff000 ---p 00000000 00:00 0 
742f669ff000-742f66aff000 rw-p 00000000 00:00 0 
742f66aff000-742f66b00000 ---p 00000000 00:00 0 
742f66b00000-742f66c00000 rw-p 00000000 00:00 0 
742f66c00000-742f66e00000 rw-p 00000000 00:00 0 
742f66e00000-742f66e5e000 r-xp 00000000 103:02 58603492                  /usr/lib/jvm/temurin-11-jdk-amd64/lib/libawt_xawt.so
742f66e5e000-742f6705e000 ---p 0005e000 103:02 58603492                  /usr/lib/jvm/temurin-11-jdk-amd64/lib/libawt_xawt.so
742f6705e000-742f6705f000 r--p 0005e000 103:02 58603492                  /usr/lib/jvm/temurin-11-jdk-amd64/lib/libawt_xawt.so
742f6705f000-742f67061000 rw-p 0005f000 103:02 58603492                  /usr/lib/jvm/temurin-11-jdk-amd64/lib/libawt_xawt.so
742f67061000-742f67063000 rw-p 00000000 00:00 0 
742f670fd000-742f670fe000 ---p 00000000 00:00 0 
742f670fe000-742f671fe000 rw-p 00000000 00:00 0 
742f671fe000-742f671ff000 ---p 00000000 00:00 0 
742f671ff000-742f672ff000 rw-p 00000000 00:00 0 
742f672ff000-742f67300000 ---p 00000000 00:00 0 
742f67300000-742f67400000 rw-p 00000000 00:00 0 
742f67400000-742f6749e000 r-xp 00000000 103:02 58603490                  /usr/lib/jvm/temurin-11-jdk-amd64/lib/libawt.so
742f6749e000-742f6769e000 ---p 0009e000 103:02 58603490                  /usr/lib/jvm/temurin-11-jdk-amd64/lib/libawt.so
742f6769e000-742f6769f000 r--p 0009e000 103:02 58603490                  /usr/lib/jvm/temurin-11-jdk-amd64/lib/libawt.so
742f6769f000-742f676aa000 rw-p 0009f000 103:02 58603490                  /usr/lib/jvm/temurin-11-jdk-amd64/lib/libawt.so
742f676aa000-742f676cf000 rw-p 00000000 00:00 0 
742f676fe000-742f676ff000 ---p 00000000 00:00 0 
742f676ff000-742f677ff000 rw-p 00000000 00:00 0 
742f677ff000-742f67800000 ---p 00000000 00:00 0 
742f67800000-742f67900000 rw-p 00000000 00:00 0 
742f67900000-742f67904000 ---p 00000000 00:00 0 
742f67904000-742f67a00000 rw-p 00000000 00:00 0 
742f67a00000-742f67a15000 r-xp 00000000 103:02 58603513                  /usr/lib/jvm/temurin-11-jdk-amd64/lib/libnet.so
742f67a15000-742f67c14000 ---p 00015000 103:02 58603513                  /usr/lib/jvm/temurin-11-jdk-amd64/lib/libnet.so
742f67c14000-742f67c15000 r--p 00014000 103:02 58603513                  /usr/lib/jvm/temurin-11-jdk-amd64/lib/libnet.so
742f67c15000-742f67c16000 rw-p 00015000 103:02 58603513                  /usr/lib/jvm/temurin-11-jdk-amd64/lib/libnet.so
742f67d00000-742f67d04000 ---p 00000000 00:00 0 
742f67d04000-742f67e00000 rw-p 00000000 00:00 0 
742f67e00000-742f67e04000 ---p 00000000 00:00 0 
742f67e04000-742f67f00000 rw-p 00000000 00:00 0 
742f67f00000-742f67f04000 ---p 00000000 00:00 0 
742f67f04000-742f68000000 rw-p 00000000 00:00 0 
742f68000000-742f68021000 rw-p 00000000 00:00 0 
742f68021000-742f6c000000 ---p 00000000 00:00 0 
742f6c000000-742f6c021000 rw-p 00000000 00:00 0 
742f6c021000-742f70000000 ---p 00000000 00:00 0 
742f70026000-742f7005e000 r--p 00000000 103:02 58198193                  /usr/lib/x86_64-linux-gnu/libgio-2.0.so.0.7200.4
742f7005e000-742f7016f000 r-xp 00038000 103:02 58198193                  /usr/lib/x86_64-linux-gnu/libgio-2.0.so.0.7200.4
742f7016f000-742f701f5000 r--p 00149000 103:02 58198193                  /usr/lib/x86_64-linux-gnu/libgio-2.0.so.0.7200.4
742f701f5000-742f701fd000 r--p 001ce000 103:02 58198193                  /usr/lib/x86_64-linux-gnu/libgio-2.0.so.0.7200.4
742f701fd000-742f701fe000 rw-p 001d6000 103:02 58198193                  /usr/lib/x86_64-linux-gnu/libgio-2.0.so.0.7200.4
742f701fe000-742f70400000 rw-p 00000000 00:00 0 
742f70400000-742f70410000 r-xp 00000000 103:02 58603514                  /usr/lib/jvm/temurin-11-jdk-amd64/lib/libnio.so
742f70410000-742f7060f000 ---p 00010000 103:02 58603514                  /usr/lib/jvm/temurin-11-jdk-amd64/lib/libnio.so
742f7060f000-742f70610000 r--p 0000f000 103:02 58603514                  /usr/lib/jvm/temurin-11-jdk-amd64/lib/libnio.so
742f70610000-742f70611000 rw-p 00010000 103:02 58603514                  /usr/lib/jvm/temurin-11-jdk-amd64/lib/libnio.so
742f70685000-742f706a2000 r--p 00000000 103:02 58198200                  /usr/lib/x86_64-linux-gnu/libglib-2.0.so.0.7200.4
742f706a2000-742f70731000 r-xp 0001d000 103:02 58198200                  /usr/lib/x86_64-linux-gnu/libglib-2.0.so.0.7200.4
742f70731000-742f707bb000 r--p 000ac000 103:02 58198200                  /usr/lib/x86_64-linux-gnu/libglib-2.0.so.0.7200.4
742f707bb000-742f707bc000 ---p 00136000 103:02 58198200                  /usr/lib/x86_64-linux-gnu/libglib-2.0.so.0.7200.4
742f707bc000-742f707bd000 r--p 00136000 103:02 58198200                  /usr/lib/x86_64-linux-gnu/libglib-2.0.so.0.7200.4
742f707bd000-742f707be000 rw-p 00137000 103:02 58198200                  /usr/lib/x86_64-linux-gnu/libglib-2.0.so.0.7200.4
742f707be000-742f707bf000 rw-p 00000000 00:00 0 
742f707bf000-742f707d8000 r--p 00000000 103:02 58196239                  /usr/lib/x86_64-linux-gnu/libX11.so.6.4.0
742f707d8000-742f70864000 r-xp 00019000 103:02 58196239                  /usr/lib/x86_64-linux-gnu/libX11.so.6.4.0
742f70864000-742f708f9000 r--p 000a5000 103:02 58196239                  /usr/lib/x86_64-linux-gnu/libX11.so.6.4.0
742f708f9000-742f708fa000 ---p 0013a000 103:02 58196239                  /usr/lib/x86_64-linux-gnu/libX11.so.6.4.0
742f708fa000-742f708fb000 r--p 0013a000 103:02 58196239                  /usr/lib/x86_64-linux-gnu/libX11.so.6.4.0
742f708fb000-742f708ff000 rw-p 0013b000 103:02 58196239                  /usr/lib/x86_64-linux-gnu/libX11.so.6.4.0
742f708ff000-742f70900000 ---p 00000000 00:00 0 
742f70900000-742f70a00000 rw-p 00000000 00:00 0 
742f70a00000-742f70a04000 r-xp 00000000 103:02 58603493                  /usr/lib/jvm/temurin-11-jdk-amd64/lib/libdt_socket.so
742f70a04000-742f70c04000 ---p 00004000 103:02 58603493                  /usr/lib/jvm/temurin-11-jdk-amd64/lib/libdt_socket.so
742f70c04000-742f70c05000 r--p 00004000 103:02 58603493                  /usr/lib/jvm/temurin-11-jdk-amd64/lib/libdt_socket.so
742f70c05000-742f70c06000 rw-p 00005000 103:02 58603493                  /usr/lib/jvm/temurin-11-jdk-amd64/lib/libdt_socket.so
742f70d00000-742f70d04000 ---p 00000000 00:00 0 
742f70d04000-742f70e00000 rw-p 00000000 00:00 0 
742f70e00000-742f70e04000 ---p 00000000 00:00 0 
742f70e04000-742f70f00000 rw-p 00000000 00:00 0 
742f70f00000-742f70f04000 ---p 00000000 00:00 0 
742f70f04000-742f71000000 rw-p 00000000 00:00 0 
742f71000000-742f71679000 r--p 00000000 103:02 58196334                  /usr/lib/locale/locale-archive
742f71700000-742f71704000 ---p 00000000 00:00 0 
742f71704000-742f71800000 rw-p 00000000 00:00 0 
742f71800000-742f74000000 rw-p 00000000 00:00 0 
742f74000000-742f74021000 rw-p 00000000 00:00 0 
742f74021000-742f78000000 ---p 00000000 00:00 0 
742f78000000-742f78004000 ---p 00000000 00:00 0 
742f78004000-742f78100000 rw-p 00000000 00:00 0 
742f78100000-742f78104000 ---p 00000000 00:00 0 
742f78104000-742f78200000 rw-p 00000000 00:00 0 
742f78200000-742f78204000 ---p 00000000 00:00 0 
742f78204000-742f78300000 rw-p 00000000 00:00 0 
742f78300000-742f78304000 ---p 00000000 00:00 0 
742f78304000-742f78400000 rw-p 00000000 00:00 0 
742f78400000-742f78df8000 rw-p 00000000 00:00 0 
742f78df8000-742f800e8000 ---p 00000000 00:00 0 
742f80100000-742f80104000 ---p 00000000 00:00 0 
742f80104000-742f80200000 rw-p 00000000 00:00 0 
742f80200000-742f80bf8000 rw-p 00000000 00:00 0 
742f80bf8000-742f87ee8000 ---p 00000000 00:00 0 
742f87f00000-742f87f04000 ---p 00000000 00:00 0 
742f87f04000-742f88000000 rw-p 00000000 00:00 0 
742f88000000-742f88021000 rw-p 00000000 00:00 0 
742f88021000-742f8c000000 ---p 00000000 00:00 0 
742f8c0ff000-742f8c103000 ---p 00000000 00:00 0 
742f8c103000-742f8c1ff000 rw-p 00000000 00:00 0 
742f8c1ff000-742f8c203000 ---p 00000000 00:00 0 
742f8c203000-742f8c2ff000 rw-p 00000000 00:00 0 
742f8c2ff000-742f8c300000 ---p 00000000 00:00 0 
742f8c300000-742f8c400000 rw-p 00000000 00:00 0 
742f8c400000-742f8c53f000 rw-p 00000000 00:00 0 
742f8c53f000-742f8d39d000 ---p 00000000 00:00 0 
742f8d400000-742f8d53f000 rw-p 00000000 00:00 0 
742f8d53f000-742f8e39d000 ---p 00000000 00:00 0 
742f8e400000-742f8e53f000 rw-p 00000000 00:00 0 
742f8e53f000-742f8f39d000 ---p 00000000 00:00 0 
742f8f400000-742f8f670000 rwxp 00000000 00:00 0 
742f8f670000-742f8f991000 ---p 00000000 00:00 0 
742f8f991000-742f90ca1000 rwxp 00000000 00:00 0 
742f90ca1000-742f96ec8000 ---p 00000000 00:00 0 
742f96ec8000-742f97968000 rwxp 00000000 00:00 0 
742f97968000-742f9e400000 ---p 00000000 00:00 0 
742f9e400000-742fa6c31000 r--s 00000000 103:02 58603524                  /usr/lib/jvm/temurin-11-jdk-amd64/lib/modules
742fa6cff000-742fa6d00000 ---p 00000000 00:00 0 
742fa6d00000-742fa6e00000 rw-p 00000000 00:00 0 
742fa6e00000-742fa6e1b000 r-xp 00000000 103:02 58603523                  /usr/lib/jvm/temurin-11-jdk-amd64/lib/libzip.so
742fa6e1b000-742fa701a000 ---p 0001b000 103:02 58603523                  /usr/lib/jvm/temurin-11-jdk-amd64/lib/libzip.so
742fa701a000-742fa701b000 r--p 0001a000 103:02 58603523                  /usr/lib/jvm/temurin-11-jdk-amd64/lib/libzip.so
742fa701b000-742fa701c000 rw-p 0001b000 103:02 58603523                  /usr/lib/jvm/temurin-11-jdk-amd64/lib/libzip.so
742fa70fd000-742fa70fe000 ---p 00000000 00:00 0 
742fa70fe000-742fa71fe000 rw-p 00000000 00:00 0 
742fa71fe000-742fa7400000 rw-p 00000000 00:00 0 
742fa7400000-742fa740a000 r-xp 00000000 103:02 58603496                  /usr/lib/jvm/temurin-11-jdk-amd64/lib/libinstrument.so
742fa740a000-742fa7609000 ---p 0000a000 103:02 58603496                  /usr/lib/jvm/temurin-11-jdk-amd64/lib/libinstrument.so
742fa7609000-742fa760a000 r--p 00009000 103:02 58603496                  /usr/lib/jvm/temurin-11-jdk-amd64/lib/libinstrument.so
742fa760a000-742fa760b000 rw-p 0000a000 103:02 58603496                  /usr/lib/jvm/temurin-11-jdk-amd64/lib/libinstrument.so
742fa7614000-742fa7645000 r--p 00000000 103:02 58327608                  /usr/share/glib-2.0/schemas/gschemas.compiled
742fa7645000-742fa7666000 r--p 00000000 103:02 58852444                  /usr/share/locale-langpack/ja/LC_MESSAGES/glib20.mo
742fa7666000-742fa7668000 r--p 00000000 103:02 58223675                  /usr/lib/x86_64-linux-gnu/libpcre2-8.so.0.10.4
742fa7668000-742fa76d3000 r-xp 00002000 103:02 58223675                  /usr/lib/x86_64-linux-gnu/libpcre2-8.so.0.10.4
742fa76d3000-742fa76fb000 r--p 0006d000 103:02 58223675                  /usr/lib/x86_64-linux-gnu/libpcre2-8.so.0.10.4
742fa76fb000-742fa76fc000 r--p 00094000 103:02 58223675                  /usr/lib/x86_64-linux-gnu/libpcre2-8.so.0.10.4
742fa76fc000-742fa76fd000 rw-p 00095000 103:02 58223675                  /usr/lib/x86_64-linux-gnu/libpcre2-8.so.0.10.4
742fa76fd000-742fa7a00000 rw-p 00000000 00:00 0 
742fa7a00000-742fa7a3c000 r-xp 00000000 103:02 58603504                  /usr/lib/jvm/temurin-11-jdk-amd64/lib/libjdwp.so
742fa7a3c000-742fa7c3b000 ---p 0003c000 103:02 58603504                  /usr/lib/jvm/temurin-11-jdk-amd64/lib/libjdwp.so
742fa7c3b000-742fa7c3c000 r--p 0003b000 103:02 58603504                  /usr/lib/jvm/temurin-11-jdk-amd64/lib/libjdwp.so
742fa7c3c000-742fa7c3d000 rw-p 0003c000 103:02 58603504                  /usr/lib/jvm/temurin-11-jdk-amd64/lib/libjdwp.so
742fa7c43000-742fa7c4a000 r--p 00000000 103:02 58197109                  /usr/lib/x86_64-linux-gnu/libblkid.so.1.1.0
742fa7c4a000-742fa7c6a000 r-xp 00007000 103:02 58197109                  /usr/lib/x86_64-linux-gnu/libblkid.so.1.1.0
742fa7c6a000-742fa7c73000 r--p 00027000 103:02 58197109                  /usr/lib/x86_64-linux-gnu/libblkid.so.1.1.0
742fa7c73000-742fa7c74000 ---p 00030000 103:02 58197109                  /usr/lib/x86_64-linux-gnu/libblkid.so.1.1.0
742fa7c74000-742fa7c79000 r--p 00030000 103:02 58197109                  /usr/lib/x86_64-linux-gnu/libblkid.so.1.1.0
742fa7c79000-742fa7c7a000 rw-p 00035000 103:02 58197109                  /usr/lib/x86_64-linux-gnu/libblkid.so.1.1.0
742fa7c7a000-742fa7c7c000 r--p 00000000 103:02 58223052                  /usr/lib/x86_64-linux-gnu/libffi.so.8.1.0
742fa7c7c000-742fa7c83000 r-xp 00002000 103:02 58223052                  /usr/lib/x86_64-linux-gnu/libffi.so.8.1.0
742fa7c83000-742fa7c84000 r--p 00009000 103:02 58223052                  /usr/lib/x86_64-linux-gnu/libffi.so.8.1.0
742fa7c84000-742fa7c85000 ---p 0000a000 103:02 58223052                  /usr/lib/x86_64-linux-gnu/libffi.so.8.1.0
742fa7c85000-742fa7c86000 r--p 0000a000 103:02 58223052                  /usr/lib/x86_64-linux-gnu/libffi.so.8.1.0
742fa7c86000-742fa7c87000 rw-p 0000b000 103:02 58223052                  /usr/lib/x86_64-linux-gnu/libffi.so.8.1.0
742fa7c87000-742fa7c89000 r--p 00000000 103:02 58223671                  /usr/lib/x86_64-linux-gnu/libpcre.so.3.13.3
742fa7c89000-742fa7cde000 r-xp 00002000 103:02 58223671                  /usr/lib/x86_64-linux-gnu/libpcre.so.3.13.3
742fa7cde000-742fa7cfb000 r--p 00057000 103:02 58223671                  /usr/lib/x86_64-linux-gnu/libpcre.so.3.13.3
742fa7cfb000-742fa7cfc000 r--p 00073000 103:02 58223671                  /usr/lib/x86_64-linux-gnu/libpcre.so.3.13.3
742fa7cfc000-742fa7cfd000 rw-p 00074000 103:02 58223671                  /usr/lib/x86_64-linux-gnu/libpcre.so.3.13.3
742fa7cfd000-742fa8000000 rw-p 00000000 00:00 0 
742fa8000000-742fa9af9000 rw-p 00000000 00:00 0 
742fa9af9000-742fac000000 ---p 00000000 00:00 0 
742fac000000-742fac002000 r--p 00000000 103:02 58222526                  /usr/lib/x86_64-linux-gnu/libXcursor.so.1.0.2
742fac002000-742fac008000 r-xp 00002000 103:02 58222526                  /usr/lib/x86_64-linux-gnu/libXcursor.so.1.0.2
742fac008000-742fac00a000 r--p 00008000 103:02 58222526                  /usr/lib/x86_64-linux-gnu/libXcursor.so.1.0.2
742fac00a000-742fac00b000 r--p 00009000 103:02 58222526                  /usr/lib/x86_64-linux-gnu/libXcursor.so.1.0.2
742fac00b000-742fac00c000 rw-p 0000a000 103:02 58222526                  /usr/lib/x86_64-linux-gnu/libXcursor.so.1.0.2
742fac00c000-742fac012000 r--p 00000000 103:02 58223827                  /usr/lib/x86_64-linux-gnu/libselinux.so.1
742fac012000-742fac02c000 r-xp 00006000 103:02 58223827                  /usr/lib/x86_64-linux-gnu/libselinux.so.1
742fac02c000-742fac033000 r--p 00020000 103:02 58223827                  /usr/lib/x86_64-linux-gnu/libselinux.so.1
742fac033000-742fac034000 ---p 00027000 103:02 58223827                  /usr/lib/x86_64-linux-gnu/libselinux.so.1
742fac034000-742fac035000 r--p 00027000 103:02 58223827                  /usr/lib/x86_64-linux-gnu/libselinux.so.1
742fac035000-742fac036000 rw-p 00028000 103:02 58223827                  /usr/lib/x86_64-linux-gnu/libselinux.so.1
742fac036000-742fac038000 rw-p 00000000 00:00 0 
742fac038000-742fac040000 r--p 00000000 103:02 58196656                  /usr/lib/x86_64-linux-gnu/libmount.so.1.1.0
742fac040000-742fac06c000 r-xp 00008000 103:02 58196656                  /usr/lib/x86_64-linux-gnu/libmount.so.1.1.0
742fac06c000-742fac079000 r--p 00034000 103:02 58196656                  /usr/lib/x86_64-linux-gnu/libmount.so.1.1.0
742fac079000-742fac07a000 ---p 00041000 103:02 58196656                  /usr/lib/x86_64-linux-gnu/libmount.so.1.1.0
742fac07a000-742fac07b000 r--p 00041000 103:02 58196656                  /usr/lib/x86_64-linux-gnu/libmount.so.1.1.0
742fac07b000-742fac07c000 rw-p 00042000 103:02 58196656                  /usr/lib/x86_64-linux-gnu/libmount.so.1.1.0
742fac07c000-742fac08b000 r--p 00000000 103:02 58198207                  /usr/lib/x86_64-linux-gnu/libgobject-2.0.so.0.7200.4
742fac08b000-742fac0be000 r-xp 0000f000 103:02 58198207                  /usr/lib/x86_64-linux-gnu/libgobject-2.0.so.0.7200.4
742fac0be000-742fac0d8000 r--p 00042000 103:02 58198207                  /usr/lib/x86_64-linux-gnu/libgobject-2.0.so.0.7200.4
742fac0d8000-742fac0db000 r--p 0005b000 103:02 58198207                  /usr/lib/x86_64-linux-gnu/libgobject-2.0.so.0.7200.4
742fac0db000-742fac0dc000 rw-p 0005e000 103:02 58198207                  /usr/lib/x86_64-linux-gnu/libgobject-2.0.so.0.7200.4
742fac0dc000-742fac0dd000 r--p 00000000 103:02 58222806                  /usr/lib/x86_64-linux-gnu/libbrotlicommon.so.1.0.9
742fac0dd000-742fac0de000 r-xp 00001000 103:02 58222806                  /usr/lib/x86_64-linux-gnu/libbrotlicommon.so.1.0.9
742fac0de000-742fac0fd000 r--p 00002000 103:02 58222806                  /usr/lib/x86_64-linux-gnu/libbrotlicommon.so.1.0.9
742fac0fd000-742fac0fe000 r--p 00020000 103:02 58222806                  /usr/lib/x86_64-linux-gnu/libbrotlicommon.so.1.0.9
742fac0fe000-742fac0ff000 rw-p 00021000 103:02 58222806                  /usr/lib/x86_64-linux-gnu/libbrotlicommon.so.1.0.9
742fac0ff000-742fac100000 ---p 00000000 00:00 0 
742fac100000-742fac200000 rw-p 00000000 00:00 0 
742fac200000-742fac21b000 r-xp 00000000 103:02 58603505                  /usr/lib/jvm/temurin-11-jdk-amd64/lib/libjimage.so
742fac21b000-742fac41a000 ---p 0001b000 103:02 58603505                  /usr/lib/jvm/temurin-11-jdk-amd64/lib/libjimage.so
742fac41a000-742fac41c000 r--p 0001a000 103:02 58603505                  /usr/lib/jvm/temurin-11-jdk-amd64/lib/libjimage.so
742fac41c000-742fac41d000 rw-p 0001c000 103:02 58603505                  /usr/lib/jvm/temurin-11-jdk-amd64/lib/libjimage.so
742fac41f000-742fac421000 r--p 00000000 103:02 58222534                  /usr/lib/x86_64-linux-gnu/libXfixes.so.3.1.0
742fac421000-742fac424000 r-xp 00002000 103:02 58222534                  /usr/lib/x86_64-linux-gnu/libXfixes.so.3.1.0
742fac424000-742fac425000 r--p 00005000 103:02 58222534                  /usr/lib/x86_64-linux-gnu/libXfixes.so.3.1.0
742fac425000-742fac426000 r--p 00006000 103:02 58222534                  /usr/lib/x86_64-linux-gnu/libXfixes.so.3.1.0
742fac426000-742fac427000 rw-p 00007000 103:02 58222534                  /usr/lib/x86_64-linux-gnu/libXfixes.so.3.1.0
742fac427000-742fac429000 r--p 00000000 103:02 58222550                  /usr/lib/x86_64-linux-gnu/libXrandr.so.2.2.0
742fac429000-742fac430000 r-xp 00002000 103:02 58222550                  /usr/lib/x86_64-linux-gnu/libXrandr.so.2.2.0
742fac430000-742fac432000 r--p 00009000 103:02 58222550                  /usr/lib/x86_64-linux-gnu/libXrandr.so.2.2.0
742fac432000-742fac433000 r--p 0000a000 103:02 58222550                  /usr/lib/x86_64-linux-gnu/libXrandr.so.2.2.0
742fac433000-742fac434000 rw-p 0000b000 103:02 58222550                  /usr/lib/x86_64-linux-gnu/libXrandr.so.2.2.0
742fac434000-742fac441000 r--p 00000000 103:02 58196362                  /usr/lib/x86_64-linux-gnu/libfreetype.so.6.18.1
742fac441000-742fac4ca000 r-xp 0000d000 103:02 58196362                  /usr/lib/x86_64-linux-gnu/libfreetype.so.6.18.1
742fac4ca000-742fac4f3000 r--p 00096000 103:02 58196362                  /usr/lib/x86_64-linux-gnu/libfreetype.so.6.18.1
742fac4f3000-742fac4f4000 ---p 000bf000 103:02 58196362                  /usr/lib/x86_64-linux-gnu/libfreetype.so.6.18.1
742fac4f4000-742fac4fb000 r--p 000bf000 103:02 58196362                  /usr/lib/x86_64-linux-gnu/libfreetype.so.6.18.1
742fac4fb000-742fac4fc000 rw-p 000c6000 103:02 58196362                  /usr/lib/x86_64-linux-gnu/libfreetype.so.6.18.1
742fac4fc000-742fac4fd000 ---p 00000000 00:00 0 
742fac4fd000-742fac5fd000 rw-p 00000000 00:00 0 
742fac5fd000-742fac800000 rw-p 00000000 00:00 0 
742fac800000-742fac829000 r-xp 00000000 103:02 58603501                  /usr/lib/jvm/temurin-11-jdk-amd64/lib/libjava.so
742fac829000-742faca28000 ---p 00029000 103:02 58603501                  /usr/lib/jvm/temurin-11-jdk-amd64/lib/libjava.so
742faca28000-742faca29000 r--p 00028000 103:02 58603501                  /usr/lib/jvm/temurin-11-jdk-amd64/lib/libjava.so
742faca29000-742faca2a000 rw-p 00029000 103:02 58603501                  /usr/lib/jvm/temurin-11-jdk-amd64/lib/libjava.so
742faca2a000-742faca2b000 rw-p 00000000 00:00 0 
742faca2d000-742faca34000 r--p 00000000 103:02 47187372                  /home/tatsunidas/.config/dconf/user (deleted)
742faca34000-742faca35000 r--p 00000000 103:02 58222808                  /usr/lib/x86_64-linux-gnu/libbrotlidec.so.1.0.9
742faca35000-742faca3d000 r-xp 00001000 103:02 58222808                  /usr/lib/x86_64-linux-gnu/libbrotlidec.so.1.0.9
742faca3d000-742faca40000 r--p 00009000 103:02 58222808                  /usr/lib/x86_64-linux-gnu/libbrotlidec.so.1.0.9
742faca40000-742faca41000 r--p 0000b000 103:02 58222808                  /usr/lib/x86_64-linux-gnu/libbrotlidec.so.1.0.9
742faca41000-742faca42000 rw-p 0000c000 103:02 58222808                  /usr/lib/x86_64-linux-gnu/libbrotlidec.so.1.0.9
742faca42000-742faca44000 r--p 00000000 103:02 58224170                  /usr/lib/x86_64-linux-gnu/libz.so.1.2.11
742faca44000-742faca55000 r-xp 00002000 103:02 58224170                  /usr/lib/x86_64-linux-gnu/libz.so.1.2.11
742faca55000-742faca5b000 r--p 00013000 103:02 58224170                  /usr/lib/x86_64-linux-gnu/libz.so.1.2.11
742faca5b000-742faca5c000 ---p 00019000 103:02 58224170                  /usr/lib/x86_64-linux-gnu/libz.so.1.2.11
742faca5c000-742faca5d000 r--p 00019000 103:02 58224170                  /usr/lib/x86_64-linux-gnu/libz.so.1.2.11
742faca5d000-742faca5e000 rw-p 0001a000 103:02 58224170                  /usr/lib/x86_64-linux-gnu/libz.so.1.2.11
742faca5e000-742faca63000 r--p 00000000 103:02 58223713                  /usr/lib/x86_64-linux-gnu/libpng16.so.16.37.0
742faca63000-742faca8c000 r-xp 00005000 103:02 58223713                  /usr/lib/x86_64-linux-gnu/libpng16.so.16.37.0
742faca8c000-742faca97000 r--p 0002e000 103:02 58223713                  /usr/lib/x86_64-linux-gnu/libpng16.so.16.37.0
742faca97000-742faca98000 r--p 00038000 103:02 58223713                  /usr/lib/x86_64-linux-gnu/libpng16.so.16.37.0
742faca98000-742faca99000 rw-p 00039000 103:02 58223713                  /usr/lib/x86_64-linux-gnu/libpng16.so.16.37.0
742faca99000-742facabb000 r--p 00000000 103:02 58851436                  /usr/share/locale-langpack/ja/LC_MESSAGES/libc.mo
742facabb000-742facabf000 r--p 00000000 103:02 58222812                  /usr/lib/x86_64-linux-gnu/libbsd.so.0.11.5
742facabf000-742facacc000 r-xp 00004000 103:02 58222812                  /usr/lib/x86_64-linux-gnu/libbsd.so.0.11.5
742facacc000-742facacf000 r--p 00011000 103:02 58222812                  /usr/lib/x86_64-linux-gnu/libbsd.so.0.11.5
742facacf000-742facad0000 ---p 00014000 103:02 58222812                  /usr/lib/x86_64-linux-gnu/libbsd.so.0.11.5
742facad0000-742facad1000 r--p 00014000 103:02 58222812                  /usr/lib/x86_64-linux-gnu/libbsd.so.0.11.5
742facad1000-742facad2000 rw-p 00015000 103:02 58222812                  /usr/lib/x86_64-linux-gnu/libbsd.so.0.11.5
742facad2000-742facad3000 rw-p 00000000 00:00 0 
742facad3000-742facade000 r--p 00000000 103:02 58224134                  /usr/lib/x86_64-linux-gnu/libxcb.so.1.1.0
742facade000-742facaf2000 r-xp 0000b000 103:02 58224134                  /usr/lib/x86_64-linux-gnu/libxcb.so.1.1.0
742facaf2000-742facafb000 r--p 0001f000 103:02 58224134                  /usr/lib/x86_64-linux-gnu/libxcb.so.1.1.0
742facafb000-742facafc000 r--p 00027000 103:02 58224134                  /usr/lib/x86_64-linux-gnu/libxcb.so.1.1.0
742facafc000-742facafd000 rw-p 00028000 103:02 58224134                  /usr/lib/x86_64-linux-gnu/libxcb.so.1.1.0
742facafd000-742face00000 rw-p 00000000 00:00 0 
742face00000-742face0d000 r-xp 00000000 103:02 58603522                  /usr/lib/jvm/temurin-11-jdk-amd64/lib/libverify.so
742face0d000-742fad00c000 ---p 0000d000 103:02 58603522                  /usr/lib/jvm/temurin-11-jdk-amd64/lib/libverify.so
742fad00c000-742fad00e000 r--p 0000c000 103:02 58603522                  /usr/lib/jvm/temurin-11-jdk-amd64/lib/libverify.so
742fad00e000-742fad00f000 rw-p 0000e000 103:02 58603522                  /usr/lib/jvm/temurin-11-jdk-amd64/lib/libverify.so
742fad014000-742fad016000 r--p 00000000 103:02 58223478                  /usr/lib/x86_64-linux-gnu/libmd.so.0.0.5
742fad016000-742fad01d000 r-xp 00002000 103:02 58223478                  /usr/lib/x86_64-linux-gnu/libmd.so.0.0.5
742fad01d000-742fad01f000 r--p 00009000 103:02 58223478                  /usr/lib/x86_64-linux-gnu/libmd.so.0.0.5
742fad01f000-742fad020000 r--p 0000a000 103:02 58223478                  /usr/lib/x86_64-linux-gnu/libmd.so.0.0.5
742fad020000-742fad021000 rw-p 0000b000 103:02 58223478                  /usr/lib/x86_64-linux-gnu/libmd.so.0.0.5
742fad021000-742fad400000 rw-p 00000000 00:00 0 
742fad400000-742fae682000 r-xp 00000000 103:02 58603532                  /usr/lib/jvm/temurin-11-jdk-amd64/lib/server/libjvm.so
742fae682000-742fae881000 ---p 01282000 103:02 58603532                  /usr/lib/jvm/temurin-11-jdk-amd64/lib/server/libjvm.so
742fae881000-742fae947000 r--p 01281000 103:02 58603532                  /usr/lib/jvm/temurin-11-jdk-amd64/lib/server/libjvm.so
742fae947000-742fae982000 rw-p 01347000 103:02 58603532                  /usr/lib/jvm/temurin-11-jdk-amd64/lib/server/libjvm.so
742fae982000-742fae9da000 rw-p 00000000 00:00 0 
742fae9db000-742fae9dd000 r--p 00000000 103:02 58198206                  /usr/lib/x86_64-linux-gnu/libgmodule-2.0.so.0.7200.4
742fae9dd000-742fae9df000 r-xp 00002000 103:02 58198206                  /usr/lib/x86_64-linux-gnu/libgmodule-2.0.so.0.7200.4
742fae9df000-742fae9e0000 r--p 00004000 103:02 58198206                  /usr/lib/x86_64-linux-gnu/libgmodule-2.0.so.0.7200.4
742fae9e0000-742fae9e1000 r--p 00004000 103:02 58198206                  /usr/lib/x86_64-linux-gnu/libgmodule-2.0.so.0.7200.4
742fae9e1000-742fae9e2000 rw-p 00005000 103:02 58198206                  /usr/lib/x86_64-linux-gnu/libgmodule-2.0.so.0.7200.4
742fae9e2000-742fae9e4000 r--p 00000000 103:02 58222530                  /usr/lib/x86_64-linux-gnu/libXdmcp.so.6.0.0
742fae9e4000-742fae9e6000 r-xp 00002000 103:02 58222530                  /usr/lib/x86_64-linux-gnu/libXdmcp.so.6.0.0
742fae9e6000-742fae9e8000 r--p 00004000 103:02 58222530                  /usr/lib/x86_64-linux-gnu/libXdmcp.so.6.0.0
742fae9e8000-742fae9e9000 r--p 00005000 103:02 58222530                  /usr/lib/x86_64-linux-gnu/libXdmcp.so.6.0.0
742fae9e9000-742fae9ea000 rw-p 00006000 103:02 58222530                  /usr/lib/x86_64-linux-gnu/libXdmcp.so.6.0.0
742fae9ea000-742fae9ed000 r--p 00000000 103:02 58222540                  /usr/lib/x86_64-linux-gnu/libXi.so.6.1.0
742fae9ed000-742fae9f9000 r-xp 00003000 103:02 58222540                  /usr/lib/x86_64-linux-gnu/libXi.so.6.1.0
742fae9f9000-742fae9fc000 r--p 0000f000 103:02 58222540                  /usr/lib/x86_64-linux-gnu/libXi.so.6.1.0
742fae9fc000-742fae9fd000 r--p 00011000 103:02 58222540                  /usr/lib/x86_64-linux-gnu/libXi.so.6.1.0
742fae9fd000-742fae9fe000 rw-p 00012000 103:02 58222540                  /usr/lib/x86_64-linux-gnu/libXi.so.6.1.0
742fae9fe000-742faeaff000 rw-p 00000000 00:00 0 
742faeaff000-742faeb00000 ---p 00000000 00:00 0 
742faeb00000-742faec00000 rw-p 00000000 00:00 0 
742faec00000-742faec28000 r--p 00000000 103:02 58206679                  /usr/lib/x86_64-linux-gnu/libc.so.6
742faec28000-742faedbd000 r-xp 00028000 103:02 58206679                  /usr/lib/x86_64-linux-gnu/libc.so.6
742faedbd000-742faee15000 r--p 001bd000 103:02 58206679                  /usr/lib/x86_64-linux-gnu/libc.so.6
742faee15000-742faee16000 ---p 00215000 103:02 58206679                  /usr/lib/x86_64-linux-gnu/libc.so.6
742faee16000-742faee1a000 r--p 00215000 103:02 58206679                  /usr/lib/x86_64-linux-gnu/libc.so.6
742faee1a000-742faee1c000 rw-p 00219000 103:02 58206679                  /usr/lib/x86_64-linux-gnu/libc.so.6
742faee1c000-742faee29000 rw-p 00000000 00:00 0 
742faee2a000-742faee40000 rw-p 00000000 00:00 0 
742faee40000-742faef15000 ---p 00000000 00:00 0 
742faef15000-742faef3c000 rw-p 00000000 00:00 0 
742faef3c000-742faf000000 ---p 00000000 00:00 0 
742faf000000-742faf01a000 r-xp 00000000 103:02 58603485                  /usr/lib/jvm/temurin-11-jdk-amd64/lib/jli/libjli.so
742faf01a000-742faf21a000 ---p 0001a000 103:02 58603485                  /usr/lib/jvm/temurin-11-jdk-amd64/lib/jli/libjli.so
742faf21a000-742faf21b000 r--p 0001a000 103:02 58603485                  /usr/lib/jvm/temurin-11-jdk-amd64/lib/jli/libjli.so
742faf21b000-742faf21c000 rw-p 0001b000 103:02 58603485                  /usr/lib/jvm/temurin-11-jdk-amd64/lib/jli/libjli.so
742faf220000-742faf221000 r--p 00000000 103:02 58222519                  /usr/lib/x86_64-linux-gnu/libXau.so.6.0.0
742faf221000-742faf223000 r-xp 00001000 103:02 58222519                  /usr/lib/x86_64-linux-gnu/libXau.so.6.0.0
742faf223000-742faf224000 r--p 00003000 103:02 58222519                  /usr/lib/x86_64-linux-gnu/libXau.so.6.0.0
742faf224000-742faf225000 r--p 00003000 103:02 58222519                  /usr/lib/x86_64-linux-gnu/libXau.so.6.0.0
742faf225000-742faf226000 rw-p 00004000 103:02 58222519                  /usr/lib/x86_64-linux-gnu/libXau.so.6.0.0
742faf226000-742faf228000 r--p 00000000 103:02 58222558                  /usr/lib/x86_64-linux-gnu/libXtst.so.6.1.0
742faf228000-742faf22b000 r-xp 00002000 103:02 58222558                  /usr/lib/x86_64-linux-gnu/libXtst.so.6.1.0
742faf22b000-742faf22c000 r--p 00005000 103:02 58222558                  /usr/lib/x86_64-linux-gnu/libXtst.so.6.1.0
742faf22c000-742faf22d000 r--p 00005000 103:02 58222558                  /usr/lib/x86_64-linux-gnu/libXtst.so.6.1.0
742faf22d000-742faf22e000 rw-p 00006000 103:02 58222558                  /usr/lib/x86_64-linux-gnu/libXtst.so.6.1.0
742faf22e000-742faf230000 r--p 00000000 103:02 58222552                  /usr/lib/x86_64-linux-gnu/libXrender.so.1.3.0
742faf230000-742faf237000 r-xp 00002000 103:02 58222552                  /usr/lib/x86_64-linux-gnu/libXrender.so.1.3.0
742faf237000-742faf239000 r--p 00009000 103:02 58222552                  /usr/lib/x86_64-linux-gnu/libXrender.so.1.3.0
742faf239000-742faf23a000 r--p 0000a000 103:02 58222552                  /usr/lib/x86_64-linux-gnu/libXrender.so.1.3.0
742faf23a000-742faf23b000 rw-p 0000b000 103:02 58222552                  /usr/lib/x86_64-linux-gnu/libXrender.so.1.3.0
742faf23b000-742faf23f000 r--p 00000000 103:02 58222532                  /usr/lib/x86_64-linux-gnu/libXext.so.6.4.0
742faf23f000-742faf24a000 r-xp 00004000 103:02 58222532                  /usr/lib/x86_64-linux-gnu/libXext.so.6.4.0
742faf24a000-742faf24e000 r--p 0000f000 103:02 58222532                  /usr/lib/x86_64-linux-gnu/libXext.so.6.4.0
742faf24e000-742faf24f000 r--p 00012000 103:02 58222532                  /usr/lib/x86_64-linux-gnu/libXext.so.6.4.0
742faf24f000-742faf250000 rw-p 00013000 103:02 58222532                  /usr/lib/x86_64-linux-gnu/libXext.so.6.4.0
742faf254000-742faf258000 r--p 00000000 103:02 58225368                  /usr/lib/x86_64-linux-gnu/gio/modules/libdconfsettings.so
742faf258000-742faf25f000 r-xp 00004000 103:02 58225368                  /usr/lib/x86_64-linux-gnu/gio/modules/libdconfsettings.so
742faf25f000-742faf262000 r--p 0000b000 103:02 58225368                  /usr/lib/x86_64-linux-gnu/gio/modules/libdconfsettings.so
742faf262000-742faf263000 r--p 0000e000 103:02 58225368                  /usr/lib/x86_64-linux-gnu/gio/modules/libdconfsettings.so
742faf263000-742faf264000 rw-p 0000f000 103:02 58225368                  /usr/lib/x86_64-linux-gnu/gio/modules/libdconfsettings.so
742faf264000-742faf2a8000 rw-p 00000000 00:00 0 
742faf2a8000-742faf2af000 ---p 00000000 00:00 0 
742faf2af000-742faf2b0000 r--p 00000000 103:02 58206703                  /usr/lib/x86_64-linux-gnu/librt.so.1
742faf2b0000-742faf2b1000 r-xp 00001000 103:02 58206703                  /usr/lib/x86_64-linux-gnu/librt.so.1
742faf2b1000-742faf2b2000 r--p 00002000 103:02 58206703                  /usr/lib/x86_64-linux-gnu/librt.so.1
742faf2b2000-742faf2b3000 r--p 00002000 103:02 58206703                  /usr/lib/x86_64-linux-gnu/librt.so.1
742faf2b3000-742faf2b4000 rw-p 00003000 103:02 58206703                  /usr/lib/x86_64-linux-gnu/librt.so.1
742faf2b4000-742faf2b8000 ---p 00000000 00:00 0 
742faf2b8000-742faf3b4000 rw-p 00000000 00:00 0 
742faf3b4000-742faf3c2000 r--p 00000000 103:02 58206685                  /usr/lib/x86_64-linux-gnu/libm.so.6
742faf3c2000-742faf43e000 r-xp 0000e000 103:02 58206685                  /usr/lib/x86_64-linux-gnu/libm.so.6
742faf43e000-742faf499000 r--p 0008a000 103:02 58206685                  /usr/lib/x86_64-linux-gnu/libm.so.6
742faf499000-742faf49a000 r--p 000e4000 103:02 58206685                  /usr/lib/x86_64-linux-gnu/libm.so.6
742faf49a000-742faf49b000 rw-p 000e5000 103:02 58206685                  /usr/lib/x86_64-linux-gnu/libm.so.6
742faf49b000-742faf49d000 rw-p 00000000 00:00 0 
742faf49d000-742faf49e000 r--p 00000000 103:02 58206683                  /usr/lib/x86_64-linux-gnu/libdl.so.2
742faf49e000-742faf49f000 r-xp 00001000 103:02 58206683                  /usr/lib/x86_64-linux-gnu/libdl.so.2
742faf49f000-742faf4a0000 r--p 00002000 103:02 58206683                  /usr/lib/x86_64-linux-gnu/libdl.so.2
742faf4a0000-742faf4a1000 r--p 00002000 103:02 58206683                  /usr/lib/x86_64-linux-gnu/libdl.so.2
742faf4a1000-742faf4a2000 rw-p 00003000 103:02 58206683                  /usr/lib/x86_64-linux-gnu/libdl.so.2
742faf4a2000-742faf4a3000 r--p 00000000 103:02 58206701                  /usr/lib/x86_64-linux-gnu/libpthread.so.0
742faf4a3000-742faf4a4000 r-xp 00001000 103:02 58206701                  /usr/lib/x86_64-linux-gnu/libpthread.so.0
742faf4a4000-742faf4a5000 r--p 00002000 103:02 58206701                  /usr/lib/x86_64-linux-gnu/libpthread.so.0
742faf4a5000-742faf4a6000 r--p 00002000 103:02 58206701                  /usr/lib/x86_64-linux-gnu/libpthread.so.0
742faf4a6000-742faf4a7000 rw-p 00003000 103:02 58206701                  /usr/lib/x86_64-linux-gnu/libpthread.so.0
742faf4aa000-742faf4b1000 r--s 00000000 103:02 58210169                  /usr/lib/x86_64-linux-gnu/gconv/gconv-modules.cache
742faf4b1000-742faf4b9000 rw-s 00000000 103:02 60424256                  /tmp/hsperfdata_tatsunidas/88974
742faf4b9000-742faf4ba000 ---p 00000000 00:00 0 
742faf4ba000-742faf4bb000 r--p 00000000 00:00 0 
742faf4bb000-742faf4bd000 rw-p 00000000 00:00 0 
742faf4bd000-742faf4bf000 r--p 00000000 103:02 58206672                  /usr/lib/x86_64-linux-gnu/ld-linux-x86-64.so.2
742faf4bf000-742faf4e9000 r-xp 00002000 103:02 58206672                  /usr/lib/x86_64-linux-gnu/ld-linux-x86-64.so.2
742faf4e9000-742faf4f4000 r--p 0002c000 103:02 58206672                  /usr/lib/x86_64-linux-gnu/ld-linux-x86-64.so.2
742faf4f4000-742faf4f5000 r--s 00000000 00:42 328                        /run/user/1000/dconf/user (deleted)
742faf4f5000-742faf4f7000 r--p 00037000 103:02 58206672                  /usr/lib/x86_64-linux-gnu/ld-linux-x86-64.so.2
742faf4f7000-742faf4f9000 rw-p 00039000 103:02 58206672                  /usr/lib/x86_64-linux-gnu/ld-linux-x86-64.so.2
7fffd257a000-7fffd259d000 rw-p 00000000 00:00 0                          [stack]
7fffd25cc000-7fffd25d0000 r--p 00000000 00:00 0                          [vvar]
7fffd25d0000-7fffd25d2000 r-xp 00000000 00:00 0                          [vdso]
ffffffffff600000-ffffffffff601000 --xp 00000000 00:00 0                  [vsyscall]


VM Arguments:
jvm_args: -agentlib:jdwp=transport=dt_socket,suspend=y,address=localhost:42843 -Djava.library.path=./native/native_opencv/linux-x86-64 -javaagent:/home/tatsunidas/eclipse/java-2023-03/eclipse/configuration/org.eclipse.osgi/225/0/.cp/lib/javaagent-shaded.jar -Dfile.encoding=UTF-8 
java_command: com.vis.core.launcher.Launcher
java_class_path (initial): /home/tatsunidas/graphy-workspace3/graphy/target/classes:/home/tatsunidas/.m2/repository/net/imagej/ij/1.54f/ij-1.54f.jar:/home/tatsunidas/.m2/repository/org/jogamp/gluegen/gluegen-rt-main/2.3.2/gluegen-rt-main-2.3.2.jar:/home/tatsunidas/.m2/repository/org/jogamp/gluegen/gluegen-rt/2.3.2/gluegen-rt-2.3.2.jar:/home/tatsunidas/.m2/repository/org/jogamp/gluegen/gluegen-rt/2.3.2/gluegen-rt-2.3.2-natives-android-aarch64.jar:/home/tatsunidas/.m2/repository/org/jogamp/gluegen/gluegen-rt/2.3.2/gluegen-rt-2.3.2-natives-android-armv6.jar:/home/tatsunidas/.m2/repository/org/jogamp/gluegen/gluegen-rt/2.3.2/gluegen-rt-2.3.2-natives-linux-amd64.jar:/home/tatsunidas/.m2/repository/org/jogamp/gluegen/gluegen-rt/2.3.2/gluegen-rt-2.3.2-natives-linux-armv6.jar:/home/tatsunidas/.m2/repository/org/jogamp/gluegen/gluegen-rt/2.3.2/gluegen-rt-2.3.2-natives-linux-armv6hf.jar:/home/tatsunidas/.m2/repository/org/jogamp/gluegen/gluegen-rt/2.3.2/gluegen-rt-2.3.2-natives-linux-i586.jar:/home/tatsunidas/.m2/repository/org/jogamp/gluegen/gluegen-rt/2.3.2/gluegen-rt-2.3.2-natives-macosx-universal.jar:/home/tatsunidas/.m2/repository/org/jogamp/gluegen/gluegen-rt/2.3.2/gluegen-rt-2.3.2-natives-solaris-amd64.jar:/home/tatsunidas/.m2/repository/org/jogamp/gluegen/gluegen-rt/2.3.2/gluegen-rt-2.3.2-natives-solaris-i586.jar:/home/tatsunidas/.m2/repository/org/jogamp/gluegen/gluegen-rt/2.3.2/gluegen-rt-2.3.2-natives-windows-amd64.jar:/home/tatsunidas/.m2/repository/org/jogamp/gluegen/gluegen-rt/2.3.2/gluegen-rt-2.3.2-natives-windows-i586.jar:/home/tatsunidas/.m2/repository/org/jogamp/jogl/jogl-all-main/2.3.2/jogl-all-main-2.3.2.jar:/home/tatsunidas/.m2/repository/org/jogamp/jogl/jogl-all/2.3.2/jogl-all-2.3.2.jar:/home/tatsunidas/.m2/repository/org/jogamp/jogl/jogl-all/2.3.2/jogl-all-2.3.2-natives-android-aarch64.jar:/home/tatsunidas/.m2/repository/org/jogamp/jogl/jogl-all/2.3.2/jogl-all-2.3.2-natives-android-armv6.jar:/home/tatsunidas/.m2/repository/org/jogamp/jogl/jogl-all/2.3
Launcher Type: SUN_STANDARD

[Global flags]
     intx CICompilerCount                          = 4                                         {product} {ergonomic}
     uint ConcGCThreads                            = 2                                         {product} {ergonomic}
     uint G1ConcRefinementThreads                  = 8                                         {product} {ergonomic}
   size_t G1HeapRegionSize                         = 2097152                                   {product} {ergonomic}
    uintx GCDrainStackTargetSize                   = 64                                        {product} {ergonomic}
   size_t InitialHeapSize                          = 524288000                                 {product} {ergonomic}
   size_t MarkStackSize                            = 4194304                                   {product} {ergonomic}
   size_t MaxHeapSize                              = 8382316544                                {product} {ergonomic}
   size_t MaxNewSize                               = 5028970496                                {product} {ergonomic}
   size_t MinHeapDeltaBytes                        = 2097152                                   {product} {ergonomic}
    uintx NonNMethodCodeHeapSize                   = 5836300                                {pd product} {ergonomic}
    uintx NonProfiledCodeHeapSize                  = 122910970                              {pd product} {ergonomic}
    uintx ProfiledCodeHeapSize                     = 122910970                              {pd product} {ergonomic}
    uintx ReservedCodeCacheSize                    = 251658240                              {pd product} {ergonomic}
     bool SegmentedCodeCache                       = true                                      {product} {ergonomic}
     bool UseCompressedClassPointers               = true                                 {lp64_product} {ergonomic}
     bool UseCompressedOops                        = true                                 {lp64_product} {ergonomic}
     bool UseG1GC                                  = true                                      {product} {ergonomic}

Logging:
Log output configuration:
 #0: stdout all=warning uptime,level,tags
 #1: stderr all=off uptime,level,tags

Environment Variables:
PATH=/usr/local/sbin:/usr/local/bin:/usr/sbin:/usr/bin:/sbin:/bin:/usr/games:/usr/local/games:/snap/bin:/snap/bin:/home/tatsunidas/dcm4che-5.30.0/bin
USERNAME=tatsunidas
SHELL=/bin/bash
DISPLAY=:1
LANG=ja_JP.UTF-8

Signal Handlers:
SIGSEGV: [libjvm.so+0xf51350], sa_mask[0]=11111111011111111101111111111110, sa_flags=SA_RESTART|SA_SIGINFO
SIGBUS: [libjvm.so+0xf51350], sa_mask[0]=11111111011111111101111111111110, sa_flags=SA_RESTART|SA_SIGINFO
SIGFPE: [libjvm.so+0xf51350], sa_mask[0]=11111111011111111101111111111110, sa_flags=SA_RESTART|SA_SIGINFO
SIGPIPE: SIG_IGN, sa_mask[0]=00000000000010000000000000000000, sa_flags=SA_RESTART
SIGXFSZ: [libjvm.so+0xc72290], sa_mask[0]=11111111011111111101111111111110, sa_flags=SA_RESTART|SA_SIGINFO
SIGILL: [libjvm.so+0xf51350], sa_mask[0]=11111111011111111101111111111110, sa_flags=SA_RESTART|SA_SIGINFO
SIGUSR2: [libjvm.so+0xc72130], sa_mask[0]=00100000000000000000000000000000, sa_flags=SA_RESTART|SA_SIGINFO
SIGHUP: [libjvm.so+0xc726a0], sa_mask[0]=11111111011111111101111111111110, sa_flags=SA_RESTART|SA_SIGINFO
SIGINT: [libjvm.so+0xc726a0], sa_mask[0]=11111111011111111101111111111110, sa_flags=SA_RESTART|SA_SIGINFO
SIGTERM: [libjvm.so+0xc726a0], sa_mask[0]=11111111011111111101111111111110, sa_flags=SA_RESTART|SA_SIGINFO
SIGQUIT: [libjvm.so+0xc726a0], sa_mask[0]=11111111011111111101111111111110, sa_flags=SA_RESTART|SA_SIGINFO


---------------  S Y S T E M  ---------------

OS:DISTRIB_ID=Ubuntu
DISTRIB_RELEASE=22.04
DISTRIB_CODENAME=jammy
DISTRIB_DESCRIPTION="Ubuntu 22.04.4 LTS"
uname:Linux 6.8.0-40-generic #40~22.04.3-Ubuntu SMP PREEMPT_DYNAMIC Tue Jul 30 17:30:19 UTC 2 x86_64
OS uptime: 4 days 5:15 hours
libc:glibc 2.35 NPTL 2.35 
rlimit (soft/hard): STACK 8192k/infinity , CORE 0k/infinity , NPROC 127595/127595 , NOFILE 1048576/1048576 , AS infinity/infinity , CPU infinity/infinity , DATA infinity/infinity , FSIZE infinity/infinity , MEMLOCK 4092776k/4092776k
load average:3.59 3.55 3.56

/proc/meminfo:
MemTotal:       32742224 kB
MemFree:        17557500 kB
MemAvailable:   22451464 kB
Buffers:          758500 kB
Cached:          5126940 kB
SwapCached:            0 kB
Active:          8933992 kB
Inactive:        2893932 kB
Active(anon):    7646356 kB
Inactive(anon):        0 kB
Active(file):    1287636 kB
Inactive(file):  2893932 kB
Unevictable:     1675800 kB
Mlocked:           13036 kB
SwapTotal:       2097148 kB
SwapFree:        2097148 kB
Zswap:                 0 kB
Zswapped:              0 kB
Dirty:                68 kB
Writeback:             0 kB
AnonPages:       7618320 kB
Mapped:           859128 kB
Shmem:           1691152 kB
KReclaimable:    1181700 kB
Slab:            1463308 kB
SReclaimable:    1181700 kB
SUnreclaim:       281608 kB
KernelStack:       24192 kB
PageTables:        71116 kB
SecPageTables:         0 kB
NFS_Unstable:          0 kB
Bounce:                0 kB
WritebackTmp:          0 kB
CommitLimit:    18468260 kB
Committed_AS:   17755252 kB
VmallocTotal:   34359738367 kB
VmallocUsed:       56460 kB
VmallocChunk:          0 kB
Percpu:             8928 kB
HardwareCorrupted:     0 kB
AnonHugePages:         0 kB
ShmemHugePages:   919552 kB
ShmemPmdMapped:        0 kB
FileHugePages:         0 kB
FilePmdMapped:         0 kB
Unaccepted:            0 kB
HugePages_Total:       0
HugePages_Free:        0
HugePages_Rsvd:        0
HugePages_Surp:        0
Hugepagesize:       2048 kB
Hugetlb:               0 kB
DirectMap4k:      225096 kB
DirectMap2M:     5943296 kB
DirectMap1G:    27262976 kB

/sys/kernel/mm/transparent_hugepage/enabled:
always [madvise] never
/sys/kernel/mm/transparent_hugepage/defrag (defrag/compaction efforts parameter):
always defer defer+madvise [madvise] never

Process Memory:
Virtual Size: 13006996K (peak: 13135012K)
Resident Set Size: 892876K (peak: 936808K) (anon: 858748K, file: 32492K, shmem: 1636K)
Swapped out: 0K
C-Heap outstanding allocations: 52817K, retained: 207314K
glibc malloc tunables: (default)

/proc/sys/kernel/threads-max (system-wide limit on the number of threads):
255190
/proc/sys/vm/max_map_count (maximum number of memory map areas a process may have):
65530
/proc/sys/kernel/pid_max (system-wide limit on number of process identifiers):
4194304

container (cgroup) information:
container_type: cgroupv2
cpu_cpuset_cpus: not supported
cpu_memory_nodes: not supported
active_processor_count: 8
cpu_quota: not supported
cpu_period: not supported
cpu_shares: not supported
memory_limit_in_bytes: unlimited
memory_and_swap_limit_in_bytes: unlimited
memory_soft_limit_in_bytes: unlimited
memory_usage_in_bytes: 6433652 k
memory_max_usage_in_bytes: not supported
memory_swap_current_in_bytes: unlimited
memory_swap_max_limit_in_bytes: unlimited
maximum number of tasks: 38278
current number of tasks: 543

Steal ticks since vm start: 0
Steal ticks percentage since vm start:  0.000

CPU:total 8 (initial active 8) (4 cores per cpu, 2 threads per core) family 6 model 142 stepping 10 microcode 0xf6, cmov, cx8, fxsr, mmx, sse, sse2, sse3, ssse3, sse4.1, sse4.2, popcnt, avx, avx2, aes, clmul, erms, 3dnowpref, lzcnt, ht, tsc, tscinvbit, bmi1, bmi2, adx, fma
CPU Model and flags from /proc/cpuinfo:
model name	: Intel(R) Core(TM) i7-8550U CPU @ 1.80GHz
flags		: fpu vme de pse tsc msr pae mce cx8 apic sep mtrr pge mca cmov pat pse36 clflush dts acpi mmx fxsr sse sse2 ss ht tm pbe syscall nx pdpe1gb rdtscp lm constant_tsc art arch_perfmon pebs bts rep_good nopl xtopology nonstop_tsc cpuid aperfmperf pni pclmulqdq dtes64 monitor ds_cpl vmx est tm2 ssse3 sdbg fma cx16 xtpr pdcm pcid sse4_1 sse4_2 x2apic movbe popcnt tsc_deadline_timer aes xsave avx f16c rdrand lahf_lm abm 3dnowprefetch cpuid_fault epb pti ssbd ibrs ibpb stibp tpr_shadow flexpriority ept vpid ept_ad fsgsbase tsc_adjust bmi1 avx2 smep bmi2 erms invpcid mpx rdseed adx smap clflushopt intel_pt xsaveopt xsavec xgetbv1 xsaves dtherm ida arat pln pts hwp hwp_notify hwp_act_window hwp_epp vnmi md_clear flush_l1d arch_capabilities
Online cpus:
0-7
Offline cpus:

BIOS frequency limitation:
<Not Available>
Frequency switch latency (ns):
0
Available cpu frequencies:
<Not Available>
Current governor:
powersave
Core performance/turbo boost:
<Not Available>

Memory: 4k page, physical 32742224k(17557500k free), swap 2097148k(2097148k free)

vm_info: OpenJDK 64-Bit Server VM (11.0.24+8) for linux-amd64 JRE (11.0.24+8), built on Jul 17 2024 01:04:23 by "" with gcc 7.5.0

END.
