#
# A fatal error has been detected by the Java Runtime Environment:
#
#  Internal Error (generateOopMap.cpp:2170), pid=5230, tid=5243
#  fatal error: Illegal class file encountered. Try running with -Xverify:all in method draw
#
# JRE version: OpenJDK Runtime Environment Temurin-11.0.24+8 (11.0.24+8) (build 11.0.24+8)
# Java VM: OpenJDK 64-Bit Server VM Temurin-11.0.24+8 (11.0.24+8, mixed mode, tiered, compressed oops, g1 gc, linux-amd64)
# Core dump will be written. Default location: Core dumps may be processed with "/usr/share/apport/apport -p%p -s%s -c%c -d%d -P%P -u%u -g%g -- %E" (or dumping to /home/tatsunidas/graphy-workspace3/graphy/core.5230)
#
# If you would like to submit a bug report, please visit:
#   https://github.com/adoptium/adoptium-support/issues
#

---------------  S U M M A R Y ------------

Command Line: -agentlib:jdwp=transport=dt_socket,suspend=y,address=localhost:36973 -Djava.library.path=./native/native_opencv/linux-x86-64 -javaagent:/home/tatsunidas/eclipse/java-2023-03/eclipse/configuration/org.eclipse.osgi/225/0/.cp/lib/javaagent-shaded.jar -Dfile.encoding=UTF-8 com.vis.core.launcher.Launcher

Host: Intel(R) Core(TM) i7-8550U CPU @ 1.80GHz, 8 cores, 31G, Ubuntu 22.04.4 LTS
Time: Tue Sep 10 14:17:23 2024 JST elapsed time: 9528.415654 seconds (0d 2h 38m 48s)

---------------  T H R E A D  ---------------

Current thread (0x00007bacc02ce800):  VMThread "VM Thread" [stack: 0x00007bacc4afe000,0x00007bacc4bfe000] [id=5243]

Stack: [0x00007bacc4afe000,0x00007bacc4bfe000],  sp=0x00007bacc4bfbab0,  free space=1014k
Native frames: (J=compiled Java code, A=aot compiled Java code, j=interpreted, Vv=VM code, C=native code)
V  [libjvm.so+0xf4f71a]  VMError::report_and_die(int, char const*, char const*, __va_list_tag*, Thread*, unsigned char*, void*, void*, char const*, int, unsigned long)+0x1ca
V  [libjvm.so+0x6d7f0f]  report_fatal(VMErrorType, char const*, int, char const*, ...)+0x10f
V  [libjvm.so+0x84436f]  GenerateOopMap::error_work(char const*, __va_list_tag*)+0xcf
V  [libjvm.so+0x84444b]  GenerateOopMap::report_error(char const*, ...) [clone .constprop.80]+0x8b
V  [libjvm.so+0x8452f4]  GenerateOopMap::pp(CellTypeState*, CellTypeState*)+0xe4
V  [libjvm.so+0x846906]  GenerateOopMap::interp1(BytecodeStream*)+0x1c6
V  [libjvm.so+0x84905c]  GenerateOopMap::interp_bb(BasicBlock*)+0x15c
V  [libjvm.so+0x84bc3d]  GenerateOopMap::do_interpretation()+0xbd
V  [libjvm.so+0x84bff9]  GenerateOopMap::compute_map(Thread*)+0x269
V  [libjvm.so+0xc6670a]  OopMapCacheEntry::fill(methodHandle const&, int)+0x20a
V  [libjvm.so+0xc66c8b]  OopMapCache::compute_one_oop_map(methodHandle const&, int, InterpreterOopMap*)+0x6b
V  [libjvm.so+0xbf03e6]  Method::mask_for(int, InterpreterOopMap*)+0x76
V  [libjvm.so+0xa73e8c]  VM_GetOrSetLocal::doit()+0x4c
V  [libjvm.so+0xf52e47]  VM_Operation::evaluate()+0xe7
V  [libjvm.so+0xf5940f]  VMThread::evaluate_operation(VM_Operation*) [clone .constprop.66]+0xff
V  [libjvm.so+0xf59988]  VMThread::loop()+0x428
V  [libjvm.so+0xf59e23]  VMThread::run()+0x73
V  [libjvm.so+0xedefaf]  Thread::call_run()+0x14f
V  [libjvm.so+0xc7d336]  thread_native_entry(Thread*)+0xe6

VM_Operation (0x00007baca0ffe890): GetOrSetLocal, mode: safepoint, requested by thread 0x00007bacc046c000


---------------  P R O C E S S  ---------------

Threads class SMR info:
_java_thread_list=0x00007babb848d9d0, length=20, elements={
0x00007bacc02d7000, 0x00007bacc02db000, 0x00007bacc02f0000, 0x00007bacc02f2000,
0x00007bacc02f4000, 0x00007bacc02f6000, 0x00007bacc02f8000, 0x00007bacc03c6000,
0x00007bacc046c000, 0x00007bacc0470000, 0x00007bac38001800, 0x00007bacc0993800,
0x00007bacc09f0000, 0x00007bac002dd800, 0x00007bacc1177800, 0x00007bacc1383000,
0x00007bacc1499800, 0x00007bacc14a0800, 0x00007bacc14a3800, 0x00007bacc002a800
}

Java Threads: ( => current thread )
  0x00007bacc02d7000 JavaThread "Reference Handler" daemon [_thread_blocked, id=5244, stack(0x00007bacc4100000,0x00007bacc4200000)]
  0x00007bacc02db000 JavaThread "Finalizer" daemon [_thread_blocked, id=5245, stack(0x00007bacc4000000,0x00007bacc4100000)]
  0x00007bacc02f0000 JavaThread "Signal Dispatcher" daemon [_thread_blocked, id=5246, stack(0x00007bacbff00000,0x00007bacc0000000)]
  0x00007bacc02f2000 JavaThread "Service Thread" daemon [_thread_blocked, id=5247, stack(0x00007baca8500000,0x00007baca8600000)]
  0x00007bacc02f4000 JavaThread "C2 CompilerThread0" daemon [_thread_blocked, id=5248, stack(0x00007baca8400000,0x00007baca8500000)]
  0x00007bacc02f6000 JavaThread "C1 CompilerThread0" daemon [_thread_blocked, id=5249, stack(0x00007baca8300000,0x00007baca8400000)]
  0x00007bacc02f8000 JavaThread "Sweeper thread" daemon [_thread_blocked, id=5250, stack(0x00007baca8200000,0x00007baca8300000)]
  0x00007bacc03c6000 JavaThread "Common-Cleaner" daemon [_thread_blocked, id=5251, stack(0x00007baca8100000,0x00007baca8200000)]
  0x00007bacc046c000 JavaThread "JDWP Transport Listener: dt_socket" daemon [_thread_blocked, id=5254, stack(0x00007baca0f00000,0x00007baca1000000)] _threads_hazard_ptr=0x00007babb848d9d0
  0x00007bacc0470000 JavaThread "JDWP Event Helper Thread" daemon [_thread_blocked, id=5255, stack(0x00007bac99100000,0x00007bac99200000)]
  0x00007bac38001800 JavaThread "JDWP Command Reader" daemon [_thread_in_native, id=5256, stack(0x00007bac91300000,0x00007bac91400000)]
  0x00007bacc0993800 JavaThread "Java2D Disposer" daemon [_thread_blocked, id=5265, stack(0x00007baca8000000,0x00007baca8100000)]
  0x00007bacc09f0000 JavaThread "AWT-XAWT" daemon [_thread_in_native, id=5266, stack(0x00007bac89f00000,0x00007bac8a000000)]
  0x00007bac002dd800 JavaThread "TimerQueue" daemon [_thread_blocked, id=5292, stack(0x00007bac88000000,0x00007bac88100000)]
  0x00007bacc1177800 JavaThread "Timer-0" daemon [_thread_blocked, id=5307, stack(0x00007bac7fcb0000,0x00007bac7fdb0000)]
  0x00007bacc1383000 JavaThread "derby.rawStoreDaemon" daemon [_thread_blocked, id=5310, stack(0x00007bac89d00000,0x00007bac89e00000)]
  0x00007bacc1499800 JavaThread "pool-1-thread-1" [_thread_in_native, id=5314, stack(0x00007bac89900000,0x00007bac89a00000)]
  0x00007bacc14a0800 JavaThread "AWT-Shutdown" [_thread_blocked, id=5315, stack(0x00007bac88100000,0x00007bac88200000)]
  0x00007bacc14a3800 JavaThread "AWT-EventQueue-0" [_thread_blocked, id=5316, stack(0x00007bac7f700000,0x00007bac7f800000)]
  0x00007bacc002a800 JavaThread "DestroyJavaVM" [_thread_blocked, id=5236, stack(0x00007bacc9120000,0x00007bacc9220000)]

Other Threads:
=>0x00007bacc02ce800 VMThread "VM Thread" [stack: 0x00007bacc4afe000,0x00007bacc4bfe000] [id=5243]
  0x00007bacc0852800 WatcherThread [stack: 0x00007bac90b00000,0x00007bac90c00000] [id=5261]
  0x00007bacc0044000 GCTaskThread "GC Thread#0" [stack: 0x00007bacc8900000,0x00007bacc8a00000] [id=5238]
  0x00007bac74001000 GCTaskThread "GC Thread#1" [stack: 0x00007bac89800000,0x00007bac89900000] [id=5277]
  0x00007bac74002000 GCTaskThread "GC Thread#2" [stack: 0x00007bac896ff000,0x00007bac897ff000] [id=5278]
  0x00007bac74004000 GCTaskThread "GC Thread#3" [stack: 0x00007bac89300000,0x00007bac89400000] [id=5279]
  0x00007bac74005800 GCTaskThread "GC Thread#4" [stack: 0x00007bac891ff000,0x00007bac892ff000] [id=5280]
  0x00007bac74007000 GCTaskThread "GC Thread#5" [stack: 0x00007bac890fe000,0x00007bac891fe000] [id=5281]
  0x00007bac74008800 GCTaskThread "GC Thread#6" [stack: 0x00007bac88d00000,0x00007bac88e00000] [id=5282]
  0x00007bac7400a000 GCTaskThread "GC Thread#7" [stack: 0x00007bac88bff000,0x00007bac88cff000] [id=5283]
  0x00007bacc007e800 ConcurrentGCThread "G1 Main Marker" [stack: 0x00007bacc62fd000,0x00007bacc63fd000] [id=5239]
  0x00007bacc0080800 ConcurrentGCThread "G1 Conc#0" [stack: 0x00007bacc5f00000,0x00007bacc6000000] [id=5240]
  0x00007bac8c001000 ConcurrentGCThread "G1 Conc#1" [stack: 0x00007bac88afe000,0x00007bac88bfe000] [id=5286]
  0x00007bacc0202000 ConcurrentGCThread "G1 Refine#0" [stack: 0x00007bacc4d00000,0x00007bacc4e00000] [id=5241]
  0x00007bac80001000 ConcurrentGCThread "G1 Refine#1" [stack: 0x00007bac7ed00000,0x00007bac7ee00000] [id=5326]
  0x00007babcc2d4800 ConcurrentGCThread "G1 Refine#2" [stack: 0x00007bac7e300000,0x00007bac7e400000] [id=5327]
  0x00007baba0001000 ConcurrentGCThread "G1 Refine#3" [stack: 0x00007bac7d900000,0x00007bac7da00000] [id=5328]
  0x00007bacc0204000 ConcurrentGCThread "G1 Young RemSet Sampling" [stack: 0x00007bacc4bff000,0x00007bacc4cff000] [id=5242]

Threads with active compile tasks:

VM state:at safepoint (normal execution)

VM Mutex/Monitor currently owned by a thread:  ([mutex/lock_event])
[0x00007bacc00284e0] Threads_lock - owner thread: 0x00007bacc02ce800

Heap address: 0x000000060c600000, size: 7994 MB, Compressed Oops mode: Zero based, Oop shift amount: 3
Narrow klass base: 0x0000000800000000, Narrow klass shift: 0
Compressed class space size: 1073741824 Address: 0x0000000800000000

Heap:
 garbage-first heap   total 278528K, used 167752K [0x000000060c600000, 0x0000000800000000)
  region size 2048K, 35 young (71680K), 1 survivors (2048K)
 Metaspace       used 56706K, capacity 58744K, committed 58880K, reserved 1101824K
  class space    used 5502K, capacity 6791K, committed 6912K, reserved 1048576K
Heap Regions: E=young(eden), S=young(survivor), O=old, HS=humongous(starts), HC=humongous(continues), CS=collection set, F=free, A=archive, TAMS=top-at-mark-start (previous, next)
|   0|0x000000060c600000, 0x000000060c800000, 0x000000060c800000|100%| O|  |TAMS 0x000000060c800000, 0x000000060c600000| Untracked 
|   1|0x000000060c800000, 0x000000060ca00000, 0x000000060ca00000|100%|HS|  |TAMS 0x000000060ca00000, 0x000000060c800000| Complete 
|   2|0x000000060ca00000, 0x000000060cbfffd0, 0x000000060cc00000| 99%| O|  |TAMS 0x000000060cbfffd0, 0x000000060ca00000| Untracked 
|   3|0x000000060cc00000, 0x000000060cdffd48, 0x000000060ce00000| 99%| O|  |TAMS 0x000000060cdffd48, 0x000000060cc00000| Untracked 
|   4|0x000000060ce00000, 0x000000060d000000, 0x000000060d000000|100%| O|  |TAMS 0x000000060d000000, 0x000000060ce00000| Untracked 
|   5|0x000000060d000000, 0x000000060d200000, 0x000000060d200000|100%| O|  |TAMS 0x000000060d200000, 0x000000060d000000| Untracked 
|   6|0x000000060d200000, 0x000000060d3ffe40, 0x000000060d400000| 99%| O|  |TAMS 0x000000060d3ffe40, 0x000000060d200000| Untracked 
|   7|0x000000060d400000, 0x000000060d5e7278, 0x000000060d600000| 95%| O|  |TAMS 0x000000060d5e7278, 0x000000060d400000| Untracked 
|   8|0x000000060d600000, 0x000000060d800000, 0x000000060d800000|100%|HS|  |TAMS 0x000000060d600000, 0x000000060d600000| Complete 
|   9|0x000000060d800000, 0x000000060da00000, 0x000000060da00000|100%|HC|  |TAMS 0x000000060d800000, 0x000000060d800000| Complete 
|  10|0x000000060da00000, 0x000000060dbe8ca8, 0x000000060dc00000| 95%| O|  |TAMS 0x000000060dbe8ca8, 0x000000060da00000| Untracked 
|  11|0x000000060dc00000, 0x000000060dded358, 0x000000060de00000| 96%| O|  |TAMS 0x000000060dded358, 0x000000060dc00000| Untracked 
|  12|0x000000060de00000, 0x000000060dfd5bf8, 0x000000060e000000| 91%| O|  |TAMS 0x000000060dfd5bf8, 0x000000060de00000| Untracked 
|  13|0x000000060e000000, 0x000000060e200000, 0x000000060e200000|100%|HS|  |TAMS 0x000000060e000000, 0x000000060e000000| Complete 
|  14|0x000000060e200000, 0x000000060e3cc148, 0x000000060e400000| 89%| O|  |TAMS 0x000000060e3cc148, 0x000000060e200000| Untracked 
|  15|0x000000060e400000, 0x000000060e600000, 0x000000060e600000|100%| O|  |TAMS 0x000000060e59e600, 0x000000060e400000| Untracked 
|  16|0x000000060e600000, 0x000000060e800000, 0x000000060e800000|100%|HS|  |TAMS 0x000000060e600000, 0x000000060e600000| Complete 
|  17|0x000000060e800000, 0x000000060ea00000, 0x000000060ea00000|100%| O|  |TAMS 0x000000060e800000, 0x000000060e800000| Untracked 
|  18|0x000000060ea00000, 0x000000060ec00000, 0x000000060ec00000|100%|HS|  |TAMS 0x000000060ec00000, 0x000000060ea00000| Complete 
|  19|0x000000060ec00000, 0x000000060ee00000, 0x000000060ee00000|100%|HC|  |TAMS 0x000000060ee00000, 0x000000060ec00000| Complete 
|  20|0x000000060ee00000, 0x000000060eff7898, 0x000000060f000000| 98%| O|  |TAMS 0x000000060eff7898, 0x000000060ee00000| Untracked 
|  21|0x000000060f000000, 0x000000060f200000, 0x000000060f200000|100%|HS|  |TAMS 0x000000060f200000, 0x000000060f000000| Complete 
|  22|0x000000060f200000, 0x000000060f400000, 0x000000060f400000|100%|HC|  |TAMS 0x000000060f400000, 0x000000060f200000| Complete 
|  23|0x000000060f400000, 0x000000060f600000, 0x000000060f600000|100%|HS|  |TAMS 0x000000060f600000, 0x000000060f400000| Complete 
|  24|0x000000060f600000, 0x000000060f800000, 0x000000060f800000|100%|HC|  |TAMS 0x000000060f800000, 0x000000060f600000| Complete 
|  25|0x000000060f800000, 0x000000060fa00000, 0x000000060fa00000|100%| O|  |TAMS 0x000000060f800000, 0x000000060f800000| Untracked 
|  26|0x000000060fa00000, 0x000000060fbe5200, 0x000000060fc00000| 94%| O|  |TAMS 0x000000060fa00000, 0x000000060fa00000| Untracked 
|  27|0x000000060fc00000, 0x000000060fe00000, 0x000000060fe00000|100%|HS|  |TAMS 0x000000060fe00000, 0x000000060fc00000| Complete 
|  28|0x000000060fe00000, 0x0000000610000000, 0x0000000610000000|100%|HC|  |TAMS 0x0000000610000000, 0x000000060fe00000| Complete 
|  29|0x0000000610000000, 0x0000000610200000, 0x0000000610200000|100%|HS|  |TAMS 0x0000000610000000, 0x0000000610000000| Complete 
|  30|0x0000000610200000, 0x0000000610400000, 0x0000000610400000|100%|HC|  |TAMS 0x0000000610200000, 0x0000000610200000| Complete 
|  31|0x0000000610400000, 0x0000000610600000, 0x0000000610600000|100%|HS|  |TAMS 0x0000000610400000, 0x0000000610400000| Complete 
|  32|0x0000000610600000, 0x0000000610800000, 0x0000000610800000|100%|HC|  |TAMS 0x0000000610600000, 0x0000000610600000| Complete 
|  33|0x0000000610800000, 0x0000000610a00000, 0x0000000610a00000|100%|HC|  |TAMS 0x0000000610800000, 0x0000000610800000| Complete 
|  34|0x0000000610a00000, 0x0000000610a00000, 0x0000000610c00000|  0%| F|  |TAMS 0x0000000610a00000, 0x0000000610a00000| Untracked 
|  35|0x0000000610c00000, 0x0000000610c00000, 0x0000000610e00000|  0%| F|  |TAMS 0x0000000610c00000, 0x0000000610c00000| Untracked 
|  36|0x0000000610e00000, 0x0000000610e00000, 0x0000000611000000|  0%| F|  |TAMS 0x0000000610e00000, 0x0000000610e00000| Untracked 
|  37|0x0000000611000000, 0x0000000611000000, 0x0000000611200000|  0%| F|  |TAMS 0x0000000611000000, 0x0000000611000000| Untracked 
|  38|0x0000000611200000, 0x0000000611200000, 0x0000000611400000|  0%| F|  |TAMS 0x0000000611200000, 0x0000000611200000| Untracked 
|  39|0x0000000611400000, 0x0000000611400000, 0x0000000611600000|  0%| F|  |TAMS 0x0000000611400000, 0x0000000611400000| Untracked 
|  40|0x0000000611600000, 0x0000000611600000, 0x0000000611800000|  0%| F|  |TAMS 0x0000000611600000, 0x0000000611600000| Untracked 
|  41|0x0000000611800000, 0x0000000611800000, 0x0000000611a00000|  0%| F|  |TAMS 0x0000000611800000, 0x0000000611800000| Untracked 
|  42|0x0000000611a00000, 0x0000000611a00000, 0x0000000611c00000|  0%| F|  |TAMS 0x0000000611a00000, 0x0000000611a00000| Untracked 
|  43|0x0000000611c00000, 0x0000000611c00000, 0x0000000611e00000|  0%| F|  |TAMS 0x0000000611c00000, 0x0000000611c00000| Untracked 
|  44|0x0000000611e00000, 0x0000000611ff4560, 0x0000000612000000| 97%| O|  |TAMS 0x0000000611ff4560, 0x0000000611e00000| Untracked 
|  45|0x0000000612000000, 0x0000000612000000, 0x0000000612200000|  0%| F|  |TAMS 0x0000000612000000, 0x0000000612000000| Untracked 
|  46|0x0000000612200000, 0x0000000612200000, 0x0000000612400000|  0%| F|  |TAMS 0x0000000612200000, 0x0000000612200000| Untracked 
|  47|0x0000000612400000, 0x0000000612400000, 0x0000000612600000|  0%| F|  |TAMS 0x0000000612400000, 0x0000000612400000| Untracked 
|  48|0x0000000612600000, 0x0000000612600000, 0x0000000612800000|  0%| F|  |TAMS 0x0000000612600000, 0x0000000612600000| Untracked 
|  49|0x0000000612800000, 0x0000000612800000, 0x0000000612a00000|  0%| F|  |TAMS 0x0000000612800000, 0x0000000612800000| Untracked 
|  50|0x0000000612a00000, 0x0000000612a0b548, 0x0000000612c00000|  2%| S|CS|TAMS 0x0000000612a00000, 0x0000000612a00000| Complete 
|  51|0x0000000612c00000, 0x0000000612e00000, 0x0000000612e00000|100%| O|  |TAMS 0x0000000612e00000, 0x0000000612c00000| Untracked 
|  52|0x0000000612e00000, 0x0000000612e2eff8, 0x0000000613000000|  9%| O|  |TAMS 0x0000000612e2eff8, 0x0000000612e00000| Untracked 
|  53|0x0000000613000000, 0x0000000613000000, 0x0000000613200000|  0%| F|  |TAMS 0x0000000613000000, 0x0000000613000000| Untracked 
|  54|0x0000000613200000, 0x0000000613200000, 0x0000000613400000|  0%| F|  |TAMS 0x0000000613200000, 0x0000000613200000| Untracked 
|  55|0x0000000613400000, 0x0000000613400000, 0x0000000613600000|  0%| F|  |TAMS 0x0000000613400000, 0x0000000613400000| Untracked 
|  56|0x0000000613600000, 0x0000000613600000, 0x0000000613800000|  0%| F|  |TAMS 0x0000000613600000, 0x0000000613600000| Untracked 
|  57|0x0000000613800000, 0x0000000613800000, 0x0000000613a00000|  0%| F|  |TAMS 0x0000000613800000, 0x0000000613800000| Untracked 
|  58|0x0000000613a00000, 0x0000000613a00000, 0x0000000613c00000|  0%| F|  |TAMS 0x0000000613a00000, 0x0000000613a00000| Untracked 
|  59|0x0000000613c00000, 0x0000000613dff7d0, 0x0000000613e00000| 99%| O|  |TAMS 0x0000000613dff7d0, 0x0000000613c00000| Untracked 
|  60|0x0000000613e00000, 0x0000000614000000, 0x0000000614000000|100%| O|  |TAMS 0x0000000614000000, 0x0000000613e00000| Untracked 
|  61|0x0000000614000000, 0x0000000614068800, 0x0000000614200000| 20%| O|  |TAMS 0x0000000614068800, 0x0000000614000000| Untracked 
|  62|0x0000000614200000, 0x0000000614400000, 0x0000000614400000|100%| O|  |TAMS 0x0000000614400000, 0x0000000614200000| Untracked 
|  63|0x0000000614400000, 0x0000000614400000, 0x0000000614600000|  0%| F|  |TAMS 0x0000000614400000, 0x0000000614400000| Untracked 
|  64|0x0000000614600000, 0x0000000614600000, 0x0000000614800000|  0%| F|  |TAMS 0x0000000614600000, 0x0000000614600000| Untracked 
|  65|0x0000000614800000, 0x0000000614a00000, 0x0000000614a00000|100%|HS|  |TAMS 0x0000000614a00000, 0x0000000614800000| Complete 
|  66|0x0000000614a00000, 0x0000000614c00000, 0x0000000614c00000|100%|HC|  |TAMS 0x0000000614c00000, 0x0000000614a00000| Complete 
|  67|0x0000000614c00000, 0x0000000614e00000, 0x0000000614e00000|100%|HC|  |TAMS 0x0000000614e00000, 0x0000000614c00000| Complete 
|  68|0x0000000614e00000, 0x0000000615000000, 0x0000000615000000|100%|HS|  |TAMS 0x0000000615000000, 0x0000000614e00000| Complete 
|  69|0x0000000615000000, 0x0000000615200000, 0x0000000615200000|100%|HC|  |TAMS 0x0000000615200000, 0x0000000615000000| Complete 
|  70|0x0000000615200000, 0x0000000615400000, 0x0000000615400000|100%|HC|  |TAMS 0x0000000615400000, 0x0000000615200000| Complete 
|  71|0x0000000615400000, 0x0000000615600000, 0x0000000615600000|100%|HS|  |TAMS 0x0000000615600000, 0x0000000615400000| Complete 
|  72|0x0000000615600000, 0x0000000615800000, 0x0000000615800000|100%|HC|  |TAMS 0x0000000615800000, 0x0000000615600000| Complete 
|  73|0x0000000615800000, 0x0000000615a00000, 0x0000000615a00000|100%|HC|  |TAMS 0x0000000615a00000, 0x0000000615800000| Complete 
|  74|0x0000000615a00000, 0x0000000615a00000, 0x0000000615c00000|  0%| F|  |TAMS 0x0000000615a00000, 0x0000000615a00000| Untracked 
|  75|0x0000000615c00000, 0x0000000615c00000, 0x0000000615e00000|  0%| F|  |TAMS 0x0000000615c00000, 0x0000000615c00000| Untracked 
|  76|0x0000000615e00000, 0x0000000615e00000, 0x0000000616000000|  0%| F|  |TAMS 0x0000000615e00000, 0x0000000615e00000| Untracked 
|  77|0x0000000616000000, 0x0000000616200000, 0x0000000616200000|100%| O|  |TAMS 0x0000000616200000, 0x0000000616000000| Untracked 
|  78|0x0000000616200000, 0x0000000616200000, 0x0000000616400000|  0%| F|  |TAMS 0x0000000616200000, 0x0000000616200000| Untracked 
|  79|0x0000000616400000, 0x0000000616400000, 0x0000000616600000|  0%| F|  |TAMS 0x0000000616400000, 0x0000000616400000| Untracked 
|  80|0x0000000616600000, 0x0000000616600000, 0x0000000616800000|  0%| F|  |TAMS 0x0000000616600000, 0x0000000616600000| Untracked 
|  81|0x0000000616800000, 0x0000000616800000, 0x0000000616a00000|  0%| F|  |TAMS 0x0000000616800000, 0x0000000616800000| Untracked 
|  82|0x0000000616a00000, 0x0000000616a00000, 0x0000000616c00000|  0%| F|  |TAMS 0x0000000616a00000, 0x0000000616a00000| Untracked 
|  83|0x0000000616c00000, 0x0000000616c00000, 0x0000000616e00000|  0%| F|  |TAMS 0x0000000616c00000, 0x0000000616c00000| Untracked 
|  84|0x0000000616e00000, 0x0000000616e00000, 0x0000000617000000|  0%| F|  |TAMS 0x0000000616e00000, 0x0000000616e00000| Untracked 
|  85|0x0000000617000000, 0x0000000617000000, 0x0000000617200000|  0%| F|  |TAMS 0x0000000617000000, 0x0000000617000000| Untracked 
|  86|0x0000000617200000, 0x0000000617200000, 0x0000000617400000|  0%| F|  |TAMS 0x0000000617200000, 0x0000000617200000| Untracked 
|  87|0x0000000617400000, 0x0000000617400000, 0x0000000617600000|  0%| F|  |TAMS 0x0000000617400000, 0x0000000617400000| Untracked 
|  88|0x0000000617600000, 0x0000000617600000, 0x0000000617800000|  0%| F|  |TAMS 0x0000000617600000, 0x0000000617600000| Untracked 
|  89|0x0000000617800000, 0x0000000617800000, 0x0000000617a00000|  0%| F|  |TAMS 0x0000000617800000, 0x0000000617800000| Untracked 
|  90|0x0000000617a00000, 0x0000000617a00000, 0x0000000617c00000|  0%| F|  |TAMS 0x0000000617a00000, 0x0000000617a00000| Untracked 
|  91|0x0000000617c00000, 0x0000000617c00000, 0x0000000617e00000|  0%| F|  |TAMS 0x0000000617c00000, 0x0000000617c00000| Untracked 
|  92|0x0000000617e00000, 0x0000000617e00000, 0x0000000618000000|  0%| F|  |TAMS 0x0000000617e00000, 0x0000000617e00000| Untracked 
|  93|0x0000000618000000, 0x0000000618000000, 0x0000000618200000|  0%| F|  |TAMS 0x0000000618000000, 0x0000000618000000| Untracked 
|  94|0x0000000618200000, 0x0000000618200000, 0x0000000618400000|  0%| F|  |TAMS 0x0000000618200000, 0x0000000618200000| Untracked 
|  95|0x0000000618400000, 0x0000000618400000, 0x0000000618600000|  0%| F|  |TAMS 0x0000000618400000, 0x0000000618400000| Untracked 
|  96|0x0000000618600000, 0x0000000618600000, 0x0000000618800000|  0%| F|  |TAMS 0x0000000618600000, 0x0000000618600000| Untracked 
|  97|0x0000000618800000, 0x0000000618800000, 0x0000000618a00000|  0%| F|  |TAMS 0x0000000618800000, 0x0000000618800000| Untracked 
|  98|0x0000000618a00000, 0x0000000618a00000, 0x0000000618c00000|  0%| F|  |TAMS 0x0000000618a00000, 0x0000000618a00000| Untracked 
|  99|0x0000000618c00000, 0x0000000618c00000, 0x0000000618e00000|  0%| F|  |TAMS 0x0000000618c00000, 0x0000000618c00000| Untracked 
| 100|0x0000000618e00000, 0x0000000618e00000, 0x0000000619000000|  0%| F|  |TAMS 0x0000000618e00000, 0x0000000618e00000| Untracked 
| 101|0x0000000619000000, 0x0000000619000000, 0x0000000619200000|  0%| F|  |TAMS 0x0000000619000000, 0x0000000619000000| Untracked 
| 102|0x0000000619200000, 0x0000000619300800, 0x0000000619400000| 50%| E|  |TAMS 0x0000000619200000, 0x0000000619200000| Complete 
| 103|0x0000000619400000, 0x0000000619600000, 0x0000000619600000|100%| E|CS|TAMS 0x0000000619400000, 0x0000000619400000| Complete 
| 104|0x0000000619600000, 0x0000000619800000, 0x0000000619800000|100%| E|CS|TAMS 0x0000000619600000, 0x0000000619600000| Complete 
| 105|0x0000000619800000, 0x0000000619a00000, 0x0000000619a00000|100%| E|CS|TAMS 0x0000000619800000, 0x0000000619800000| Complete 
| 106|0x0000000619a00000, 0x0000000619c00000, 0x0000000619c00000|100%| E|CS|TAMS 0x0000000619a00000, 0x0000000619a00000| Complete 
| 107|0x0000000619c00000, 0x0000000619e00000, 0x0000000619e00000|100%| E|CS|TAMS 0x0000000619c00000, 0x0000000619c00000| Complete 
| 108|0x0000000619e00000, 0x000000061a000000, 0x000000061a000000|100%| E|CS|TAMS 0x0000000619e00000, 0x0000000619e00000| Complete 
| 109|0x000000061a000000, 0x000000061a200000, 0x000000061a200000|100%| E|CS|TAMS 0x000000061a000000, 0x000000061a000000| Complete 
| 110|0x000000061a200000, 0x000000061a400000, 0x000000061a400000|100%| E|CS|TAMS 0x000000061a200000, 0x000000061a200000| Complete 
| 111|0x000000061a400000, 0x000000061a600000, 0x000000061a600000|100%| E|CS|TAMS 0x000000061a400000, 0x000000061a400000| Complete 
| 112|0x000000061a600000, 0x000000061a800000, 0x000000061a800000|100%| E|CS|TAMS 0x000000061a600000, 0x000000061a600000| Complete 
| 113|0x000000061a800000, 0x000000061aa00000, 0x000000061aa00000|100%| E|CS|TAMS 0x000000061a800000, 0x000000061a800000| Complete 
| 114|0x000000061aa00000, 0x000000061ac00000, 0x000000061ac00000|100%| E|CS|TAMS 0x000000061aa00000, 0x000000061aa00000| Complete 
| 115|0x000000061ac00000, 0x000000061ae00000, 0x000000061ae00000|100%| E|CS|TAMS 0x000000061ac00000, 0x000000061ac00000| Complete 
| 116|0x000000061ae00000, 0x000000061b000000, 0x000000061b000000|100%| E|CS|TAMS 0x000000061ae00000, 0x000000061ae00000| Complete 
| 117|0x000000061b000000, 0x000000061b200000, 0x000000061b200000|100%| E|CS|TAMS 0x000000061b000000, 0x000000061b000000| Complete 
| 118|0x000000061b200000, 0x000000061b400000, 0x000000061b400000|100%| E|CS|TAMS 0x000000061b200000, 0x000000061b200000| Complete 
| 119|0x000000061b400000, 0x000000061b600000, 0x000000061b600000|100%| E|CS|TAMS 0x000000061b400000, 0x000000061b400000| Complete 
| 120|0x000000061b600000, 0x000000061b800000, 0x000000061b800000|100%| E|CS|TAMS 0x000000061b600000, 0x000000061b600000| Complete 
| 121|0x000000061b800000, 0x000000061ba00000, 0x000000061ba00000|100%| E|CS|TAMS 0x000000061b800000, 0x000000061b800000| Complete 
| 122|0x000000061ba00000, 0x000000061bc00000, 0x000000061bc00000|100%| E|CS|TAMS 0x000000061ba00000, 0x000000061ba00000| Complete 
| 123|0x000000061bc00000, 0x000000061be00000, 0x000000061be00000|100%| E|CS|TAMS 0x000000061bc00000, 0x000000061bc00000| Complete 
| 124|0x000000061be00000, 0x000000061c000000, 0x000000061c000000|100%| E|CS|TAMS 0x000000061be00000, 0x000000061be00000| Complete 
| 125|0x000000061c000000, 0x000000061c200000, 0x000000061c200000|100%| E|CS|TAMS 0x000000061c000000, 0x000000061c000000| Complete 
| 126|0x000000061c200000, 0x000000061c400000, 0x000000061c400000|100%| E|CS|TAMS 0x000000061c200000, 0x000000061c200000| Complete 
| 127|0x000000061c400000, 0x000000061c600000, 0x000000061c600000|100%| E|CS|TAMS 0x000000061c400000, 0x000000061c400000| Complete 
| 128|0x000000061c600000, 0x000000061c800000, 0x000000061c800000|100%| E|CS|TAMS 0x000000061c600000, 0x000000061c600000| Complete 
| 129|0x000000061c800000, 0x000000061ca00000, 0x000000061ca00000|100%| E|CS|TAMS 0x000000061c800000, 0x000000061c800000| Complete 
| 130|0x000000061ca00000, 0x000000061cc00000, 0x000000061cc00000|100%| E|CS|TAMS 0x000000061ca00000, 0x000000061ca00000| Complete 
| 131|0x000000061cc00000, 0x000000061ce00000, 0x000000061ce00000|100%| E|CS|TAMS 0x000000061cc00000, 0x000000061cc00000| Complete 
| 132|0x000000061ce00000, 0x000000061d000000, 0x000000061d000000|100%| E|CS|TAMS 0x000000061ce00000, 0x000000061ce00000| Complete 
| 133|0x000000061d000000, 0x000000061d200000, 0x000000061d200000|100%| E|CS|TAMS 0x000000061d000000, 0x000000061d000000| Complete 
| 134|0x000000061d200000, 0x000000061d400000, 0x000000061d400000|100%| E|CS|TAMS 0x000000061d200000, 0x000000061d200000| Complete 
| 135|0x000000061d400000, 0x000000061d600000, 0x000000061d600000|100%| E|CS|TAMS 0x000000061d400000, 0x000000061d400000| Complete 

Card table byte_map: [0x00007baca2000000,0x00007baca2f9d000] _byte_map_base: 0x00007bac9ef9d000

Marking Bits (Prev, Next): (CMBitMap*) 0x00007bacc006e0c0, (CMBitMap*) 0x00007bacc006e088
 Prev Bits: [0x00007bac91400000, 0x00007bac990e8000)
 Next Bits: [0x00007bac99200000, 0x00007baca0ee8000)

Polling page: 0x00007bacc9325000

Metaspace:

Usage:
  Non-class:     50.74 MB capacity,    50.00 MB ( 99%) used,   619.75 KB (  1%) free+waste,   128.88 KB ( <1%) overhead. 
      Class:      6.63 MB capacity,     5.37 MB ( 81%) used,     1.20 MB ( 18%) free+waste,    56.81 KB ( <1%) overhead. 
       Both:     57.37 MB capacity,    55.38 MB ( 97%) used,     1.81 MB (  3%) free+waste,   185.69 KB ( <1%) overhead. 

Virtual space:
  Non-class space:       52.00 MB reserved,      50.75 MB ( 98%) committed 
      Class space:        1.00 GB reserved,       6.75 MB ( <1%) committed 
             Both:        1.05 GB reserved,      57.50 MB (  5%) committed 

Chunk freelists:
   Non-Class:  15.00 KB
       Class:  25.00 KB
        Both:  40.00 KB

MaxMetaspaceSize: unlimited
CompressedClassSpaceSize: 1.00 GB
Initial GC threshold: 20.80 MB
Current GC threshold: 92.71 MB
CDS: off

CodeHeap 'non-profiled nmethods': size=120032Kb used=15990Kb max_used=17290Kb free=104041Kb
 bounds [0x00007bacb00c8000, 0x00007bacb11b8000, 0x00007bacb7600000]
CodeHeap 'profiled nmethods': size=120028Kb used=22271Kb max_used=23975Kb free=97756Kb
 bounds [0x00007baca8b91000, 0x00007bacaa301000, 0x00007bacb00c8000]
CodeHeap 'non-nmethods': size=5700Kb used=1760Kb max_used=1857Kb free=3939Kb
 bounds [0x00007baca8600000, 0x00007baca8870000, 0x00007baca8b91000]
 total_blobs=11691 nmethods=10598 adapters=1010
 compilation: enabled
              stopped_count=0, restarted_count=0
 full_count=0

Compilation events (20 events):
Event: 9452.380 Thread 0x00007bacc02f4000 13685       4       sun.awt.SunToolkit::showOrHideTouchKeyboard (1 bytes)
Event: 9452.380 Thread 0x00007bacc02f4000 nmethod 13685 0x00007bacb044fa10 code [0x00007bacb044fba0, 0x00007bacb044fbf8]
Event: 9455.107 Thread 0x00007bacc02f4000 13686       4       java.awt.EventQueue::dispatchEvent (80 bytes)
Event: 9455.107 Thread 0x00007bacc02f6000 13689       2       java.awt.EventQueue::dispatchEventImpl (136 bytes)
Event: 9455.111 Thread 0x00007bacc02f6000 nmethod 13689 0x00007baca927d490 code [0x00007baca927d740, 0x00007baca927e100]
Event: 9455.160 Thread 0x00007bacc02f4000 nmethod 13686 0x00007bacb08bde10 code [0x00007bacb08be040, 0x00007bacb08bec70]
Event: 9455.193 Thread 0x00007bacc02f4000 13690       4       java.awt.EventQueue$4::run (5 bytes)
Event: 9455.242 Thread 0x00007bacc02f4000 nmethod 13690 0x00007bacb0521510 code [0x00007bacb0521760, 0x00007bacb05222c8]
Event: 9455.688 Thread 0x00007bacc02f4000 13691   !   4       java.awt.EventDispatchThread::pumpOneEventForFilters (113 bytes)
Event: 9455.723 Thread 0x00007bacc02f4000 nmethod 13691 0x00007bacb0161810 code [0x00007bacb0161a60, 0x00007bacb01622e0]
Event: 9457.119 Thread 0x00007bacc02f6000 13692       3       sun.awt.im.InputContext::windowDeactivated (1 bytes)
Event: 9457.120 Thread 0x00007bacc02f6000 nmethod 13692 0x00007baca8e3fb90 code [0x00007baca8e3fd40, 0x00007baca8e3fe30]
Event: 9459.538 Thread 0x00007bacc02f4000 13693   !   4       java.awt.Container::dispatchEventImpl (129 bytes)
Event: 9459.685 Thread 0x00007bacc02f4000 nmethod 13693 0x00007bacb038d310 code [0x00007bacb038d640, 0x00007bacb038f1b8]
Event: 9472.869 Thread 0x00007bacc02f4000 13694       4       java.awt.Component::dispatchEventImpl (777 bytes)
Event: 9473.554 Thread 0x00007bacc02f4000 nmethod 13694 0x00007bacb07b3d90 code [0x00007bacb07b45c0, 0x00007bacb07bcef8]
Event: 9476.334 Thread 0x00007bacc02f6000 13695       3       java.awt.Component::processMouseEvent (100 bytes)
Event: 9476.336 Thread 0x00007bacc02f6000 nmethod 13695 0x00007baca90c5690 code [0x00007baca90c58a0, 0x00007baca90c6000]
Event: 9515.823 Thread 0x00007bacc02f4000 13696 %     4       java.awt.EventDispatchThread::pumpEventsForFilter @ 10 (47 bytes)
Event: 9515.880 Thread 0x00007bacc02f4000 nmethod 13696% 0x00007bacb0458610 code [0x00007bacb0458860, 0x00007bacb0459290]

GC Heap History (20 events):
Event: 9468.895 GC heap before
{Heap before GC invocations=3527 (full 9):
 garbage-first heap   total 278528K, used 241450K [0x000000060c600000, 0x0000000800000000)
  region size 2048K, 70 young (143360K), 1 survivors (2048K)
 Metaspace       used 56706K, capacity 58744K, committed 58880K, reserved 1101824K
  class space    used 5502K, capacity 6791K, committed 6912K, reserved 1048576K
}
Event: 9468.900 GC heap after
{Heap after GC invocations=3528 (full 9):
 garbage-first heap   total 278528K, used 100142K [0x000000060c600000, 0x0000000800000000)
  region size 2048K, 1 young (2048K), 1 survivors (2048K)
 Metaspace       used 56706K, capacity 58744K, committed 58880K, reserved 1101824K
  class space    used 5502K, capacity 6791K, committed 6912K, reserved 1048576K
}
Event: 9474.909 GC heap before
{Heap before GC invocations=3528 (full 9):
 garbage-first heap   total 278528K, used 241454K [0x000000060c600000, 0x0000000800000000)
  region size 2048K, 70 young (143360K), 1 survivors (2048K)
 Metaspace       used 56706K, capacity 58744K, committed 58880K, reserved 1101824K
  class space    used 5502K, capacity 6791K, committed 6912K, reserved 1048576K
}
Event: 9474.915 GC heap after
{Heap after GC invocations=3529 (full 9):
 garbage-first heap   total 278528K, used 100153K [0x000000060c600000, 0x0000000800000000)
  region size 2048K, 1 young (2048K), 1 survivors (2048K)
 Metaspace       used 56706K, capacity 58744K, committed 58880K, reserved 1101824K
  class space    used 5502K, capacity 6791K, committed 6912K, reserved 1048576K
}
Event: 9481.783 GC heap before
{Heap before GC invocations=3529 (full 9):
 garbage-first heap   total 278528K, used 241465K [0x000000060c600000, 0x0000000800000000)
  region size 2048K, 70 young (143360K), 1 survivors (2048K)
 Metaspace       used 56706K, capacity 58744K, committed 58880K, reserved 1101824K
  class space    used 5502K, capacity 6791K, committed 6912K, reserved 1048576K
}
Event: 9481.790 GC heap after
{Heap after GC invocations=3530 (full 9):
 garbage-first heap   total 278528K, used 100147K [0x000000060c600000, 0x0000000800000000)
  region size 2048K, 1 young (2048K), 1 survivors (2048K)
 Metaspace       used 56706K, capacity 58744K, committed 58880K, reserved 1101824K
  class space    used 5502K, capacity 6791K, committed 6912K, reserved 1048576K
}
Event: 9487.855 GC heap before
{Heap before GC invocations=3530 (full 9):
 garbage-first heap   total 278528K, used 241459K [0x000000060c600000, 0x0000000800000000)
  region size 2048K, 70 young (143360K), 1 survivors (2048K)
 Metaspace       used 56706K, capacity 58744K, committed 58880K, reserved 1101824K
  class space    used 5502K, capacity 6791K, committed 6912K, reserved 1048576K
}
Event: 9487.864 GC heap after
{Heap after GC invocations=3531 (full 9):
 garbage-first heap   total 278528K, used 100146K [0x000000060c600000, 0x0000000800000000)
  region size 2048K, 1 young (2048K), 1 survivors (2048K)
 Metaspace       used 56706K, capacity 58744K, committed 58880K, reserved 1101824K
  class space    used 5502K, capacity 6791K, committed 6912K, reserved 1048576K
}
Event: 9494.547 GC heap before
{Heap before GC invocations=3531 (full 9):
 garbage-first heap   total 278528K, used 241458K [0x000000060c600000, 0x0000000800000000)
  region size 2048K, 70 young (143360K), 1 survivors (2048K)
 Metaspace       used 56706K, capacity 58744K, committed 58880K, reserved 1101824K
  class space    used 5502K, capacity 6791K, committed 6912K, reserved 1048576K
}
Event: 9494.554 GC heap after
{Heap after GC invocations=3532 (full 9):
 garbage-first heap   total 278528K, used 100148K [0x000000060c600000, 0x0000000800000000)
  region size 2048K, 1 young (2048K), 1 survivors (2048K)
 Metaspace       used 56706K, capacity 58744K, committed 58880K, reserved 1101824K
  class space    used 5502K, capacity 6791K, committed 6912K, reserved 1048576K
}
Event: 9500.887 GC heap before
{Heap before GC invocations=3532 (full 9):
 garbage-first heap   total 278528K, used 241460K [0x000000060c600000, 0x0000000800000000)
  region size 2048K, 70 young (143360K), 1 survivors (2048K)
 Metaspace       used 56706K, capacity 58744K, committed 58880K, reserved 1101824K
  class space    used 5502K, capacity 6791K, committed 6912K, reserved 1048576K
}
Event: 9500.893 GC heap after
{Heap after GC invocations=3533 (full 9):
 garbage-first heap   total 278528K, used 100163K [0x000000060c600000, 0x0000000800000000)
  region size 2048K, 1 young (2048K), 1 survivors (2048K)
 Metaspace       used 56706K, capacity 58744K, committed 58880K, reserved 1101824K
  class space    used 5502K, capacity 6791K, committed 6912K, reserved 1048576K
}
Event: 9507.137 GC heap before
{Heap before GC invocations=3533 (full 9):
 garbage-first heap   total 278528K, used 241475K [0x000000060c600000, 0x0000000800000000)
  region size 2048K, 70 young (143360K), 1 survivors (2048K)
 Metaspace       used 56706K, capacity 58744K, committed 58880K, reserved 1101824K
  class space    used 5502K, capacity 6791K, committed 6912K, reserved 1048576K
}
Event: 9507.143 GC heap after
{Heap after GC invocations=3534 (full 9):
 garbage-first heap   total 278528K, used 100161K [0x000000060c600000, 0x0000000800000000)
  region size 2048K, 1 young (2048K), 1 survivors (2048K)
 Metaspace       used 56706K, capacity 58744K, committed 58880K, reserved 1101824K
  class space    used 5502K, capacity 6791K, committed 6912K, reserved 1048576K
}
Event: 9512.823 GC heap before
{Heap before GC invocations=3534 (full 9):
 garbage-first heap   total 278528K, used 241473K [0x000000060c600000, 0x0000000800000000)
  region size 2048K, 70 young (143360K), 1 survivors (2048K)
 Metaspace       used 56706K, capacity 58744K, committed 58880K, reserved 1101824K
  class space    used 5502K, capacity 6791K, committed 6912K, reserved 1048576K
}
Event: 9512.829 GC heap after
{Heap after GC invocations=3535 (full 9):
 garbage-first heap   total 278528K, used 100167K [0x000000060c600000, 0x0000000800000000)
  region size 2048K, 1 young (2048K), 1 survivors (2048K)
 Metaspace       used 56706K, capacity 58744K, committed 58880K, reserved 1101824K
  class space    used 5502K, capacity 6791K, committed 6912K, reserved 1048576K
}
Event: 9518.488 GC heap before
{Heap before GC invocations=3535 (full 9):
 garbage-first heap   total 278528K, used 241479K [0x000000060c600000, 0x0000000800000000)
  region size 2048K, 70 young (143360K), 1 survivors (2048K)
 Metaspace       used 56706K, capacity 58744K, committed 58880K, reserved 1101824K
  class space    used 5502K, capacity 6791K, committed 6912K, reserved 1048576K
}
Event: 9518.494 GC heap after
{Heap after GC invocations=3536 (full 9):
 garbage-first heap   total 278528K, used 100165K [0x000000060c600000, 0x0000000800000000)
  region size 2048K, 1 young (2048K), 1 survivors (2048K)
 Metaspace       used 56706K, capacity 58744K, committed 58880K, reserved 1101824K
  class space    used 5502K, capacity 6791K, committed 6912K, reserved 1048576K
}
Event: 9525.011 GC heap before
{Heap before GC invocations=3536 (full 9):
 garbage-first heap   total 278528K, used 241477K [0x000000060c600000, 0x0000000800000000)
  region size 2048K, 70 young (143360K), 1 survivors (2048K)
 Metaspace       used 56706K, capacity 58744K, committed 58880K, reserved 1101824K
  class space    used 5502K, capacity 6791K, committed 6912K, reserved 1048576K
}
Event: 9525.016 GC heap after
{Heap after GC invocations=3537 (full 9):
 garbage-first heap   total 278528K, used 100168K [0x000000060c600000, 0x0000000800000000)
  region size 2048K, 1 young (2048K), 1 survivors (2048K)
 Metaspace       used 56706K, capacity 58744K, committed 58880K, reserved 1101824K
  class space    used 5502K, capacity 6791K, committed 6912K, reserved 1048576K
}

Deoptimization events (20 events):
Event: 9448.285 Thread 0x00007bacc14a3800 DEOPT PACKING pc=0x00007bacb0dd44b8 sp=0x00007bac7f7fb560
Event: 9448.285 Thread 0x00007bacc14a3800 DEOPT UNPACKING pc=0x00007baca864a64a sp=0x00007bac7f7fab08 mode 0
Event: 9448.285 Thread 0x00007bacc14a3800 DEOPT PACKING pc=0x00007bacb10eb404 sp=0x00007bac7f7fb6c0
Event: 9448.285 Thread 0x00007bacc14a3800 DEOPT UNPACKING pc=0x00007baca864a64a sp=0x00007bac7f7fabe8 mode 0
Event: 9448.285 Thread 0x00007bacc14a3800 DEOPT PACKING pc=0x00007bacb0f191f4 sp=0x00007bac7f7fb780
Event: 9448.285 Thread 0x00007bacc14a3800 DEOPT UNPACKING pc=0x00007baca864a64a sp=0x00007bac7f7fac38 mode 0
Event: 9448.285 Thread 0x00007bacc14a3800 DEOPT PACKING pc=0x00007bacb0f21e64 sp=0x00007bac7f7fb860
Event: 9448.285 Thread 0x00007bacc14a3800 DEOPT UNPACKING pc=0x00007baca864a64a sp=0x00007bac7f7fac38 mode 0
Event: 9448.285 Thread 0x00007bacc14a3800 DEOPT PACKING pc=0x00007bacb0f1c1b0 sp=0x00007bac7f7fb930
Event: 9448.285 Thread 0x00007bacc14a3800 DEOPT UNPACKING pc=0x00007baca864a64a sp=0x00007bac7f7fada8 mode 0
Event: 9448.285 Thread 0x00007bacc14a3800 DEOPT PACKING pc=0x00007bacb0f1d11c sp=0x00007bac7f7fb9a0
Event: 9448.285 Thread 0x00007bacc14a3800 DEOPT UNPACKING pc=0x00007baca864a64a sp=0x00007bac7f7fadf8 mode 0
Event: 9448.285 Thread 0x00007bacc14a3800 DEOPT PACKING pc=0x00007bacb0f200d4 sp=0x00007bac7f7fcfd0
Event: 9448.285 Thread 0x00007bacc14a3800 DEOPT UNPACKING pc=0x00007baca864a64a sp=0x00007bac7f7fc380 mode 0
Event: 9448.285 Thread 0x00007bacc14a3800 DEOPT PACKING pc=0x00007bacb0f1ad54 sp=0x00007bac7f7fe640
Event: 9448.285 Thread 0x00007bacc14a3800 DEOPT UNPACKING pc=0x00007baca864a64a sp=0x00007bac7f7fdab8 mode 0
Event: 9448.285 Thread 0x00007bacc14a3800 DEOPT PACKING pc=0x00007bacb0f1d6b4 sp=0x00007bac7f7fe6e0
Event: 9448.285 Thread 0x00007bacc14a3800 DEOPT UNPACKING pc=0x00007baca864a64a sp=0x00007bac7f7fdba0 mode 0
Event: 9448.285 Thread 0x00007bacc14a3800 DEOPT PACKING pc=0x00007bacb0f25568 sp=0x00007bac7f7fe740
Event: 9448.285 Thread 0x00007bacc14a3800 DEOPT UNPACKING pc=0x00007baca864a64a sp=0x00007bac7f7fdc38 mode 0

Classes redefined (20 events):
Event: 4128.137 Thread 0x00007bacc02ce800 redefined class name=com.vis.core.view.D2.ui.glasses.CanvasGlass, count=1
Event: 4581.157 Thread 0x00007bacc02ce800 redefined class name=com.vis.core.view.D2.roi.ShapeRoi, count=7
Event: 5046.742 Thread 0x00007bacc02ce800 redefined class name=com.vis.core.view.D2.ui.glasses.CanvasGlass, count=2
Event: 5304.312 Thread 0x00007bacc02ce800 redefined class name=com.vis.core.view.D2.roi.ShapeRoi, count=8
Event: 5977.577 Thread 0x00007bacc02ce800 redefined class name=com.vis.core.view.D2.roi.ShapeRoi, count=9
Event: 6496.608 Thread 0x00007bacc02ce800 redefined class name=com.vis.core.view.D2.roi.RoiObjManager, count=1
Event: 6496.729 Thread 0x00007bacc02ce800 redefined class name=com.vis.core.view.D2.roi.RoiObjManager$1, count=1
Event: 6496.849 Thread 0x00007bacc02ce800 redefined class name=com.vis.core.view.D2.roi.RoiObjManager$2, count=1
Event: 6496.983 Thread 0x00007bacc02ce800 redefined class name=com.vis.core.view.D2.roi.RoiObjManager$DateInputVerifier, count=1
Event: 6497.114 Thread 0x00007bacc02ce800 redefined class name=com.vis.core.view.D2.roi.RoiObjManager$RoiFunctions, count=1
Event: 6509.939 Thread 0x00007bacc02ce800 redefined class name=com.vis.core.view.D2.roi.ShapeRoi, count=10
Event: 6630.007 Thread 0x00007bacc02ce800 redefined class name=com.vis.core.view.D2.roi.RoiObjManager, count=2
Event: 6630.130 Thread 0x00007bacc02ce800 redefined class name=com.vis.core.view.D2.roi.RoiObjManager$1, count=2
Event: 6630.244 Thread 0x00007bacc02ce800 redefined class name=com.vis.core.view.D2.roi.RoiObjManager$2, count=2
Event: 6630.375 Thread 0x00007bacc02ce800 redefined class name=com.vis.core.view.D2.roi.RoiObjManager$DateInputVerifier, count=2
Event: 6630.492 Thread 0x00007bacc02ce800 redefined class name=com.vis.core.view.D2.roi.RoiObjManager$RoiFunctions, count=2
Event: 6856.472 Thread 0x00007bacc02ce800 redefined class name=com.vis.core.view.D2.roi.RoiObj, count=3
Event: 6959.523 Thread 0x00007bacc02ce800 redefined class name=com.vis.core.view.D2.roi.ShapeRoi, count=12
Event: 7655.305 Thread 0x00007bacc02ce800 redefined class name=com.vis.core.view.D2.roi.ShapeRoi, count=13
Event: 8153.604 Thread 0x00007bacc02ce800 redefined class name=com.vis.core.view.D2.roi.ShapeRoi, count=14

Internal exceptions (20 events):
Event: 9250.072 Thread 0x00007bacc14a3800 Exception <a 'java/lang/NullPointerException'{0x000000061aa98568}> (0x000000061aa98568) thrown at [./src/hotspot/share/runtime/sharedRuntime.cpp, line 606]
Event: 9250.072 Thread 0x00007bacc14a3800 Implicit null exception at 0x00007bacaa2e263b to 0x00007bacaa2e28bf
Event: 9250.072 Thread 0x00007bacc14a3800 Exception <a 'java/lang/NullPointerException'{0x000000061aaa7e50}> (0x000000061aaa7e50) thrown at [./src/hotspot/share/runtime/sharedRuntime.cpp, line 606]
Event: 9250.072 Thread 0x00007bacc14a3800 Implicit null exception at 0x00007bacaa2e263b to 0x00007bacaa2e28bf
Event: 9250.072 Thread 0x00007bacc14a3800 Exception <a 'java/lang/NullPointerException'{0x000000061aab7738}> (0x000000061aab7738) thrown at [./src/hotspot/share/runtime/sharedRuntime.cpp, line 606]
Event: 9278.648 Thread 0x00007bacc14a3800 Exception <a 'java/lang/NullPointerException'{0x0000000615caa450}> (0x0000000615caa450) thrown at [./src/hotspot/share/interpreter/linkResolver.cpp, line 1358]
Event: 9278.687 Thread 0x00007bacc14a3800 Exception <a 'java/lang/NullPointerException'{0x0000000615cb9e18}> (0x0000000615cb9e18) thrown at [./src/hotspot/share/interpreter/linkResolver.cpp, line 1358]
Event: 9278.723 Thread 0x00007bacc14a3800 Exception <a 'java/lang/NullPointerException'{0x0000000615cc97e0}> (0x0000000615cc97e0) thrown at [./src/hotspot/share/interpreter/linkResolver.cpp, line 1358]
Event: 9306.923 Thread 0x00007bacc14a3800 Exception <a 'java/lang/NullPointerException'{0x0000000615ceb4d0}> (0x0000000615ceb4d0) thrown at [./src/hotspot/share/interpreter/linkResolver.cpp, line 1358]
Event: 9306.953 Thread 0x00007bacc14a3800 Exception <a 'java/lang/NullPointerException'{0x0000000615cfae98}> (0x0000000615cfae98) thrown at [./src/hotspot/share/interpreter/linkResolver.cpp, line 1358]
Event: 9306.984 Thread 0x00007bacc14a3800 Exception <a 'java/lang/NullPointerException'{0x0000000615d28488}> (0x0000000615d28488) thrown at [./src/hotspot/share/interpreter/linkResolver.cpp, line 1358]
Event: 9444.921 Thread 0x00007bacc14a3800 Exception <a 'java/lang/NullPointerException'{0x0000000615d897a8}> (0x0000000615d897a8) thrown at [./src/hotspot/share/interpreter/linkResolver.cpp, line 1358]
Event: 9444.950 Thread 0x00007bacc14a3800 Exception <a 'java/lang/NullPointerException'{0x0000000615d99170}> (0x0000000615d99170) thrown at [./src/hotspot/share/interpreter/linkResolver.cpp, line 1358]
Event: 9444.980 Thread 0x00007bacc14a3800 Exception <a 'java/lang/NullPointerException'{0x0000000615da8b38}> (0x0000000615da8b38) thrown at [./src/hotspot/share/interpreter/linkResolver.cpp, line 1358]
Event: 9445.057 Thread 0x00007bacc14a3800 Exception <a 'java/lang/NullPointerException'{0x0000000615dc89f0}> (0x0000000615dc89f0) thrown at [./src/hotspot/share/interpreter/linkResolver.cpp, line 1358]
Event: 9445.088 Thread 0x00007bacc14a3800 Exception <a 'java/lang/NullPointerException'{0x0000000615dd83b8}> (0x0000000615dd83b8) thrown at [./src/hotspot/share/interpreter/linkResolver.cpp, line 1358]
Event: 9445.119 Thread 0x00007bacc14a3800 Exception <a 'java/lang/NullPointerException'{0x0000000615de7d80}> (0x0000000615de7d80) thrown at [./src/hotspot/share/interpreter/linkResolver.cpp, line 1358]
Event: 9445.198 Thread 0x00007bacc14a3800 Exception <a 'java/lang/NullPointerException'{0x0000000615a14df0}> (0x0000000615a14df0) thrown at [./src/hotspot/share/interpreter/linkResolver.cpp, line 1358]
Event: 9445.229 Thread 0x00007bacc14a3800 Exception <a 'java/lang/NullPointerException'{0x0000000615a247b8}> (0x0000000615a247b8) thrown at [./src/hotspot/share/interpreter/linkResolver.cpp, line 1358]
Event: 9445.258 Thread 0x00007bacc14a3800 Exception <a 'java/lang/NullPointerException'{0x0000000615a34180}> (0x0000000615a34180) thrown at [./src/hotspot/share/interpreter/linkResolver.cpp, line 1358]

Events (20 events):
Event: 9527.799 Executing VM operation: GetFrameCount done
Event: 9527.799 Executing VM operation: GetStackTrace
Event: 9527.800 Executing VM operation: GetStackTrace done
Event: 9527.802 Executing VM operation: GetFrameCount
Event: 9527.803 Executing VM operation: GetFrameCount done
Event: 9527.803 Executing VM operation: GetOwnedMonitorInfo
Event: 9527.804 Executing VM operation: GetOwnedMonitorInfo done
Event: 9527.805 Executing VM operation: GetCurrentContendedMonitor
Event: 9527.805 Executing VM operation: GetCurrentContendedMonitor done
Event: 9527.806 Executing VM operation: GetOwnedMonitorInfo
Event: 9527.806 Executing VM operation: GetOwnedMonitorInfo done
Event: 9527.806 Executing VM operation: GetCurrentContendedMonitor
Event: 9527.807 Executing VM operation: GetCurrentContendedMonitor done
Event: 9527.809 Executing VM operation: GetCurrentContendedMonitor
Event: 9527.809 Executing VM operation: GetCurrentContendedMonitor done
Event: 9527.810 Executing VM operation: GetOwnedMonitorInfo
Event: 9527.810 Executing VM operation: GetOwnedMonitorInfo done
Event: 9528.413 Executing VM operation: GetFrameLocation
Event: 9528.414 Executing VM operation: GetFrameLocation done
Event: 9528.414 Executing VM operation: GetOrSetLocal


Dynamic libraries:
60c600000-61d600000 rw-p 00000000 00:00 0 
61d600000-800000000 ---p 00000000 00:00 0 
800000000-8006c0000 rw-p 00000000 00:00 0 
8006c0000-840000000 ---p 00000000 00:00 0 
5d55c8800000-5d55c8801000 r-xp 00000000 103:02 58199771                  /usr/lib/jvm/temurin-11-jdk-amd64/bin/java
5d55c8a01000-5d55c8a02000 r--p 00001000 103:02 58199771                  /usr/lib/jvm/temurin-11-jdk-amd64/bin/java
5d55c8a02000-5d55c8a03000 rw-p 00002000 103:02 58199771                  /usr/lib/jvm/temurin-11-jdk-amd64/bin/java
5d55c9a07000-5d55c9a28000 rw-p 00000000 00:00 0                          [heap]
7bab94000000-7bab9512e000 rw-p 00000000 00:00 0 
7bab9512e000-7bab98000000 ---p 00000000 00:00 0 
7bab9c000000-7bab9c021000 rw-p 00000000 00:00 0 
7bab9c021000-7baba0000000 ---p 00000000 00:00 0 
7baba0000000-7baba0021000 rw-p 00000000 00:00 0 
7baba0021000-7baba4000000 ---p 00000000 00:00 0 
7baba8000000-7babaaaf9000 rw-p 00000000 00:00 0 
7babaaaf9000-7babac000000 ---p 00000000 00:00 0 
7babac000000-7babac707000 rw-p 00000000 00:00 0 
7babac707000-7babb0000000 ---p 00000000 00:00 0 
7babb4000000-7babb4021000 rw-p 00000000 00:00 0 
7babb4021000-7babb8000000 ---p 00000000 00:00 0 
7babb8000000-7babbbc1d000 rw-p 00000000 00:00 0 
7babbbc1d000-7babbc000000 ---p 00000000 00:00 0 
7babc0000000-7babc0021000 rw-p 00000000 00:00 0 
7babc0021000-7babc4000000 ---p 00000000 00:00 0 
7babc4000000-7babc4188000 rw-p 00000000 00:00 0 
7babc4188000-7babc8000000 ---p 00000000 00:00 0 
7babcc000000-7babcda0b000 rw-p 00000000 00:00 0 
7babcda0b000-7babd0000000 ---p 00000000 00:00 0 
7babd0000000-7babd0021000 rw-p 00000000 00:00 0 
7babd0021000-7babd4000000 ---p 00000000 00:00 0 
7babd8000000-7babd805d000 rw-p 00000000 00:00 0 
7babd805d000-7babdc000000 ---p 00000000 00:00 0 
7babdc000000-7babdc02a000 rw-p 00000000 00:00 0 
7babdc02a000-7babe0000000 ---p 00000000 00:00 0 
7babe4000000-7babe4078000 rw-p 00000000 00:00 0 
7babe4078000-7babe8000000 ---p 00000000 00:00 0 
7babe8000000-7babe804d000 rw-p 00000000 00:00 0 
7babe804d000-7babec000000 ---p 00000000 00:00 0 
7babf0000000-7babf0064000 rw-p 00000000 00:00 0 
7babf0064000-7babf4000000 ---p 00000000 00:00 0 
7babf4000000-7babf402e000 rw-p 00000000 00:00 0 
7babf402e000-7babf8000000 ---p 00000000 00:00 0 
7babfc000000-7babfc021000 rw-p 00000000 00:00 0 
7babfc021000-7bac00000000 ---p 00000000 00:00 0 
7bac00000000-7bac00322000 rw-p 00000000 00:00 0 
7bac00322000-7bac04000000 ---p 00000000 00:00 0 
7bac08000000-7bac08224000 rw-p 00000000 00:00 0 
7bac08224000-7bac0c000000 ---p 00000000 00:00 0 
7bac0c000000-7bac0c035000 rw-p 00000000 00:00 0 
7bac0c035000-7bac10000000 ---p 00000000 00:00 0 
7bac14000000-7bac14021000 rw-p 00000000 00:00 0 
7bac14021000-7bac18000000 ---p 00000000 00:00 0 
7bac18000000-7bac18021000 rw-p 00000000 00:00 0 
7bac18021000-7bac1c000000 ---p 00000000 00:00 0 
7bac20000000-7bac20021000 rw-p 00000000 00:00 0 
7bac20021000-7bac24000000 ---p 00000000 00:00 0 
7bac24000000-7bac24021000 rw-p 00000000 00:00 0 
7bac24021000-7bac28000000 ---p 00000000 00:00 0 
7bac2c000000-7bac2c021000 rw-p 00000000 00:00 0 
7bac2c021000-7bac30000000 ---p 00000000 00:00 0 
7bac30000000-7bac30021000 rw-p 00000000 00:00 0 
7bac30021000-7bac34000000 ---p 00000000 00:00 0 
7bac38000000-7bac38084000 rw-p 00000000 00:00 0 
7bac38084000-7bac3c000000 ---p 00000000 00:00 0 
7bac3c000000-7bac3c0f9000 rw-p 00000000 00:00 0 
7bac3c0f9000-7bac40000000 ---p 00000000 00:00 0 
7bac44000000-7bac44021000 rw-p 00000000 00:00 0 
7bac44021000-7bac48000000 ---p 00000000 00:00 0 
7bac48000000-7bac48021000 rw-p 00000000 00:00 0 
7bac48021000-7bac4c000000 ---p 00000000 00:00 0 
7bac50000000-7bac50981000 rw-p 00000000 00:00 0 
7bac50981000-7bac54000000 ---p 00000000 00:00 0 
7bac54000000-7bac57ffa000 rw-p 00000000 00:00 0 
7bac57ffa000-7bac58000000 ---p 00000000 00:00 0 
7bac5c000000-7bac5c021000 rw-p 00000000 00:00 0 
7bac5c021000-7bac60000000 ---p 00000000 00:00 0 
7bac60000000-7bac60021000 rw-p 00000000 00:00 0 
7bac60021000-7bac64000000 ---p 00000000 00:00 0 
7bac68000000-7bac68021000 rw-p 00000000 00:00 0 
7bac68021000-7bac6c000000 ---p 00000000 00:00 0 
7bac6c000000-7bac6c021000 rw-p 00000000 00:00 0 
7bac6c021000-7bac70000000 ---p 00000000 00:00 0 
7bac70800000-7bac708c0000 rw-p 00000000 00:00 0 
7bac708c0000-7bac70a00000 ---p 00000000 00:00 0 
7bac70b73000-7bac71000000 rw-s 00000000 00:01 32807                      /SYSV00000000 (deleted)
7bac71000000-7bac711c0000 rw-p 00000000 00:00 0 
7bac711c0000-7bac713c0000 rw-p 00000000 00:00 0 
7bac713c0000-7bac715c0000 rw-p 00000000 00:00 0 
7bac715c0000-7bac717c0000 rw-p 00000000 00:00 0 
7bac717c0000-7bac719c0000 rw-p 00000000 00:00 0 
7bac719c0000-7bac71bc0000 rw-p 00000000 00:00 0 
7bac71bc0000-7bac71dc0000 rw-p 00000000 00:00 0 
7bac71dc0000-7bac72000000 rw-p 00000000 00:00 0 
7bac72000000-7bac72002000 r-xp 00000000 103:02 58603494                  /usr/lib/jvm/temurin-11-jdk-amd64/lib/libextnet.so
7bac72002000-7bac72201000 ---p 00002000 103:02 58603494                  /usr/lib/jvm/temurin-11-jdk-amd64/lib/libextnet.so
7bac72201000-7bac72202000 r--p 00001000 103:02 58603494                  /usr/lib/jvm/temurin-11-jdk-amd64/lib/libextnet.so
7bac72202000-7bac72203000 rw-p 00002000 103:02 58603494                  /usr/lib/jvm/temurin-11-jdk-amd64/lib/libextnet.so
7bac72600000-7bac727c0000 rw-p 00000000 00:00 0 
7bac727c0000-7bac729c0000 rw-p 00000000 00:00 0 
7bac729c0000-7bac72c00000 rw-p 00000000 00:00 0 
7bac72e00000-7bac73000000 rw-p 00000000 00:00 0 
7bac73000000-7bac7314b000 r--p 00000000 103:02 48502524                  /home/tatsunidas/graphy-workspace3/graphy/native/native_opencv/linux-x86-64/libopencv_java.so
7bac7314b000-7bac73bb8000 r-xp 0014b000 103:02 48502524                  /home/tatsunidas/graphy-workspace3/graphy/native/native_opencv/linux-x86-64/libopencv_java.so
7bac73bb8000-7bac73e72000 r--p 00bb8000 103:02 48502524                  /home/tatsunidas/graphy-workspace3/graphy/native/native_opencv/linux-x86-64/libopencv_java.so
7bac73e72000-7bac73e73000 ---p 00e72000 103:02 48502524                  /home/tatsunidas/graphy-workspace3/graphy/native/native_opencv/linux-x86-64/libopencv_java.so
7bac73e73000-7bac73ead000 r--p 00e72000 103:02 48502524                  /home/tatsunidas/graphy-workspace3/graphy/native/native_opencv/linux-x86-64/libopencv_java.so
7bac73ead000-7bac73ebb000 rw-p 00eac000 103:02 48502524                  /home/tatsunidas/graphy-workspace3/graphy/native/native_opencv/linux-x86-64/libopencv_java.so
7bac73ebb000-7bac73f6c000 rw-p 00000000 00:00 0 
7bac74000000-7bac75936000 rw-p 00000000 00:00 0 
7bac75936000-7bac78000000 ---p 00000000 00:00 0 
7bac78000000-7bac78021000 rw-p 00000000 00:00 0 
7bac78021000-7bac7c000000 ---p 00000000 00:00 0 
7bac7c200000-7bac7c3c0000 rw-p 00000000 00:00 0 
7bac7c3c0000-7bac7c5c0000 rw-p 00000000 00:00 0 
7bac7c5c0000-7bac7c7c0000 rw-p 00000000 00:00 0 
7bac7c7c0000-7bac7ca00000 rw-p 00000000 00:00 0 
7bac7ca00000-7bac7cb32000 r-xp 00000000 103:02 48502523                  /home/tatsunidas/graphy-workspace3/graphy/native/native_opencv/linux-x86-64/libclib_jiio.so
7bac7cb32000-7bac7cc31000 ---p 00132000 103:02 48502523                  /home/tatsunidas/graphy-workspace3/graphy/native/native_opencv/linux-x86-64/libclib_jiio.so
7bac7cc31000-7bac7cc35000 rw-p 00131000 103:02 48502523                  /home/tatsunidas/graphy-workspace3/graphy/native/native_opencv/linux-x86-64/libclib_jiio.so
7bac7ce00000-7bac7ce05000 r-xp 00000000 103:02 58603511                  /usr/lib/jvm/temurin-11-jdk-amd64/lib/libmanagement_ext.so
7bac7ce05000-7bac7d005000 ---p 00005000 103:02 58603511                  /usr/lib/jvm/temurin-11-jdk-amd64/lib/libmanagement_ext.so
7bac7d005000-7bac7d006000 r--p 00005000 103:02 58603511                  /usr/lib/jvm/temurin-11-jdk-amd64/lib/libmanagement_ext.so
7bac7d006000-7bac7d007000 rw-p 00006000 103:02 58603511                  /usr/lib/jvm/temurin-11-jdk-amd64/lib/libmanagement_ext.so
7bac7d400000-7bac7d404000 r-xp 00000000 103:02 58603509                  /usr/lib/jvm/temurin-11-jdk-amd64/lib/libmanagement.so
7bac7d404000-7bac7d603000 ---p 00004000 103:02 58603509                  /usr/lib/jvm/temurin-11-jdk-amd64/lib/libmanagement.so
7bac7d603000-7bac7d604000 r--p 00003000 103:02 58603509                  /usr/lib/jvm/temurin-11-jdk-amd64/lib/libmanagement.so
7bac7d604000-7bac7d605000 rw-p 00004000 103:02 58603509                  /usr/lib/jvm/temurin-11-jdk-amd64/lib/libmanagement.so
7bac7d8ff000-7bac7d900000 ---p 00000000 00:00 0 
7bac7d900000-7bac7da00000 rw-p 00000000 00:00 0 
7bac7da00000-7bac7da01000 ---p 00000000 00:00 0 
7bac7da01000-7bac7e201000 rw-p 00000000 00:00 0 
7bac7e2ff000-7bac7e300000 ---p 00000000 00:00 0 
7bac7e300000-7bac7e400000 rw-p 00000000 00:00 0 
7bac7e400000-7bac7e401000 ---p 00000000 00:00 0 
7bac7e401000-7bac7ec01000 rw-p 00000000 00:00 0 
7bac7ecff000-7bac7ed00000 ---p 00000000 00:00 0 
7bac7ed00000-7bac7ee00000 rw-p 00000000 00:00 0 
7bac7ee00000-7bac7ee01000 ---p 00000000 00:00 0 
7bac7ee01000-7bac7f601000 rw-p 00000000 00:00 0 
7bac7f700000-7bac7f704000 ---p 00000000 00:00 0 
7bac7f704000-7bac7f800000 rw-p 00000000 00:00 0 
7bac7f800000-7bac7fa59000 r-xp 00000000 103:02 58603495                  /usr/lib/jvm/temurin-11-jdk-amd64/lib/libfontmanager.so
7bac7fa59000-7bac7fc58000 ---p 00259000 103:02 58603495                  /usr/lib/jvm/temurin-11-jdk-amd64/lib/libfontmanager.so
7bac7fc58000-7bac7fc5a000 r--p 00258000 103:02 58603495                  /usr/lib/jvm/temurin-11-jdk-amd64/lib/libfontmanager.so
7bac7fc5a000-7bac7fc5b000 rw-p 0025a000 103:02 58603495                  /usr/lib/jvm/temurin-11-jdk-amd64/lib/libfontmanager.so
7bac7fc5b000-7bac7fc5c000 rw-p 00000000 00:00 0 
7bac7fcb0000-7bac7fcb4000 ---p 00000000 00:00 0 
7bac7fcb4000-7bac7fdb0000 rw-p 00000000 00:00 0 
7bac7fdb0000-7bac7fdb4000 ---p 00000000 00:00 0 
7bac7fdb4000-7bac7feb0000 rw-p 00000000 00:00 0 
7bac7ff00000-7bac7ff04000 ---p 00000000 00:00 0 
7bac7ff04000-7bac80000000 rw-p 00000000 00:00 0 
7bac80000000-7bac80021000 rw-p 00000000 00:00 0 
7bac80021000-7bac84000000 ---p 00000000 00:00 0 
7bac84000000-7bac84021000 rw-p 00000000 00:00 0 
7bac84021000-7bac88000000 ---p 00000000 00:00 0 
7bac88000000-7bac88004000 ---p 00000000 00:00 0 
7bac88004000-7bac88100000 rw-p 00000000 00:00 0 
7bac88100000-7bac88104000 ---p 00000000 00:00 0 
7bac88104000-7bac88200000 rw-p 00000000 00:00 0 
7bac88200000-7bac883c0000 rw-p 00000000 00:00 0 
7bac883c0000-7bac885c0000 rw-p 00000000 00:00 0 
7bac885c0000-7bac88800000 rw-p 00000000 00:00 0 
7bac88800000-7bac8885e000 r-xp 00000000 103:02 58603492                  /usr/lib/jvm/temurin-11-jdk-amd64/lib/libawt_xawt.so
7bac8885e000-7bac88a5e000 ---p 0005e000 103:02 58603492                  /usr/lib/jvm/temurin-11-jdk-amd64/lib/libawt_xawt.so
7bac88a5e000-7bac88a5f000 r--p 0005e000 103:02 58603492                  /usr/lib/jvm/temurin-11-jdk-amd64/lib/libawt_xawt.so
7bac88a5f000-7bac88a61000 rw-p 0005f000 103:02 58603492                  /usr/lib/jvm/temurin-11-jdk-amd64/lib/libawt_xawt.so
7bac88a61000-7bac88a63000 rw-p 00000000 00:00 0 
7bac88afd000-7bac88afe000 ---p 00000000 00:00 0 
7bac88afe000-7bac88bfe000 rw-p 00000000 00:00 0 
7bac88bfe000-7bac88bff000 ---p 00000000 00:00 0 
7bac88bff000-7bac88cff000 rw-p 00000000 00:00 0 
7bac88cff000-7bac88d00000 ---p 00000000 00:00 0 
7bac88d00000-7bac88e00000 rw-p 00000000 00:00 0 
7bac88e00000-7bac88e9e000 r-xp 00000000 103:02 58603490                  /usr/lib/jvm/temurin-11-jdk-amd64/lib/libawt.so
7bac88e9e000-7bac8909e000 ---p 0009e000 103:02 58603490                  /usr/lib/jvm/temurin-11-jdk-amd64/lib/libawt.so
7bac8909e000-7bac8909f000 r--p 0009e000 103:02 58603490                  /usr/lib/jvm/temurin-11-jdk-amd64/lib/libawt.so
7bac8909f000-7bac890aa000 rw-p 0009f000 103:02 58603490                  /usr/lib/jvm/temurin-11-jdk-amd64/lib/libawt.so
7bac890aa000-7bac890cf000 rw-p 00000000 00:00 0 
7bac890fd000-7bac890fe000 ---p 00000000 00:00 0 
7bac890fe000-7bac891fe000 rw-p 00000000 00:00 0 
7bac891fe000-7bac891ff000 ---p 00000000 00:00 0 
7bac891ff000-7bac892ff000 rw-p 00000000 00:00 0 
7bac892ff000-7bac89300000 ---p 00000000 00:00 0 
7bac89300000-7bac89400000 rw-p 00000000 00:00 0 
7bac89400000-7bac89415000 r-xp 00000000 103:02 58603513                  /usr/lib/jvm/temurin-11-jdk-amd64/lib/libnet.so
7bac89415000-7bac89614000 ---p 00015000 103:02 58603513                  /usr/lib/jvm/temurin-11-jdk-amd64/lib/libnet.so
7bac89614000-7bac89615000 r--p 00014000 103:02 58603513                  /usr/lib/jvm/temurin-11-jdk-amd64/lib/libnet.so
7bac89615000-7bac89616000 rw-p 00015000 103:02 58603513                  /usr/lib/jvm/temurin-11-jdk-amd64/lib/libnet.so
7bac896fe000-7bac896ff000 ---p 00000000 00:00 0 
7bac896ff000-7bac897ff000 rw-p 00000000 00:00 0 
7bac897ff000-7bac89800000 ---p 00000000 00:00 0 
7bac89800000-7bac89900000 rw-p 00000000 00:00 0 
7bac89900000-7bac89904000 ---p 00000000 00:00 0 
7bac89904000-7bac89a00000 rw-p 00000000 00:00 0 
7bac89a00000-7bac89a10000 r-xp 00000000 103:02 58603514                  /usr/lib/jvm/temurin-11-jdk-amd64/lib/libnio.so
7bac89a10000-7bac89c0f000 ---p 00010000 103:02 58603514                  /usr/lib/jvm/temurin-11-jdk-amd64/lib/libnio.so
7bac89c0f000-7bac89c10000 r--p 0000f000 103:02 58603514                  /usr/lib/jvm/temurin-11-jdk-amd64/lib/libnio.so
7bac89c10000-7bac89c11000 rw-p 00010000 103:02 58603514                  /usr/lib/jvm/temurin-11-jdk-amd64/lib/libnio.so
7bac89d00000-7bac89d04000 ---p 00000000 00:00 0 
7bac89d04000-7bac89e00000 rw-p 00000000 00:00 0 
7bac89e00000-7bac89e04000 ---p 00000000 00:00 0 
7bac89e04000-7bac89f00000 rw-p 00000000 00:00 0 
7bac89f00000-7bac89f04000 ---p 00000000 00:00 0 
7bac89f04000-7bac8a000000 rw-p 00000000 00:00 0 
7bac8a000000-7bac8c000000 rw-p 00000000 00:00 0 
7bac8c000000-7bac8c021000 rw-p 00000000 00:00 0 
7bac8c021000-7bac90000000 ---p 00000000 00:00 0 
7bac90026000-7bac9005e000 r--p 00000000 103:02 58198193                  /usr/lib/x86_64-linux-gnu/libgio-2.0.so.0.7200.4
7bac9005e000-7bac9016f000 r-xp 00038000 103:02 58198193                  /usr/lib/x86_64-linux-gnu/libgio-2.0.so.0.7200.4
7bac9016f000-7bac901f5000 r--p 00149000 103:02 58198193                  /usr/lib/x86_64-linux-gnu/libgio-2.0.so.0.7200.4
7bac901f5000-7bac901fd000 r--p 001ce000 103:02 58198193                  /usr/lib/x86_64-linux-gnu/libgio-2.0.so.0.7200.4
7bac901fd000-7bac901fe000 rw-p 001d6000 103:02 58198193                  /usr/lib/x86_64-linux-gnu/libgio-2.0.so.0.7200.4
7bac901fe000-7bac903c0000 rw-p 00000000 00:00 0 
7bac903c0000-7bac90600000 rw-p 00000000 00:00 0 
7bac90600000-7bac90604000 r-xp 00000000 103:02 58603493                  /usr/lib/jvm/temurin-11-jdk-amd64/lib/libdt_socket.so
7bac90604000-7bac90804000 ---p 00004000 103:02 58603493                  /usr/lib/jvm/temurin-11-jdk-amd64/lib/libdt_socket.so
7bac90804000-7bac90805000 r--p 00004000 103:02 58603493                  /usr/lib/jvm/temurin-11-jdk-amd64/lib/libdt_socket.so
7bac90805000-7bac90806000 rw-p 00005000 103:02 58603493                  /usr/lib/jvm/temurin-11-jdk-amd64/lib/libdt_socket.so
7bac90885000-7bac908a2000 r--p 00000000 103:02 58198200                  /usr/lib/x86_64-linux-gnu/libglib-2.0.so.0.7200.4
7bac908a2000-7bac90931000 r-xp 0001d000 103:02 58198200                  /usr/lib/x86_64-linux-gnu/libglib-2.0.so.0.7200.4
7bac90931000-7bac909bb000 r--p 000ac000 103:02 58198200                  /usr/lib/x86_64-linux-gnu/libglib-2.0.so.0.7200.4
7bac909bb000-7bac909bc000 ---p 00136000 103:02 58198200                  /usr/lib/x86_64-linux-gnu/libglib-2.0.so.0.7200.4
7bac909bc000-7bac909bd000 r--p 00136000 103:02 58198200                  /usr/lib/x86_64-linux-gnu/libglib-2.0.so.0.7200.4
7bac909bd000-7bac909be000 rw-p 00137000 103:02 58198200                  /usr/lib/x86_64-linux-gnu/libglib-2.0.so.0.7200.4
7bac909be000-7bac909bf000 rw-p 00000000 00:00 0 
7bac909bf000-7bac909d8000 r--p 00000000 103:02 58196239                  /usr/lib/x86_64-linux-gnu/libX11.so.6.4.0
7bac909d8000-7bac90a64000 r-xp 00019000 103:02 58196239                  /usr/lib/x86_64-linux-gnu/libX11.so.6.4.0
7bac90a64000-7bac90af9000 r--p 000a5000 103:02 58196239                  /usr/lib/x86_64-linux-gnu/libX11.so.6.4.0
7bac90af9000-7bac90afa000 ---p 0013a000 103:02 58196239                  /usr/lib/x86_64-linux-gnu/libX11.so.6.4.0
7bac90afa000-7bac90afb000 r--p 0013a000 103:02 58196239                  /usr/lib/x86_64-linux-gnu/libX11.so.6.4.0
7bac90afb000-7bac90aff000 rw-p 0013b000 103:02 58196239                  /usr/lib/x86_64-linux-gnu/libX11.so.6.4.0
7bac90aff000-7bac90b00000 ---p 00000000 00:00 0 
7bac90b00000-7bac90c00000 rw-p 00000000 00:00 0 
7bac90c00000-7bac91279000 r--p 00000000 103:02 58196334                  /usr/lib/locale/locale-archive
7bac91300000-7bac91304000 ---p 00000000 00:00 0 
7bac91304000-7bac91400000 rw-p 00000000 00:00 0 
7bac91400000-7bac91840000 rw-p 00000000 00:00 0 
7bac91840000-7bac990e8000 ---p 00000000 00:00 0 
7bac99100000-7bac99104000 ---p 00000000 00:00 0 
7bac99104000-7bac99200000 rw-p 00000000 00:00 0 
7bac99200000-7bac99640000 rw-p 00000000 00:00 0 
7bac99640000-7baca0ee8000 ---p 00000000 00:00 0 
7baca0f00000-7baca0f04000 ---p 00000000 00:00 0 
7baca0f04000-7baca1000000 rw-p 00000000 00:00 0 
7baca1000000-7baca1088000 rw-p 00000000 00:00 0 
7baca1088000-7baca1f9d000 ---p 00000000 00:00 0 
7baca2000000-7baca2088000 rw-p 00000000 00:00 0 
7baca2088000-7baca2f9d000 ---p 00000000 00:00 0 
7baca3000000-7baca3088000 rw-p 00000000 00:00 0 
7baca3088000-7baca3f9d000 ---p 00000000 00:00 0 
7baca4000000-7baca403e000 rw-p 00000000 00:00 0 
7baca403e000-7baca8000000 ---p 00000000 00:00 0 
7baca8000000-7baca8004000 ---p 00000000 00:00 0 
7baca8004000-7baca8100000 rw-p 00000000 00:00 0 
7baca8100000-7baca8104000 ---p 00000000 00:00 0 
7baca8104000-7baca8200000 rw-p 00000000 00:00 0 
7baca8200000-7baca8204000 ---p 00000000 00:00 0 
7baca8204000-7baca8300000 rw-p 00000000 00:00 0 
7baca8300000-7baca8304000 ---p 00000000 00:00 0 
7baca8304000-7baca8400000 rw-p 00000000 00:00 0 
7baca8400000-7baca8404000 ---p 00000000 00:00 0 
7baca8404000-7baca8500000 rw-p 00000000 00:00 0 
7baca8500000-7baca8504000 ---p 00000000 00:00 0 
7baca8504000-7baca8600000 rw-p 00000000 00:00 0 
7baca8600000-7baca8870000 rwxp 00000000 00:00 0 
7baca8870000-7baca8b91000 ---p 00000000 00:00 0 
7baca8b91000-7bacaa301000 rwxp 00000000 00:00 0 
7bacaa301000-7bacb00c8000 ---p 00000000 00:00 0 
7bacb00c8000-7bacb11b8000 rwxp 00000000 00:00 0 
7bacb11b8000-7bacb7600000 ---p 00000000 00:00 0 
7bacb7600000-7bacbfe31000 r--s 00000000 103:02 58603524                  /usr/lib/jvm/temurin-11-jdk-amd64/lib/modules
7bacbff00000-7bacbff04000 ---p 00000000 00:00 0 
7bacbff04000-7bacc0000000 rw-p 00000000 00:00 0 
7bacc0000000-7bacc14da000 rw-p 00000000 00:00 0 
7bacc14da000-7bacc4000000 ---p 00000000 00:00 0 
7bacc4000000-7bacc4004000 ---p 00000000 00:00 0 
7bacc4004000-7bacc4100000 rw-p 00000000 00:00 0 
7bacc4100000-7bacc4104000 ---p 00000000 00:00 0 
7bacc4104000-7bacc4200000 rw-p 00000000 00:00 0 
7bacc4200000-7bacc4a00000 rw-p 00000000 00:00 0 
7bacc4afd000-7bacc4afe000 ---p 00000000 00:00 0 
7bacc4afe000-7bacc4bfe000 rw-p 00000000 00:00 0 
7bacc4bfe000-7bacc4bff000 ---p 00000000 00:00 0 
7bacc4bff000-7bacc4cff000 rw-p 00000000 00:00 0 
7bacc4cff000-7bacc4d00000 ---p 00000000 00:00 0 
7bacc4d00000-7bacc4e00000 rw-p 00000000 00:00 0 
7bacc4e00000-7bacc4e1b000 r-xp 00000000 103:02 58603523                  /usr/lib/jvm/temurin-11-jdk-amd64/lib/libzip.so
7bacc4e1b000-7bacc501a000 ---p 0001b000 103:02 58603523                  /usr/lib/jvm/temurin-11-jdk-amd64/lib/libzip.so
7bacc501a000-7bacc501b000 r--p 0001a000 103:02 58603523                  /usr/lib/jvm/temurin-11-jdk-amd64/lib/libzip.so
7bacc501b000-7bacc501c000 rw-p 0001b000 103:02 58603523                  /usr/lib/jvm/temurin-11-jdk-amd64/lib/libzip.so
7bacc505e000-7bacc5060000 r--p 00000000 103:02 58222534                  /usr/lib/x86_64-linux-gnu/libXfixes.so.3.1.0
7bacc5060000-7bacc5063000 r-xp 00002000 103:02 58222534                  /usr/lib/x86_64-linux-gnu/libXfixes.so.3.1.0
7bacc5063000-7bacc5064000 r--p 00005000 103:02 58222534                  /usr/lib/x86_64-linux-gnu/libXfixes.so.3.1.0
7bacc5064000-7bacc5065000 r--p 00006000 103:02 58222534                  /usr/lib/x86_64-linux-gnu/libXfixes.so.3.1.0
7bacc5065000-7bacc5066000 rw-p 00007000 103:02 58222534                  /usr/lib/x86_64-linux-gnu/libXfixes.so.3.1.0
7bacc5066000-7bacc5068000 r--p 00000000 103:02 58223675                  /usr/lib/x86_64-linux-gnu/libpcre2-8.so.0.10.4
7bacc5068000-7bacc50d3000 r-xp 00002000 103:02 58223675                  /usr/lib/x86_64-linux-gnu/libpcre2-8.so.0.10.4
7bacc50d3000-7bacc50fb000 r--p 0006d000 103:02 58223675                  /usr/lib/x86_64-linux-gnu/libpcre2-8.so.0.10.4
7bacc50fb000-7bacc50fc000 r--p 00094000 103:02 58223675                  /usr/lib/x86_64-linux-gnu/libpcre2-8.so.0.10.4
7bacc50fc000-7bacc50fd000 rw-p 00095000 103:02 58223675                  /usr/lib/x86_64-linux-gnu/libpcre2-8.so.0.10.4
7bacc50fd000-7bacc5400000 rw-p 00000000 00:00 0 
7bacc5400000-7bacc540a000 r-xp 00000000 103:02 58603496                  /usr/lib/jvm/temurin-11-jdk-amd64/lib/libinstrument.so
7bacc540a000-7bacc5609000 ---p 0000a000 103:02 58603496                  /usr/lib/jvm/temurin-11-jdk-amd64/lib/libinstrument.so
7bacc5609000-7bacc560a000 r--p 00009000 103:02 58603496                  /usr/lib/jvm/temurin-11-jdk-amd64/lib/libinstrument.so
7bacc560a000-7bacc560b000 rw-p 0000a000 103:02 58603496                  /usr/lib/jvm/temurin-11-jdk-amd64/lib/libinstrument.so
7bacc561f000-7bacc5650000 r--p 00000000 103:02 58327608                  /usr/share/glib-2.0/schemas/gschemas.compiled
7bacc5650000-7bacc5657000 r--p 00000000 103:02 58197109                  /usr/lib/x86_64-linux-gnu/libblkid.so.1.1.0
7bacc5657000-7bacc5677000 r-xp 00007000 103:02 58197109                  /usr/lib/x86_64-linux-gnu/libblkid.so.1.1.0
7bacc5677000-7bacc5680000 r--p 00027000 103:02 58197109                  /usr/lib/x86_64-linux-gnu/libblkid.so.1.1.0
7bacc5680000-7bacc5681000 ---p 00030000 103:02 58197109                  /usr/lib/x86_64-linux-gnu/libblkid.so.1.1.0
7bacc5681000-7bacc5686000 r--p 00030000 103:02 58197109                  /usr/lib/x86_64-linux-gnu/libblkid.so.1.1.0
7bacc5686000-7bacc5687000 rw-p 00035000 103:02 58197109                  /usr/lib/x86_64-linux-gnu/libblkid.so.1.1.0
7bacc5687000-7bacc5689000 r--p 00000000 103:02 58223671                  /usr/lib/x86_64-linux-gnu/libpcre.so.3.13.3
7bacc5689000-7bacc56de000 r-xp 00002000 103:02 58223671                  /usr/lib/x86_64-linux-gnu/libpcre.so.3.13.3
7bacc56de000-7bacc56fb000 r--p 00057000 103:02 58223671                  /usr/lib/x86_64-linux-gnu/libpcre.so.3.13.3
7bacc56fb000-7bacc56fc000 r--p 00073000 103:02 58223671                  /usr/lib/x86_64-linux-gnu/libpcre.so.3.13.3
7bacc56fc000-7bacc56fd000 rw-p 00074000 103:02 58223671                  /usr/lib/x86_64-linux-gnu/libpcre.so.3.13.3
7bacc56fd000-7bacc5a00000 rw-p 00000000 00:00 0 
7bacc5a00000-7bacc5a3c000 r-xp 00000000 103:02 58603504                  /usr/lib/jvm/temurin-11-jdk-amd64/lib/libjdwp.so
7bacc5a3c000-7bacc5c3b000 ---p 0003c000 103:02 58603504                  /usr/lib/jvm/temurin-11-jdk-amd64/lib/libjdwp.so
7bacc5c3b000-7bacc5c3c000 r--p 0003b000 103:02 58603504                  /usr/lib/jvm/temurin-11-jdk-amd64/lib/libjdwp.so
7bacc5c3c000-7bacc5c3d000 rw-p 0003c000 103:02 58603504                  /usr/lib/jvm/temurin-11-jdk-amd64/lib/libjdwp.so
7bacc5c44000-7bacc5c46000 r--p 00000000 103:02 58222526                  /usr/lib/x86_64-linux-gnu/libXcursor.so.1.0.2
7bacc5c46000-7bacc5c4c000 r-xp 00002000 103:02 58222526                  /usr/lib/x86_64-linux-gnu/libXcursor.so.1.0.2
7bacc5c4c000-7bacc5c4e000 r--p 00008000 103:02 58222526                  /usr/lib/x86_64-linux-gnu/libXcursor.so.1.0.2
7bacc5c4e000-7bacc5c4f000 r--p 00009000 103:02 58222526                  /usr/lib/x86_64-linux-gnu/libXcursor.so.1.0.2
7bacc5c4f000-7bacc5c50000 rw-p 0000a000 103:02 58222526                  /usr/lib/x86_64-linux-gnu/libXcursor.so.1.0.2
7bacc5c50000-7bacc5c71000 r--p 00000000 103:02 58852444                  /usr/share/locale-langpack/ja/LC_MESSAGES/glib20.mo
7bacc5c71000-7bacc5c77000 r--p 00000000 103:02 58223827                  /usr/lib/x86_64-linux-gnu/libselinux.so.1
7bacc5c77000-7bacc5c91000 r-xp 00006000 103:02 58223827                  /usr/lib/x86_64-linux-gnu/libselinux.so.1
7bacc5c91000-7bacc5c98000 r--p 00020000 103:02 58223827                  /usr/lib/x86_64-linux-gnu/libselinux.so.1
7bacc5c98000-7bacc5c99000 ---p 00027000 103:02 58223827                  /usr/lib/x86_64-linux-gnu/libselinux.so.1
7bacc5c99000-7bacc5c9a000 r--p 00027000 103:02 58223827                  /usr/lib/x86_64-linux-gnu/libselinux.so.1
7bacc5c9a000-7bacc5c9b000 rw-p 00028000 103:02 58223827                  /usr/lib/x86_64-linux-gnu/libselinux.so.1
7bacc5c9b000-7bacc5c9d000 rw-p 00000000 00:00 0 
7bacc5c9d000-7bacc5cac000 r--p 00000000 103:02 58198207                  /usr/lib/x86_64-linux-gnu/libgobject-2.0.so.0.7200.4
7bacc5cac000-7bacc5cdf000 r-xp 0000f000 103:02 58198207                  /usr/lib/x86_64-linux-gnu/libgobject-2.0.so.0.7200.4
7bacc5cdf000-7bacc5cf9000 r--p 00042000 103:02 58198207                  /usr/lib/x86_64-linux-gnu/libgobject-2.0.so.0.7200.4
7bacc5cf9000-7bacc5cfc000 r--p 0005b000 103:02 58198207                  /usr/lib/x86_64-linux-gnu/libgobject-2.0.so.0.7200.4
7bacc5cfc000-7bacc5cfd000 rw-p 0005e000 103:02 58198207                  /usr/lib/x86_64-linux-gnu/libgobject-2.0.so.0.7200.4
7bacc5cfd000-7bacc5eff000 rw-p 00000000 00:00 0 
7bacc5eff000-7bacc5f00000 ---p 00000000 00:00 0 
7bacc5f00000-7bacc6000000 rw-p 00000000 00:00 0 
7bacc6000000-7bacc601b000 r-xp 00000000 103:02 58603505                  /usr/lib/jvm/temurin-11-jdk-amd64/lib/libjimage.so
7bacc601b000-7bacc621a000 ---p 0001b000 103:02 58603505                  /usr/lib/jvm/temurin-11-jdk-amd64/lib/libjimage.so
7bacc621a000-7bacc621c000 r--p 0001a000 103:02 58603505                  /usr/lib/jvm/temurin-11-jdk-amd64/lib/libjimage.so
7bacc621c000-7bacc621d000 rw-p 0001c000 103:02 58603505                  /usr/lib/jvm/temurin-11-jdk-amd64/lib/libjimage.so
7bacc621d000-7bacc6224000 r--p 00000000 103:02 47187321                  /home/tatsunidas/.config/dconf/user (deleted)
7bacc6224000-7bacc6226000 r--p 00000000 103:02 58223052                  /usr/lib/x86_64-linux-gnu/libffi.so.8.1.0
7bacc6226000-7bacc622d000 r-xp 00002000 103:02 58223052                  /usr/lib/x86_64-linux-gnu/libffi.so.8.1.0
7bacc622d000-7bacc622e000 r--p 00009000 103:02 58223052                  /usr/lib/x86_64-linux-gnu/libffi.so.8.1.0
7bacc622e000-7bacc622f000 ---p 0000a000 103:02 58223052                  /usr/lib/x86_64-linux-gnu/libffi.so.8.1.0
7bacc622f000-7bacc6230000 r--p 0000a000 103:02 58223052                  /usr/lib/x86_64-linux-gnu/libffi.so.8.1.0
7bacc6230000-7bacc6231000 rw-p 0000b000 103:02 58223052                  /usr/lib/x86_64-linux-gnu/libffi.so.8.1.0
7bacc6231000-7bacc6239000 r--p 00000000 103:02 58196656                  /usr/lib/x86_64-linux-gnu/libmount.so.1.1.0
7bacc6239000-7bacc6265000 r-xp 00008000 103:02 58196656                  /usr/lib/x86_64-linux-gnu/libmount.so.1.1.0
7bacc6265000-7bacc6272000 r--p 00034000 103:02 58196656                  /usr/lib/x86_64-linux-gnu/libmount.so.1.1.0
7bacc6272000-7bacc6273000 ---p 00041000 103:02 58196656                  /usr/lib/x86_64-linux-gnu/libmount.so.1.1.0
7bacc6273000-7bacc6274000 r--p 00041000 103:02 58196656                  /usr/lib/x86_64-linux-gnu/libmount.so.1.1.0
7bacc6274000-7bacc6275000 rw-p 00042000 103:02 58196656                  /usr/lib/x86_64-linux-gnu/libmount.so.1.1.0
7bacc6275000-7bacc6277000 r--p 00000000 103:02 58222550                  /usr/lib/x86_64-linux-gnu/libXrandr.so.2.2.0
7bacc6277000-7bacc627e000 r-xp 00002000 103:02 58222550                  /usr/lib/x86_64-linux-gnu/libXrandr.so.2.2.0
7bacc627e000-7bacc6280000 r--p 00009000 103:02 58222550                  /usr/lib/x86_64-linux-gnu/libXrandr.so.2.2.0
7bacc6280000-7bacc6281000 r--p 0000a000 103:02 58222550                  /usr/lib/x86_64-linux-gnu/libXrandr.so.2.2.0
7bacc6281000-7bacc6282000 rw-p 0000b000 103:02 58222550                  /usr/lib/x86_64-linux-gnu/libXrandr.so.2.2.0
7bacc6282000-7bacc6283000 r--p 00000000 103:02 58222806                  /usr/lib/x86_64-linux-gnu/libbrotlicommon.so.1.0.9
7bacc6283000-7bacc6284000 r-xp 00001000 103:02 58222806                  /usr/lib/x86_64-linux-gnu/libbrotlicommon.so.1.0.9
7bacc6284000-7bacc62a3000 r--p 00002000 103:02 58222806                  /usr/lib/x86_64-linux-gnu/libbrotlicommon.so.1.0.9
7bacc62a3000-7bacc62a4000 r--p 00020000 103:02 58222806                  /usr/lib/x86_64-linux-gnu/libbrotlicommon.so.1.0.9
7bacc62a4000-7bacc62a5000 rw-p 00021000 103:02 58222806                  /usr/lib/x86_64-linux-gnu/libbrotlicommon.so.1.0.9
7bacc62a5000-7bacc62a7000 r--p 00000000 103:02 58224170                  /usr/lib/x86_64-linux-gnu/libz.so.1.2.11
7bacc62a7000-7bacc62b8000 r-xp 00002000 103:02 58224170                  /usr/lib/x86_64-linux-gnu/libz.so.1.2.11
7bacc62b8000-7bacc62be000 r--p 00013000 103:02 58224170                  /usr/lib/x86_64-linux-gnu/libz.so.1.2.11
7bacc62be000-7bacc62bf000 ---p 00019000 103:02 58224170                  /usr/lib/x86_64-linux-gnu/libz.so.1.2.11
7bacc62bf000-7bacc62c0000 r--p 00019000 103:02 58224170                  /usr/lib/x86_64-linux-gnu/libz.so.1.2.11
7bacc62c0000-7bacc62c1000 rw-p 0001a000 103:02 58224170                  /usr/lib/x86_64-linux-gnu/libz.so.1.2.11
7bacc62c1000-7bacc62c6000 r--p 00000000 103:02 58223713                  /usr/lib/x86_64-linux-gnu/libpng16.so.16.37.0
7bacc62c6000-7bacc62ef000 r-xp 00005000 103:02 58223713                  /usr/lib/x86_64-linux-gnu/libpng16.so.16.37.0
7bacc62ef000-7bacc62fa000 r--p 0002e000 103:02 58223713                  /usr/lib/x86_64-linux-gnu/libpng16.so.16.37.0
7bacc62fa000-7bacc62fb000 r--p 00038000 103:02 58223713                  /usr/lib/x86_64-linux-gnu/libpng16.so.16.37.0
7bacc62fb000-7bacc62fc000 rw-p 00039000 103:02 58223713                  /usr/lib/x86_64-linux-gnu/libpng16.so.16.37.0
7bacc62fc000-7bacc62fd000 ---p 00000000 00:00 0 
7bacc62fd000-7bacc63fd000 rw-p 00000000 00:00 0 
7bacc63fd000-7bacc6600000 rw-p 00000000 00:00 0 
7bacc6600000-7bacc6629000 r-xp 00000000 103:02 58603501                  /usr/lib/jvm/temurin-11-jdk-amd64/lib/libjava.so
7bacc6629000-7bacc6828000 ---p 00029000 103:02 58603501                  /usr/lib/jvm/temurin-11-jdk-amd64/lib/libjava.so
7bacc6828000-7bacc6829000 r--p 00028000 103:02 58603501                  /usr/lib/jvm/temurin-11-jdk-amd64/lib/libjava.so
7bacc6829000-7bacc682a000 rw-p 00029000 103:02 58603501                  /usr/lib/jvm/temurin-11-jdk-amd64/lib/libjava.so
7bacc682a000-7bacc682b000 rw-p 00000000 00:00 0 
7bacc682e000-7bacc6830000 r--p 00000000 103:02 58198206                  /usr/lib/x86_64-linux-gnu/libgmodule-2.0.so.0.7200.4
7bacc6830000-7bacc6832000 r-xp 00002000 103:02 58198206                  /usr/lib/x86_64-linux-gnu/libgmodule-2.0.so.0.7200.4
7bacc6832000-7bacc6833000 r--p 00004000 103:02 58198206                  /usr/lib/x86_64-linux-gnu/libgmodule-2.0.so.0.7200.4
7bacc6833000-7bacc6834000 r--p 00004000 103:02 58198206                  /usr/lib/x86_64-linux-gnu/libgmodule-2.0.so.0.7200.4
7bacc6834000-7bacc6835000 rw-p 00005000 103:02 58198206                  /usr/lib/x86_64-linux-gnu/libgmodule-2.0.so.0.7200.4
7bacc6835000-7bacc6842000 r--p 00000000 103:02 58196362                  /usr/lib/x86_64-linux-gnu/libfreetype.so.6.18.1
7bacc6842000-7bacc68cb000 r-xp 0000d000 103:02 58196362                  /usr/lib/x86_64-linux-gnu/libfreetype.so.6.18.1
7bacc68cb000-7bacc68f4000 r--p 00096000 103:02 58196362                  /usr/lib/x86_64-linux-gnu/libfreetype.so.6.18.1
7bacc68f4000-7bacc68f5000 ---p 000bf000 103:02 58196362                  /usr/lib/x86_64-linux-gnu/libfreetype.so.6.18.1
7bacc68f5000-7bacc68fc000 r--p 000bf000 103:02 58196362                  /usr/lib/x86_64-linux-gnu/libfreetype.so.6.18.1
7bacc68fc000-7bacc68fd000 rw-p 000c6000 103:02 58196362                  /usr/lib/x86_64-linux-gnu/libfreetype.so.6.18.1
7bacc68fd000-7bacc6c00000 rw-p 00000000 00:00 0 
7bacc6c00000-7bacc6c0d000 r-xp 00000000 103:02 58603522                  /usr/lib/jvm/temurin-11-jdk-amd64/lib/libverify.so
7bacc6c0d000-7bacc6e0c000 ---p 0000d000 103:02 58603522                  /usr/lib/jvm/temurin-11-jdk-amd64/lib/libverify.so
7bacc6e0c000-7bacc6e0e000 r--p 0000c000 103:02 58603522                  /usr/lib/jvm/temurin-11-jdk-amd64/lib/libverify.so
7bacc6e0e000-7bacc6e0f000 rw-p 0000e000 103:02 58603522                  /usr/lib/jvm/temurin-11-jdk-amd64/lib/libverify.so
7bacc6e15000-7bacc6e16000 r--p 00000000 103:02 58222808                  /usr/lib/x86_64-linux-gnu/libbrotlidec.so.1.0.9
7bacc6e16000-7bacc6e1e000 r-xp 00001000 103:02 58222808                  /usr/lib/x86_64-linux-gnu/libbrotlidec.so.1.0.9
7bacc6e1e000-7bacc6e21000 r--p 00009000 103:02 58222808                  /usr/lib/x86_64-linux-gnu/libbrotlidec.so.1.0.9
7bacc6e21000-7bacc6e22000 r--p 0000b000 103:02 58222808                  /usr/lib/x86_64-linux-gnu/libbrotlidec.so.1.0.9
7bacc6e22000-7bacc6e23000 rw-p 0000c000 103:02 58222808                  /usr/lib/x86_64-linux-gnu/libbrotlidec.so.1.0.9
7bacc6e23000-7bacc6e45000 r--p 00000000 103:02 58851436                  /usr/share/locale-langpack/ja/LC_MESSAGES/libc.mo
7bacc6e45000-7bacc6e47000 r--p 00000000 103:02 58223478                  /usr/lib/x86_64-linux-gnu/libmd.so.0.0.5
7bacc6e47000-7bacc6e4e000 r-xp 00002000 103:02 58223478                  /usr/lib/x86_64-linux-gnu/libmd.so.0.0.5
7bacc6e4e000-7bacc6e50000 r--p 00009000 103:02 58223478                  /usr/lib/x86_64-linux-gnu/libmd.so.0.0.5
7bacc6e50000-7bacc6e51000 r--p 0000a000 103:02 58223478                  /usr/lib/x86_64-linux-gnu/libmd.so.0.0.5
7bacc6e51000-7bacc6e52000 rw-p 0000b000 103:02 58223478                  /usr/lib/x86_64-linux-gnu/libmd.so.0.0.5
7bacc6e52000-7bacc6e5d000 r--p 00000000 103:02 58224134                  /usr/lib/x86_64-linux-gnu/libxcb.so.1.1.0
7bacc6e5d000-7bacc6e71000 r-xp 0000b000 103:02 58224134                  /usr/lib/x86_64-linux-gnu/libxcb.so.1.1.0
7bacc6e71000-7bacc6e7a000 r--p 0001f000 103:02 58224134                  /usr/lib/x86_64-linux-gnu/libxcb.so.1.1.0
7bacc6e7a000-7bacc6e7b000 r--p 00027000 103:02 58224134                  /usr/lib/x86_64-linux-gnu/libxcb.so.1.1.0
7bacc6e7b000-7bacc6e7c000 rw-p 00028000 103:02 58224134                  /usr/lib/x86_64-linux-gnu/libxcb.so.1.1.0
7bacc6e7c000-7bacc7200000 rw-p 00000000 00:00 0 
7bacc7200000-7bacc8482000 r-xp 00000000 103:02 58603532                  /usr/lib/jvm/temurin-11-jdk-amd64/lib/server/libjvm.so
7bacc8482000-7bacc8681000 ---p 01282000 103:02 58603532                  /usr/lib/jvm/temurin-11-jdk-amd64/lib/server/libjvm.so
7bacc8681000-7bacc8747000 r--p 01281000 103:02 58603532                  /usr/lib/jvm/temurin-11-jdk-amd64/lib/server/libjvm.so
7bacc8747000-7bacc8782000 rw-p 01347000 103:02 58603532                  /usr/lib/jvm/temurin-11-jdk-amd64/lib/server/libjvm.so
7bacc8782000-7bacc87da000 rw-p 00000000 00:00 0 
7bacc87de000-7bacc87e2000 r--p 00000000 103:02 58222812                  /usr/lib/x86_64-linux-gnu/libbsd.so.0.11.5
7bacc87e2000-7bacc87ef000 r-xp 00004000 103:02 58222812                  /usr/lib/x86_64-linux-gnu/libbsd.so.0.11.5
7bacc87ef000-7bacc87f2000 r--p 00011000 103:02 58222812                  /usr/lib/x86_64-linux-gnu/libbsd.so.0.11.5
7bacc87f2000-7bacc87f3000 ---p 00014000 103:02 58222812                  /usr/lib/x86_64-linux-gnu/libbsd.so.0.11.5
7bacc87f3000-7bacc87f4000 r--p 00014000 103:02 58222812                  /usr/lib/x86_64-linux-gnu/libbsd.so.0.11.5
7bacc87f4000-7bacc87f5000 rw-p 00015000 103:02 58222812                  /usr/lib/x86_64-linux-gnu/libbsd.so.0.11.5
7bacc87f5000-7bacc87f6000 rw-p 00000000 00:00 0 
7bacc87f6000-7bacc87f8000 r--p 00000000 103:02 58222530                  /usr/lib/x86_64-linux-gnu/libXdmcp.so.6.0.0
7bacc87f8000-7bacc87fa000 r-xp 00002000 103:02 58222530                  /usr/lib/x86_64-linux-gnu/libXdmcp.so.6.0.0
7bacc87fa000-7bacc87fc000 r--p 00004000 103:02 58222530                  /usr/lib/x86_64-linux-gnu/libXdmcp.so.6.0.0
7bacc87fc000-7bacc87fd000 r--p 00005000 103:02 58222530                  /usr/lib/x86_64-linux-gnu/libXdmcp.so.6.0.0
7bacc87fd000-7bacc87fe000 rw-p 00006000 103:02 58222530                  /usr/lib/x86_64-linux-gnu/libXdmcp.so.6.0.0
7bacc87fe000-7bacc88ff000 rw-p 00000000 00:00 0 
7bacc88ff000-7bacc8900000 ---p 00000000 00:00 0 
7bacc8900000-7bacc8a00000 rw-p 00000000 00:00 0 
7bacc8a00000-7bacc8a28000 r--p 00000000 103:02 58206679                  /usr/lib/x86_64-linux-gnu/libc.so.6
7bacc8a28000-7bacc8bbd000 r-xp 00028000 103:02 58206679                  /usr/lib/x86_64-linux-gnu/libc.so.6
7bacc8bbd000-7bacc8c15000 r--p 001bd000 103:02 58206679                  /usr/lib/x86_64-linux-gnu/libc.so.6
7bacc8c15000-7bacc8c16000 ---p 00215000 103:02 58206679                  /usr/lib/x86_64-linux-gnu/libc.so.6
7bacc8c16000-7bacc8c1a000 r--p 00215000 103:02 58206679                  /usr/lib/x86_64-linux-gnu/libc.so.6
7bacc8c1a000-7bacc8c1c000 rw-p 00219000 103:02 58206679                  /usr/lib/x86_64-linux-gnu/libc.so.6
7bacc8c1c000-7bacc8c29000 rw-p 00000000 00:00 0 
7bacc8c2b000-7bacc8c2c000 r--p 00000000 103:02 58222519                  /usr/lib/x86_64-linux-gnu/libXau.so.6.0.0
7bacc8c2c000-7bacc8c2e000 r-xp 00001000 103:02 58222519                  /usr/lib/x86_64-linux-gnu/libXau.so.6.0.0
7bacc8c2e000-7bacc8c2f000 r--p 00003000 103:02 58222519                  /usr/lib/x86_64-linux-gnu/libXau.so.6.0.0
7bacc8c2f000-7bacc8c30000 r--p 00003000 103:02 58222519                  /usr/lib/x86_64-linux-gnu/libXau.so.6.0.0
7bacc8c30000-7bacc8c31000 rw-p 00004000 103:02 58222519                  /usr/lib/x86_64-linux-gnu/libXau.so.6.0.0
7bacc8c31000-7bacc8c34000 r--p 00000000 103:02 58222540                  /usr/lib/x86_64-linux-gnu/libXi.so.6.1.0
7bacc8c34000-7bacc8c40000 r-xp 00003000 103:02 58222540                  /usr/lib/x86_64-linux-gnu/libXi.so.6.1.0
7bacc8c40000-7bacc8c43000 r--p 0000f000 103:02 58222540                  /usr/lib/x86_64-linux-gnu/libXi.so.6.1.0
7bacc8c43000-7bacc8c44000 r--p 00011000 103:02 58222540                  /usr/lib/x86_64-linux-gnu/libXi.so.6.1.0
7bacc8c44000-7bacc8c45000 rw-p 00012000 103:02 58222540                  /usr/lib/x86_64-linux-gnu/libXi.so.6.1.0
7bacc8c45000-7bacc8c47000 r--p 00000000 103:02 58222552                  /usr/lib/x86_64-linux-gnu/libXrender.so.1.3.0
7bacc8c47000-7bacc8c4e000 r-xp 00002000 103:02 58222552                  /usr/lib/x86_64-linux-gnu/libXrender.so.1.3.0
7bacc8c4e000-7bacc8c50000 r--p 00009000 103:02 58222552                  /usr/lib/x86_64-linux-gnu/libXrender.so.1.3.0
7bacc8c50000-7bacc8c51000 r--p 0000a000 103:02 58222552                  /usr/lib/x86_64-linux-gnu/libXrender.so.1.3.0
7bacc8c51000-7bacc8c52000 rw-p 0000b000 103:02 58222552                  /usr/lib/x86_64-linux-gnu/libXrender.so.1.3.0
7bacc8c52000-7bacc8c56000 r--p 00000000 103:02 58222532                  /usr/lib/x86_64-linux-gnu/libXext.so.6.4.0
7bacc8c56000-7bacc8c61000 r-xp 00004000 103:02 58222532                  /usr/lib/x86_64-linux-gnu/libXext.so.6.4.0
7bacc8c61000-7bacc8c65000 r--p 0000f000 103:02 58222532                  /usr/lib/x86_64-linux-gnu/libXext.so.6.4.0
7bacc8c65000-7bacc8c66000 r--p 00012000 103:02 58222532                  /usr/lib/x86_64-linux-gnu/libXext.so.6.4.0
7bacc8c66000-7bacc8c67000 rw-p 00013000 103:02 58222532                  /usr/lib/x86_64-linux-gnu/libXext.so.6.4.0
7bacc8c6b000-7bacc8c6f000 r--p 00000000 103:02 58225368                  /usr/lib/x86_64-linux-gnu/gio/modules/libdconfsettings.so
7bacc8c6f000-7bacc8c76000 r-xp 00004000 103:02 58225368                  /usr/lib/x86_64-linux-gnu/gio/modules/libdconfsettings.so
7bacc8c76000-7bacc8c79000 r--p 0000b000 103:02 58225368                  /usr/lib/x86_64-linux-gnu/gio/modules/libdconfsettings.so
7bacc8c79000-7bacc8c7a000 r--p 0000e000 103:02 58225368                  /usr/lib/x86_64-linux-gnu/gio/modules/libdconfsettings.so
7bacc8c7a000-7bacc8c7b000 rw-p 0000f000 103:02 58225368                  /usr/lib/x86_64-linux-gnu/gio/modules/libdconfsettings.so
7bacc8c7b000-7bacc8d37000 rw-p 00000000 00:00 0 
7bacc8d37000-7bacc8e00000 ---p 00000000 00:00 0 
7bacc8e00000-7bacc8e1a000 r-xp 00000000 103:02 58603485                  /usr/lib/jvm/temurin-11-jdk-amd64/lib/jli/libjli.so
7bacc8e1a000-7bacc901a000 ---p 0001a000 103:02 58603485                  /usr/lib/jvm/temurin-11-jdk-amd64/lib/jli/libjli.so
7bacc901a000-7bacc901b000 r--p 0001a000 103:02 58603485                  /usr/lib/jvm/temurin-11-jdk-amd64/lib/jli/libjli.so
7bacc901b000-7bacc901c000 rw-p 0001b000 103:02 58603485                  /usr/lib/jvm/temurin-11-jdk-amd64/lib/jli/libjli.so
7bacc901c000-7bacc901e000 r--p 00000000 103:02 58222558                  /usr/lib/x86_64-linux-gnu/libXtst.so.6.1.0
7bacc901e000-7bacc9021000 r-xp 00002000 103:02 58222558                  /usr/lib/x86_64-linux-gnu/libXtst.so.6.1.0
7bacc9021000-7bacc9022000 r--p 00005000 103:02 58222558                  /usr/lib/x86_64-linux-gnu/libXtst.so.6.1.0
7bacc9022000-7bacc9023000 r--p 00005000 103:02 58222558                  /usr/lib/x86_64-linux-gnu/libXtst.so.6.1.0
7bacc9023000-7bacc9024000 rw-p 00006000 103:02 58222558                  /usr/lib/x86_64-linux-gnu/libXtst.so.6.1.0
7bacc9024000-7bacc9053000 rw-p 00000000 00:00 0 
7bacc9053000-7bacc910f000 ---p 00000000 00:00 0 
7bacc910f000-7bacc9114000 rw-p 00000000 00:00 0 
7bacc9114000-7bacc911b000 ---p 00000000 00:00 0 
7bacc911b000-7bacc911c000 r--p 00000000 103:02 58206703                  /usr/lib/x86_64-linux-gnu/librt.so.1
7bacc911c000-7bacc911d000 r-xp 00001000 103:02 58206703                  /usr/lib/x86_64-linux-gnu/librt.so.1
7bacc911d000-7bacc911e000 r--p 00002000 103:02 58206703                  /usr/lib/x86_64-linux-gnu/librt.so.1
7bacc911e000-7bacc911f000 r--p 00002000 103:02 58206703                  /usr/lib/x86_64-linux-gnu/librt.so.1
7bacc911f000-7bacc9120000 rw-p 00003000 103:02 58206703                  /usr/lib/x86_64-linux-gnu/librt.so.1
7bacc9120000-7bacc9124000 ---p 00000000 00:00 0 
7bacc9124000-7bacc9220000 rw-p 00000000 00:00 0 
7bacc9220000-7bacc922e000 r--p 00000000 103:02 58206685                  /usr/lib/x86_64-linux-gnu/libm.so.6
7bacc922e000-7bacc92aa000 r-xp 0000e000 103:02 58206685                  /usr/lib/x86_64-linux-gnu/libm.so.6
7bacc92aa000-7bacc9305000 r--p 0008a000 103:02 58206685                  /usr/lib/x86_64-linux-gnu/libm.so.6
7bacc9305000-7bacc9306000 r--p 000e4000 103:02 58206685                  /usr/lib/x86_64-linux-gnu/libm.so.6
7bacc9306000-7bacc9307000 rw-p 000e5000 103:02 58206685                  /usr/lib/x86_64-linux-gnu/libm.so.6
7bacc9307000-7bacc9309000 rw-p 00000000 00:00 0 
7bacc9309000-7bacc930a000 r--p 00000000 103:02 58206683                  /usr/lib/x86_64-linux-gnu/libdl.so.2
7bacc930a000-7bacc930b000 r-xp 00001000 103:02 58206683                  /usr/lib/x86_64-linux-gnu/libdl.so.2
7bacc930b000-7bacc930c000 r--p 00002000 103:02 58206683                  /usr/lib/x86_64-linux-gnu/libdl.so.2
7bacc930c000-7bacc930d000 r--p 00002000 103:02 58206683                  /usr/lib/x86_64-linux-gnu/libdl.so.2
7bacc930d000-7bacc930e000 rw-p 00003000 103:02 58206683                  /usr/lib/x86_64-linux-gnu/libdl.so.2
7bacc930e000-7bacc930f000 r--p 00000000 103:02 58206701                  /usr/lib/x86_64-linux-gnu/libpthread.so.0
7bacc930f000-7bacc9310000 r-xp 00001000 103:02 58206701                  /usr/lib/x86_64-linux-gnu/libpthread.so.0
7bacc9310000-7bacc9311000 r--p 00002000 103:02 58206701                  /usr/lib/x86_64-linux-gnu/libpthread.so.0
7bacc9311000-7bacc9312000 r--p 00002000 103:02 58206701                  /usr/lib/x86_64-linux-gnu/libpthread.so.0
7bacc9312000-7bacc9313000 rw-p 00003000 103:02 58206701                  /usr/lib/x86_64-linux-gnu/libpthread.so.0
7bacc9316000-7bacc931d000 r--s 00000000 103:02 58210169                  /usr/lib/x86_64-linux-gnu/gconv/gconv-modules.cache
7bacc931d000-7bacc9325000 rw-s 00000000 103:02 20054397                  /tmp/hsperfdata_tatsunidas/5230
7bacc9325000-7bacc9326000 ---p 00000000 00:00 0 
7bacc9326000-7bacc9327000 r--p 00000000 00:00 0 
7bacc9327000-7bacc9329000 rw-p 00000000 00:00 0 
7bacc9329000-7bacc932b000 r--p 00000000 103:02 58206672                  /usr/lib/x86_64-linux-gnu/ld-linux-x86-64.so.2
7bacc932b000-7bacc9355000 r-xp 00002000 103:02 58206672                  /usr/lib/x86_64-linux-gnu/ld-linux-x86-64.so.2
7bacc9355000-7bacc9360000 r--p 0002c000 103:02 58206672                  /usr/lib/x86_64-linux-gnu/ld-linux-x86-64.so.2
7bacc9360000-7bacc9361000 r--s 00000000 00:42 86                         /run/user/1000/dconf/user (deleted)
7bacc9361000-7bacc9363000 r--p 00037000 103:02 58206672                  /usr/lib/x86_64-linux-gnu/ld-linux-x86-64.so.2
7bacc9363000-7bacc9365000 rw-p 00039000 103:02 58206672                  /usr/lib/x86_64-linux-gnu/ld-linux-x86-64.so.2
7ffe60cd8000-7ffe60cfb000 rw-p 00000000 00:00 0                          [stack]
7ffe60db1000-7ffe60db5000 r--p 00000000 00:00 0                          [vvar]
7ffe60db5000-7ffe60db7000 r-xp 00000000 00:00 0                          [vdso]
ffffffffff600000-ffffffffff601000 --xp 00000000 00:00 0                  [vsyscall]


VM Arguments:
jvm_args: -agentlib:jdwp=transport=dt_socket,suspend=y,address=localhost:36973 -Djava.library.path=./native/native_opencv/linux-x86-64 -javaagent:/home/tatsunidas/eclipse/java-2023-03/eclipse/configuration/org.eclipse.osgi/225/0/.cp/lib/javaagent-shaded.jar -Dfile.encoding=UTF-8 
java_command: com.vis.core.launcher.Launcher
java_class_path (initial): /home/tatsunidas/graphy-workspace3/graphy/target/classes:/home/tatsunidas/.m2/repository/net/imagej/ij/1.54f/ij-1.54f.jar:/home/tatsunidas/.m2/repository/org/jogamp/gluegen/gluegen-rt-main/2.3.2/gluegen-rt-main-2.3.2.jar:/home/tatsunidas/.m2/repository/org/jogamp/gluegen/gluegen-rt/2.3.2/gluegen-rt-2.3.2.jar:/home/tatsunidas/.m2/repository/org/jogamp/gluegen/gluegen-rt/2.3.2/gluegen-rt-2.3.2-natives-android-aarch64.jar:/home/tatsunidas/.m2/repository/org/jogamp/gluegen/gluegen-rt/2.3.2/gluegen-rt-2.3.2-natives-android-armv6.jar:/home/tatsunidas/.m2/repository/org/jogamp/gluegen/gluegen-rt/2.3.2/gluegen-rt-2.3.2-natives-linux-amd64.jar:/home/tatsunidas/.m2/repository/org/jogamp/gluegen/gluegen-rt/2.3.2/gluegen-rt-2.3.2-natives-linux-armv6.jar:/home/tatsunidas/.m2/repository/org/jogamp/gluegen/gluegen-rt/2.3.2/gluegen-rt-2.3.2-natives-linux-armv6hf.jar:/home/tatsunidas/.m2/repository/org/jogamp/gluegen/gluegen-rt/2.3.2/gluegen-rt-2.3.2-natives-linux-i586.jar:/home/tatsunidas/.m2/repository/org/jogamp/gluegen/gluegen-rt/2.3.2/gluegen-rt-2.3.2-natives-macosx-universal.jar:/home/tatsunidas/.m2/repository/org/jogamp/gluegen/gluegen-rt/2.3.2/gluegen-rt-2.3.2-natives-solaris-amd64.jar:/home/tatsunidas/.m2/repository/org/jogamp/gluegen/gluegen-rt/2.3.2/gluegen-rt-2.3.2-natives-solaris-i586.jar:/home/tatsunidas/.m2/repository/org/jogamp/gluegen/gluegen-rt/2.3.2/gluegen-rt-2.3.2-natives-windows-amd64.jar:/home/tatsunidas/.m2/repository/org/jogamp/gluegen/gluegen-rt/2.3.2/gluegen-rt-2.3.2-natives-windows-i586.jar:/home/tatsunidas/.m2/repository/org/jogamp/jogl/jogl-all-main/2.3.2/jogl-all-main-2.3.2.jar:/home/tatsunidas/.m2/repository/org/jogamp/jogl/jogl-all/2.3.2/jogl-all-2.3.2.jar:/home/tatsunidas/.m2/repository/org/jogamp/jogl/jogl-all/2.3.2/jogl-all-2.3.2-natives-android-aarch64.jar:/home/tatsunidas/.m2/repository/org/jogamp/jogl/jogl-all/2.3.2/jogl-all-2.3.2-natives-android-armv6.jar:/home/tatsunidas/.m2/repository/org/jogamp/jogl/jogl-all/2.3
Launcher Type: SUN_STANDARD

[Global flags]
     intx CICompilerCount                          = 4                                         {product} {ergonomic}
     uint ConcGCThreads                            = 2                                         {product} {ergonomic}
     uint G1ConcRefinementThreads                  = 8                                         {product} {ergonomic}
   size_t G1HeapRegionSize                         = 2097152                                   {product} {ergonomic}
    uintx GCDrainStackTargetSize                   = 64                                        {product} {ergonomic}
   size_t InitialHeapSize                          = 524288000                                 {product} {ergonomic}
   size_t MarkStackSize                            = 4194304                                   {product} {ergonomic}
   size_t MaxHeapSize                              = 8382316544                                {product} {ergonomic}
   size_t MaxNewSize                               = 5028970496                                {product} {ergonomic}
   size_t MinHeapDeltaBytes                        = 2097152                                   {product} {ergonomic}
    uintx NonNMethodCodeHeapSize                   = 5836300                                {pd product} {ergonomic}
    uintx NonProfiledCodeHeapSize                  = 122910970                              {pd product} {ergonomic}
    uintx ProfiledCodeHeapSize                     = 122910970                              {pd product} {ergonomic}
    uintx ReservedCodeCacheSize                    = 251658240                              {pd product} {ergonomic}
     bool SegmentedCodeCache                       = true                                      {product} {ergonomic}
     bool UseCompressedClassPointers               = true                                 {lp64_product} {ergonomic}
     bool UseCompressedOops                        = true                                 {lp64_product} {ergonomic}
     bool UseG1GC                                  = true                                      {product} {ergonomic}

Logging:
Log output configuration:
 #0: stdout all=warning uptime,level,tags
 #1: stderr all=off uptime,level,tags

Environment Variables:
PATH=/usr/local/sbin:/usr/local/bin:/usr/sbin:/usr/bin:/sbin:/bin:/usr/games:/usr/local/games:/snap/bin:/snap/bin:/home/tatsunidas/dcm4che-5.30.0/bin
USERNAME=tatsunidas
SHELL=/bin/bash
DISPLAY=:1
LANG=ja_JP.UTF-8

Signal Handlers:
SIGSEGV: [libjvm.so+0xf51350], sa_mask[0]=11111111011111111101111111111110, sa_flags=SA_RESTART|SA_SIGINFO
SIGBUS: [libjvm.so+0xf51350], sa_mask[0]=11111111011111111101111111111110, sa_flags=SA_RESTART|SA_SIGINFO
SIGFPE: [libjvm.so+0xf51350], sa_mask[0]=11111111011111111101111111111110, sa_flags=SA_RESTART|SA_SIGINFO
SIGPIPE: SIG_IGN, sa_mask[0]=00000000000010000000000000000000, sa_flags=SA_RESTART
SIGXFSZ: [libjvm.so+0xc72290], sa_mask[0]=11111111011111111101111111111110, sa_flags=SA_RESTART|SA_SIGINFO
SIGILL: [libjvm.so+0xf51350], sa_mask[0]=11111111011111111101111111111110, sa_flags=SA_RESTART|SA_SIGINFO
SIGUSR2: [libjvm.so+0xc72130], sa_mask[0]=00100000000000000000000000000000, sa_flags=SA_RESTART|SA_SIGINFO
SIGHUP: [libjvm.so+0xc726a0], sa_mask[0]=11111111011111111101111111111110, sa_flags=SA_RESTART|SA_SIGINFO
SIGINT: [libjvm.so+0xc726a0], sa_mask[0]=11111111011111111101111111111110, sa_flags=SA_RESTART|SA_SIGINFO
SIGTERM: [libjvm.so+0xc726a0], sa_mask[0]=11111111011111111101111111111110, sa_flags=SA_RESTART|SA_SIGINFO
SIGQUIT: [libjvm.so+0xc726a0], sa_mask[0]=11111111011111111101111111111110, sa_flags=SA_RESTART|SA_SIGINFO


---------------  S Y S T E M  ---------------

OS:DISTRIB_ID=Ubuntu
DISTRIB_RELEASE=22.04
DISTRIB_CODENAME=jammy
DISTRIB_DESCRIPTION="Ubuntu 22.04.4 LTS"
uname:Linux 6.8.0-40-generic #40~22.04.3-Ubuntu SMP PREEMPT_DYNAMIC Tue Jul 30 17:30:19 UTC 2 x86_64
OS uptime: 0 days 2:41 hours
libc:glibc 2.35 NPTL 2.35 
rlimit (soft/hard): STACK 8192k/infinity , CORE 0k/infinity , NPROC 127595/127595 , NOFILE 1048576/1048576 , AS infinity/infinity , CPU infinity/infinity , DATA infinity/infinity , FSIZE infinity/infinity , MEMLOCK 4092776k/4092776k
load average:1.91 1.93 2.22

/proc/meminfo:
MemTotal:       32742224 kB
MemFree:        22528668 kB
MemAvailable:   26067624 kB
Buffers:          410512 kB
Cached:          3139980 kB
SwapCached:            0 kB
Active:          6122480 kB
Inactive:        1970088 kB
Active(anon):    5191488 kB
Inactive(anon):        0 kB
Active(file):     930992 kB
Inactive(file):  1970088 kB
Unevictable:      636084 kB
Mlocked:           12876 kB
SwapTotal:       2097148 kB
SwapFree:        2097148 kB
Zswap:                 0 kB
Zswapped:              0 kB
Dirty:               236 kB
Writeback:             0 kB
AnonPages:       5178204 kB
Mapped:           579456 kB
Shmem:            636612 kB
KReclaimable:    1107180 kB
Slab:            1325056 kB
SReclaimable:    1107180 kB
SUnreclaim:       217876 kB
KernelStack:       15328 kB
PageTables:        42144 kB
SecPageTables:         0 kB
NFS_Unstable:          0 kB
Bounce:                0 kB
WritebackTmp:          0 kB
CommitLimit:    18468260 kB
Committed_AS:   10704432 kB
VmallocTotal:   34359738367 kB
VmallocUsed:       47568 kB
VmallocChunk:          0 kB
Percpu:             7680 kB
HardwareCorrupted:     0 kB
AnonHugePages:         0 kB
ShmemHugePages:   532480 kB
ShmemPmdMapped:        0 kB
FileHugePages:         0 kB
FilePmdMapped:         0 kB
Unaccepted:            0 kB
HugePages_Total:       0
HugePages_Free:        0
HugePages_Rsvd:        0
HugePages_Surp:        0
Hugepagesize:       2048 kB
Hugetlb:               0 kB
DirectMap4k:      223048 kB
DirectMap2M:     5945344 kB
DirectMap1G:    27262976 kB

/sys/kernel/mm/transparent_hugepage/enabled:
always [madvise] never
/sys/kernel/mm/transparent_hugepage/defrag (defrag/compaction efforts parameter):
always defer defer+madvise [madvise] never

Process Memory:
Virtual Size: 13082552K (peak: 13148088K)
Resident Set Size: 639252K (peak: 859284K) (anon: 602452K, file: 32316K, shmem: 4484K)
Swapped out: 0K
C-Heap outstanding allocations: 55395K, retained: 188500K
glibc malloc tunables: (default)

/proc/sys/kernel/threads-max (system-wide limit on the number of threads):
255190
/proc/sys/vm/max_map_count (maximum number of memory map areas a process may have):
65530
/proc/sys/kernel/pid_max (system-wide limit on number of process identifiers):
4194304

container (cgroup) information:
container_type: cgroupv2
cpu_cpuset_cpus: not supported
cpu_memory_nodes: not supported
active_processor_count: 8
cpu_quota: not supported
cpu_period: not supported
cpu_shares: not supported
memory_limit_in_bytes: unlimited
memory_and_swap_limit_in_bytes: unlimited
memory_soft_limit_in_bytes: unlimited
memory_usage_in_bytes: 4672720 k
memory_max_usage_in_bytes: not supported
memory_swap_current_in_bytes: unlimited
memory_swap_max_limit_in_bytes: unlimited
maximum number of tasks: 38278
current number of tasks: 364

Steal ticks since vm start: 0
Steal ticks percentage since vm start:  0.000

CPU:total 8 (initial active 8) (4 cores per cpu, 2 threads per core) family 6 model 142 stepping 10 microcode 0xf6, cmov, cx8, fxsr, mmx, sse, sse2, sse3, ssse3, sse4.1, sse4.2, popcnt, avx, avx2, aes, clmul, erms, 3dnowpref, lzcnt, ht, tsc, tscinvbit, bmi1, bmi2, adx, fma
CPU Model and flags from /proc/cpuinfo:
model name	: Intel(R) Core(TM) i7-8550U CPU @ 1.80GHz
flags		: fpu vme de pse tsc msr pae mce cx8 apic sep mtrr pge mca cmov pat pse36 clflush dts acpi mmx fxsr sse sse2 ss ht tm pbe syscall nx pdpe1gb rdtscp lm constant_tsc art arch_perfmon pebs bts rep_good nopl xtopology nonstop_tsc cpuid aperfmperf pni pclmulqdq dtes64 monitor ds_cpl vmx est tm2 ssse3 sdbg fma cx16 xtpr pdcm pcid sse4_1 sse4_2 x2apic movbe popcnt tsc_deadline_timer aes xsave avx f16c rdrand lahf_lm abm 3dnowprefetch cpuid_fault epb pti ssbd ibrs ibpb stibp tpr_shadow flexpriority ept vpid ept_ad fsgsbase tsc_adjust bmi1 avx2 smep bmi2 erms invpcid mpx rdseed adx smap clflushopt intel_pt xsaveopt xsavec xgetbv1 xsaves dtherm ida arat pln pts hwp hwp_notify hwp_act_window hwp_epp vnmi md_clear flush_l1d arch_capabilities
Online cpus:
0-7
Offline cpus:

BIOS frequency limitation:
<Not Available>
Frequency switch latency (ns):
0
Available cpu frequencies:
<Not Available>
Current governor:
powersave
Core performance/turbo boost:
<Not Available>

Memory: 4k page, physical 32742224k(22528668k free), swap 2097148k(2097148k free)

vm_info: OpenJDK 64-Bit Server VM (11.0.24+8) for linux-amd64 JRE (11.0.24+8), built on Jul 17 2024 01:04:23 by "" with gcc 7.5.0

END.
