#
# A fatal error has been detected by the Java Runtime Environment:
#
#  SIGSEGV (0xb) at pc=0x000072b36dc47e9c, pid=16691, tid=16703
#
# JRE version: OpenJDK Runtime Environment Temurin-11.0.24+8 (11.0.24+8) (build 11.0.24+8)
# Java VM: OpenJDK 64-Bit Server VM Temurin-11.0.24+8 (11.0.24+8, mixed mode, tiered, compressed oops, g1 gc, linux-amd64)
# Problematic frame:
# V  [libjvm.so+0x847e9c]  GenerateOopMap::interp1(BytecodeStream*)+0x175c
#
# Core dump will be written. Default location: Core dumps may be processed with "/usr/share/apport/apport -p%p -s%s -c%c -d%d -P%P -u%u -g%g -- %E" (or dumping to /home/tatsunidas/graphy-workspace3/graphy/core.16691)
#
# If you would like to submit a bug report, please visit:
#   https://github.com/adoptium/adoptium-support/issues
#

---------------  S U M M A R Y ------------

Command Line: -agentlib:jdwp=transport=dt_socket,suspend=y,address=localhost:45499 -Djava.library.path=./native/native_opencv/linux-x86-64 -javaagent:/home/tatsunidas/eclipse/java-2023-03/eclipse/configuration/org.eclipse.osgi/225/0/.cp/lib/javaagent-shaded.jar -Dfile.encoding=UTF-8 com.vis.core.launcher.Launcher

Host: Intel(R) Core(TM) i7-8550U CPU @ 1.80GHz, 8 cores, 31G, Ubuntu 22.04.4 LTS
Time: Wed Aug 28 17:11:40 2024 JST elapsed time: 2250.746476 seconds (0d 0h 37m 30s)

---------------  T H R E A D  ---------------

Current thread (0x000072b3682ce800):  VMThread "VM Thread" [stack: 0x000072b34c300000,0x000072b34c400000] [id=16703]

Stack: [0x000072b34c300000,0x000072b34c400000],  sp=0x000072b34c3fe380,  free space=1016k
Native frames: (J=compiled Java code, A=aot compiled Java code, j=interpreted, Vv=VM code, C=native code)
V  [libjvm.so+0x847e9c]  GenerateOopMap::interp1(BytecodeStream*)+0x175c
V  [libjvm.so+0x84905c]  GenerateOopMap::interp_bb(BasicBlock*)+0x15c
V  [libjvm.so+0x84bc3d]  GenerateOopMap::do_interpretation()+0xbd
V  [libjvm.so+0x84bff9]  GenerateOopMap::compute_map(Thread*)+0x269
V  [libjvm.so+0xc6670a]  OopMapCacheEntry::fill(methodHandle const&, int)+0x20a
V  [libjvm.so+0xc66c8b]  OopMapCache::compute_one_oop_map(methodHandle const&, int, InterpreterOopMap*)+0x6b
V  [libjvm.so+0xbf03e6]  Method::mask_for(int, InterpreterOopMap*)+0x76
V  [libjvm.so+0xa73e8c]  VM_GetOrSetLocal::doit()+0x4c
V  [libjvm.so+0xf52e47]  VM_Operation::evaluate()+0xe7
V  [libjvm.so+0xf5940f]  VMThread::evaluate_operation(VM_Operation*) [clone .constprop.66]+0xff
V  [libjvm.so+0xf59988]  VMThread::loop()+0x428
V  [libjvm.so+0xf59e23]  VMThread::run()+0x73
V  [libjvm.so+0xedefaf]  Thread::call_run()+0x14f
V  [libjvm.so+0xc7d336]  thread_native_entry(Thread*)+0xe6


siginfo: si_signo: 11 (SIGSEGV), si_code: 1 (SEGV_MAPERR), si_addr: 0x0000000000000006

Register to memory mapping:

RAX=0x0 is NULL
RBX=0x000072b34c3fe650 points into unknown readable memory: 0x000072b36e893090 | 90 30 89 6e b3 72 00 00
RCX=0x00000000000000a2 is an unknown value
RDX=0x0 is NULL
RSP=0x000072b34c3fe380 points into unknown readable memory: 0x0000000000000028 | 28 00 00 00 00 00 00 00
RBP=0x000072b34c3fe3f0 points into unknown readable memory: 0x000072b34c3fe4b0 | b0 e4 3f 4c b3 72 00 00
RSI=0x0 is NULL
RDI=0x000072b30fbcc5e0 is pointing into metadata
R8 =0x000000002fffffff is an unknown value
R9 =0x0 is NULL
R10=0x000072b36827ad00 points into unknown readable memory: 0x4700000147000000 | 00 00 00 47 01 00 00 47
R11=0x00000000cfffff00 is an unknown value
R12=0x000072b30fbcc5e0 is pointing into metadata
R13=0x0000000000000062 is an unknown value
R14=0x000072b30fbc9a72 is pointing into metadata
R15=0x000072b34c3fe650 points into unknown readable memory: 0x000072b36e893090 | 90 30 89 6e b3 72 00 00


Registers:
RAX=0x0000000000000000, RBX=0x000072b34c3fe650, RCX=0x00000000000000a2, RDX=0x0000000000000000
RSP=0x000072b34c3fe380, RBP=0x000072b34c3fe3f0, RSI=0x0000000000000000, RDI=0x000072b30fbcc5e0
R8 =0x000000002fffffff, R9 =0x0000000000000000, R10=0x000072b36827ad00, R11=0x00000000cfffff00
R12=0x000072b30fbcc5e0, R13=0x0000000000000062, R14=0x000072b30fbc9a72, R15=0x000072b34c3fe650
RIP=0x000072b36dc47e9c, EFLAGS=0x0000000000010202, CSGSFS=0x002b000000000033, ERR=0x0000000000000004
  TRAPNO=0x000000000000000e

Top of Stack: (sp=0x000072b34c3fe380)
0x000072b34c3fe380:   0000000000000028 000072b34c3fe3c0
0x000072b34c3fe390:   0000000046000059 000072b34c3fe3b0
0x000072b34c3fe3a0:   000000004fffffff 0000000000000118
0x000072b34c3fe3b0:   000072b36e946ef8 000072b34c3fe650 

Instructions: (pc=0x000072b36dc47e9c)
0x000072b36dc47d9c:   3b 43 24 0f 8d c3 ee ff ff 48 63 4b 20 8d 70 01
0x000072b36dc47dac:   48 8b 53 48 89 73 58 48 01 c8 8b 0d 04 d9 d4 00
0x000072b36dc47dbc:   89 0c 82 e9 70 ea ff ff 0f 1f 40 00 48 63 43 58
0x000072b36dc47dcc:   3b 43 24 0f 8d 93 ee ff ff 41 8b 54 24 18 48 63
0x000072b36dc47ddc:   73 20 8d 78 01 48 8b 4b 48 89 7b 58 81 e2 ff ff
0x000072b36dc47dec:   ff 00 48 01 f0 81 ca 00 00 00 46 89 14 81 e9 35
0x000072b36dc47dfc:   ea ff ff 90 41 8b 74 24 18 48 89 df e8 63 d9 ff
0x000072b36dc47e0c:   ff e9 22 ea ff ff 66 0f 1f 44 00 00 49 8b 7c 24
0x000072b36dc47e1c:   08 49 63 44 24 18 48 8b 57 08 49 89 c0 4c 8d 64
0x000072b36dc47e2c:   02 38 41 80 3c 24 ca 0f 84 72 0d 00 00 41 0f b7
0x000072b36dc47e3c:   4c 24 01 31 d2 31 f6 48 89 df e8 d5 d4 ff ff e9
0x000072b36dc47e4c:   e4 e9 ff ff 49 8b 7c 24 08 49 63 44 24 18 48 8b
0x000072b36dc47e5c:   57 08 49 89 c5 4c 8d 74 02 38 41 80 3e ca 0f 84
0x000072b36dc47e6c:   a3 0c 00 00 48 8b 43 08 41 0f b7 76 01 31 d2 48
0x000072b36dc47e7c:   8b 40 08 4c 8b 60 08 4c 89 e7 e8 15 f4 e7 ff 4c
0x000072b36dc47e8c:   89 e7 89 c6 e8 cb f5 e7 ff 48 98 49 8b 44 c4 40
0x000072b36dc47e9c:   0f b6 40 06 3c 4c 0f 84 cf 0a 00 00 3c 5b 0f 84
0x000072b36dc47eac:   c7 0a 00 00 3c 4a 0f 84 49 0c 00 00 3c 44 0f 84
0x000072b36dc47ebc:   41 0c 00 00 3c 56 0f 84 cd 0f 00 00 8b 05 3a d7
0x000072b36dc47ecc:   d4 00 48 8d 15 e3 d7 d4 00 8b 0d 25 d7 d4 00 48
0x000072b36dc47edc:   8d 75 b0 48 89 df 89 45 b4 89 4d b0 e8 23 d3 ff
0x000072b36dc47eec:   ff e9 42 e9 ff ff 66 0f 1f 44 00 00 48 8d 35 b9
0x000072b36dc47efc:   d7 d4 00 ba 01 00 00 00 48 89 df e8 34 e6 ff ff
0x000072b36dc47f0c:   e9 23 e9 ff ff 0f 1f 80 00 00 00 00 44 8b 35 61
0x000072b36dc47f1c:   d7 d4 00 4c 8d 25 5a d7 d4 00 b9 01 00 00 00 4d
0x000072b36dc47f2c:   89 e5 45 85 f6 75 2b e9 fc e8 ff ff 0f 1f 84 00
0x000072b36dc47f3c:   00 00 00 00 48 8b 4b 48 4c 89 e8 4c 29 e0 44 89
0x000072b36dc47f4c:   3c 01 45 8b 75 00 45 85 f6 0f 84 d9 e8 ff ff 44
0x000072b36dc47f5c:   89 c1 8b 43 58 49 83 c5 04 85 c0 0f 8e 8b 09 00
0x000072b36dc47f6c:   00 48 63 7b 20 83 e8 01 48 8b 73 48 89 43 58 48
0x000072b36dc47f7c:   98 48 01 f8 44 8b 3c 86 45 31 fe 41 81 e6 00 00
0x000072b36dc47f8c:   00 f0 0f 85 7c 05 00 00 39 4b 20 44 8d 41 01 7d 


Stack slot to memory mapping:
stack at sp + 0 slots: 0x0000000000000028 is an unknown value
stack at sp + 1 slots: 0x000072b34c3fe3c0 points into unknown readable memory: 0x000072b34c3fe450 | 50 e4 3f 4c b3 72 00 00
stack at sp + 2 slots: 0x0000000046000059 is an unknown value
stack at sp + 3 slots: 0x000072b34c3fe3b0 points into unknown readable memory: 0x000072b36e946ef8 | f8 6e 94 6e b3 72 00 00
stack at sp + 4 slots: 0x000000004fffffff is an unknown value
stack at sp + 5 slots: 0x0000000000000118 is an unknown value
stack at sp + 6 slots: 0x000072b36e946ef8: <offset 0x0000000001546ef8> in /usr/lib/jvm/temurin-11-jdk-amd64/lib/server/libjvm.so at 0x000072b36d400000
stack at sp + 7 slots: 0x000072b34c3fe650 points into unknown readable memory: 0x000072b36e893090 | 90 30 89 6e b3 72 00 00

VM_Operation (0x000072b330ffe890): GetOrSetLocal, mode: safepoint, requested by thread 0x000072b36846c000


---------------  P R O C E S S  ---------------

Threads class SMR info:
_java_thread_list=0x000072b2e40011a0, length=20, elements={
0x000072b3682d7000, 0x000072b3682db000, 0x000072b3682f0000, 0x000072b3682f2000,
0x000072b3682f4000, 0x000072b3682f6000, 0x000072b3682f8000, 0x000072b3683ce000,
0x000072b36846c000, 0x000072b368470000, 0x000072b2e0001800, 0x000072b3689bc000,
0x000072b3689f8800, 0x000072b368bfe800, 0x000072b368c00800, 0x000072b2a43a2000,
0x000072b36935d800, 0x000072b369590800, 0x000072b368b10800, 0x000072b36802a800
}

Java Threads: ( => current thread )
  0x000072b3682d7000 JavaThread "Reference Handler" daemon [_thread_blocked, id=16704, stack(0x000072b34c1ff000,0x000072b34c2ff000)]
  0x000072b3682db000 JavaThread "Finalizer" daemon [_thread_blocked, id=16705, stack(0x000072b34c0ff000,0x000072b34c1ff000)]
  0x000072b3682f0000 JavaThread "Signal Dispatcher" daemon [_thread_blocked, id=16706, stack(0x000072b347f00000,0x000072b348000000)]
  0x000072b3682f2000 JavaThread "Service Thread" daemon [_thread_blocked, id=16707, stack(0x000072b340100000,0x000072b340200000)]
  0x000072b3682f4000 JavaThread "C2 CompilerThread0" daemon [_thread_blocked, id=16708, stack(0x000072b338300000,0x000072b338400000)]
  0x000072b3682f6000 JavaThread "C1 CompilerThread0" daemon [_thread_blocked, id=16709, stack(0x000072b338200000,0x000072b338300000)]
  0x000072b3682f8000 JavaThread "Sweeper thread" daemon [_thread_blocked, id=16710, stack(0x000072b338100000,0x000072b338200000)]
  0x000072b3683ce000 JavaThread "Common-Cleaner" daemon [_thread_blocked, id=16711, stack(0x000072b338000000,0x000072b338100000)]
  0x000072b36846c000 JavaThread "JDWP Transport Listener: dt_socket" daemon [_thread_blocked, id=16714, stack(0x000072b330f00000,0x000072b331000000)] _threads_hazard_ptr=0x000072b2e40011a0
  0x000072b368470000 JavaThread "JDWP Event Helper Thread" daemon [_thread_blocked, id=16717, stack(0x000072b330e00000,0x000072b330f00000)]
  0x000072b2e0001800 JavaThread "JDWP Command Reader" daemon [_thread_blocked, id=16718, stack(0x000072b330d00000,0x000072b330e00000)]
  0x000072b3689bc000 JavaThread "Java2D Disposer" daemon [_thread_blocked, id=16724, stack(0x000072b327f00000,0x000072b328000000)]
  0x000072b3689f8800 JavaThread "AWT-XAWT" daemon [_thread_blocked, id=16725, stack(0x000072b327e00000,0x000072b327f00000)]
  0x000072b368bfe800 JavaThread "AWT-Shutdown" [_thread_blocked, id=16726, stack(0x000072b327d00000,0x000072b327e00000)]
  0x000072b368c00800 JavaThread "AWT-EventQueue-0" [_thread_blocked, id=16727, stack(0x000072b327900000,0x000072b327a00000)]
  0x000072b2a43a2000 JavaThread "TimerQueue" daemon [_thread_blocked, id=16739, stack(0x000072b325900000,0x000072b325a00000)]
  0x000072b36935d800 JavaThread "Timer-0" daemon [_thread_blocked, id=16741, stack(0x000072b31bf00000,0x000072b31c000000)]
  0x000072b369590800 JavaThread "derby.rawStoreDaemon" daemon [_thread_blocked, id=16742, stack(0x000072b31bc06000,0x000072b31bd06000)]
  0x000072b368b10800 JavaThread "pool-1-thread-1" [_thread_in_native, id=16743, stack(0x000072b324f00000,0x000072b325000000)]
  0x000072b36802a800 JavaThread "DestroyJavaVM" [_thread_blocked, id=16697, stack(0x000072b36f400000,0x000072b36f500000)]

Other Threads:
=>0x000072b3682ce800 VMThread "VM Thread" [stack: 0x000072b34c300000,0x000072b34c400000] [id=16703]
  0x000072b368872800 WatcherThread [stack: 0x000072b330900000,0x000072b330a00000] [id=16720]
  0x000072b368044000 GCTaskThread "GC Thread#0" [stack: 0x000072b36eb00000,0x000072b36ec00000] [id=16698]
  0x000072b31c001000 GCTaskThread "GC Thread#1" [stack: 0x000072b327800000,0x000072b327900000] [id=16728]
  0x000072b31c002800 GCTaskThread "GC Thread#2" [stack: 0x000072b3276ff000,0x000072b3277ff000] [id=16729]
  0x000072b31c004800 GCTaskThread "GC Thread#3" [stack: 0x000072b327300000,0x000072b327400000] [id=16730]
  0x000072b31c006000 GCTaskThread "GC Thread#4" [stack: 0x000072b3271ff000,0x000072b3272ff000] [id=16731]
  0x000072b31c007800 GCTaskThread "GC Thread#5" [stack: 0x000072b3270fe000,0x000072b3271fe000] [id=16732]
  0x000072b31c009000 GCTaskThread "GC Thread#6" [stack: 0x000072b326b00000,0x000072b326c00000] [id=16733]
  0x000072b31c00a800 GCTaskThread "GC Thread#7" [stack: 0x000072b3269ff000,0x000072b326aff000] [id=16734]
  0x000072b36807e800 ConcurrentGCThread "G1 Main Marker" [stack: 0x000072b36c4fd000,0x000072b36c5fd000] [id=16699]
  0x000072b368080800 ConcurrentGCThread "G1 Conc#0" [stack: 0x000072b36c100000,0x000072b36c200000] [id=16700]
  0x000072b334001000 ConcurrentGCThread "G1 Conc#1" [stack: 0x000072b3268fe000,0x000072b3269fe000] [id=16736]
  0x000072b368202000 ConcurrentGCThread "G1 Refine#0" [stack: 0x000072b3670fe000,0x000072b3671fe000] [id=16701]
  0x000072b328001800 ConcurrentGCThread "G1 Refine#1" [stack: 0x000072b324100000,0x000072b324200000] [id=16751]
  0x000072b368204000 ConcurrentGCThread "G1 Young RemSet Sampling" [stack: 0x000072b366d00000,0x000072b366e00000] [id=16702]

Threads with active compile tasks:

VM state:at safepoint (normal execution)

VM Mutex/Monitor currently owned by a thread:  ([mutex/lock_event])
[0x000072b3680284e0] Threads_lock - owner thread: 0x000072b3682ce800

Heap address: 0x000000060c600000, size: 7994 MB, Compressed Oops mode: Zero based, Oop shift amount: 3
Narrow klass base: 0x0000000800000000, Narrow klass shift: 0
Compressed class space size: 1073741824 Address: 0x0000000800000000

Heap:
 garbage-first heap   total 616448K, used 262209K [0x000000060c600000, 0x0000000800000000)
  region size 2048K, 93 young (190464K), 1 survivors (2048K)
 Metaspace       used 51336K, capacity 53079K, committed 53532K, reserved 1095680K
  class space    used 5261K, capacity 6369K, committed 6524K, reserved 1048576K
Heap Regions: E=young(eden), S=young(survivor), O=old, HS=humongous(starts), HC=humongous(continues), CS=collection set, F=free, A=archive, TAMS=top-at-mark-start (previous, next)
|   0|0x000000060c600000, 0x000000060c800000, 0x000000060c800000|100%| O|  |TAMS 0x000000060c800000, 0x000000060c600000| Untracked 
|   1|0x000000060c800000, 0x000000060ca00000, 0x000000060ca00000|100%| O|  |TAMS 0x000000060ca00000, 0x000000060c800000| Untracked 
|   2|0x000000060ca00000, 0x000000060cc00000, 0x000000060cc00000|100%| O|  |TAMS 0x000000060cad7800, 0x000000060ca00000| Untracked 
|   3|0x000000060cc00000, 0x000000060ce00000, 0x000000060ce00000|100%|HS|  |TAMS 0x000000060ce00000, 0x000000060cc00000| Complete 
|   4|0x000000060ce00000, 0x000000060d000000, 0x000000060d000000|100%|HS|  |TAMS 0x000000060ce00000, 0x000000060ce00000| Complete 
|   5|0x000000060d000000, 0x000000060d200000, 0x000000060d200000|100%|HC|  |TAMS 0x000000060d000000, 0x000000060d000000| Complete 
|   6|0x000000060d200000, 0x000000060d400000, 0x000000060d400000|100%|HC|  |TAMS 0x000000060d200000, 0x000000060d200000| Complete 
|   7|0x000000060d400000, 0x000000060d600000, 0x000000060d600000|100%| O|  |TAMS 0x000000060d400000, 0x000000060d400000| Untracked 
|   8|0x000000060d600000, 0x000000060d800000, 0x000000060d800000|100%| O|  |TAMS 0x000000060d600000, 0x000000060d600000| Untracked 
|   9|0x000000060d800000, 0x000000060da00000, 0x000000060da00000|100%| O|  |TAMS 0x000000060d800000, 0x000000060d800000| Untracked 
|  10|0x000000060da00000, 0x000000060dc00000, 0x000000060dc00000|100%| O|  |TAMS 0x000000060da00000, 0x000000060da00000| Untracked 
|  11|0x000000060dc00000, 0x000000060de00000, 0x000000060de00000|100%| O|  |TAMS 0x000000060dc00000, 0x000000060dc00000| Untracked 
|  12|0x000000060de00000, 0x000000060e000000, 0x000000060e000000|100%| O|  |TAMS 0x000000060de00000, 0x000000060de00000| Untracked 
|  13|0x000000060e000000, 0x000000060e200000, 0x000000060e200000|100%| O|  |TAMS 0x000000060e000000, 0x000000060e000000| Untracked 
|  14|0x000000060e200000, 0x000000060e400000, 0x000000060e400000|100%|HS|  |TAMS 0x000000060e200000, 0x000000060e200000| Complete 
|  15|0x000000060e400000, 0x000000060e600000, 0x000000060e600000|100%|HC|  |TAMS 0x000000060e400000, 0x000000060e400000| Complete 
|  16|0x000000060e600000, 0x000000060e800000, 0x000000060e800000|100%|HC|  |TAMS 0x000000060e600000, 0x000000060e600000| Complete 
|  17|0x000000060e800000, 0x000000060ea00000, 0x000000060ea00000|100%|HS|  |TAMS 0x000000060e800000, 0x000000060e800000| Complete 
|  18|0x000000060ea00000, 0x000000060ec00000, 0x000000060ec00000|100%|HC|  |TAMS 0x000000060ea00000, 0x000000060ea00000| Complete 
|  19|0x000000060ec00000, 0x000000060ee00000, 0x000000060ee00000|100%|HC|  |TAMS 0x000000060ec00000, 0x000000060ec00000| Complete 
|  20|0x000000060ee00000, 0x000000060f000000, 0x000000060f000000|100%| O|  |TAMS 0x000000060ee00000, 0x000000060ee00000| Untracked 
|  21|0x000000060f000000, 0x000000060f200000, 0x000000060f200000|100%| O|  |TAMS 0x000000060f000000, 0x000000060f000000| Untracked 
|  22|0x000000060f200000, 0x000000060f400000, 0x000000060f400000|100%| O|  |TAMS 0x000000060f200000, 0x000000060f200000| Untracked 
|  23|0x000000060f400000, 0x000000060f600000, 0x000000060f600000|100%| O|  |TAMS 0x000000060f400000, 0x000000060f400000| Untracked 
|  24|0x000000060f600000, 0x000000060f800000, 0x000000060f800000|100%| O|  |TAMS 0x000000060f600000, 0x000000060f600000| Untracked 
|  25|0x000000060f800000, 0x000000060fa00000, 0x000000060fa00000|100%| O|  |TAMS 0x000000060f800000, 0x000000060f800000| Untracked 
|  26|0x000000060fa00000, 0x000000060fc00000, 0x000000060fc00000|100%| O|  |TAMS 0x000000060fa00000, 0x000000060fa00000| Untracked 
|  27|0x000000060fc00000, 0x000000060fe00000, 0x000000060fe00000|100%| O|  |TAMS 0x000000060fc00000, 0x000000060fc00000| Untracked 
|  28|0x000000060fe00000, 0x0000000610000000, 0x0000000610000000|100%| O|  |TAMS 0x000000060fe00000, 0x000000060fe00000| Untracked 
|  29|0x0000000610000000, 0x0000000610200000, 0x0000000610200000|100%| O|  |TAMS 0x0000000610000000, 0x0000000610000000| Untracked 
|  30|0x0000000610200000, 0x0000000610400000, 0x0000000610400000|100%| O|  |TAMS 0x0000000610200000, 0x0000000610200000| Untracked 
|  31|0x0000000610400000, 0x0000000610600000, 0x0000000610600000|100%| O|  |TAMS 0x0000000610400000, 0x0000000610400000| Untracked 
|  32|0x0000000610600000, 0x0000000610800000, 0x0000000610800000|100%| O|  |TAMS 0x0000000610600000, 0x0000000610600000| Untracked 
|  33|0x0000000610800000, 0x0000000610a00000, 0x0000000610a00000|100%| O|  |TAMS 0x0000000610800000, 0x0000000610800000| Untracked 
|  34|0x0000000610a00000, 0x0000000610a09200, 0x0000000610c00000|  1%| O|  |TAMS 0x0000000610a00000, 0x0000000610a00000| Untracked 
|  35|0x0000000610c00000, 0x0000000610e00000, 0x0000000610e00000|100%| O|  |TAMS 0x0000000610c00000, 0x0000000610c00000| Untracked 
|  36|0x0000000610e00000, 0x0000000611000000, 0x0000000611000000|100%|HS|  |TAMS 0x0000000610e00000, 0x0000000610e00000| Complete 
|  37|0x0000000611000000, 0x0000000611200000, 0x0000000611200000|100%|HC|  |TAMS 0x0000000611000000, 0x0000000611000000| Complete 
|  38|0x0000000611200000, 0x0000000611200000, 0x0000000611400000|  0%| F|  |TAMS 0x0000000611200000, 0x0000000611200000| Untracked 
|  39|0x0000000611400000, 0x0000000611400000, 0x0000000611600000|  0%| F|  |TAMS 0x0000000611400000, 0x0000000611400000| Untracked 
|  40|0x0000000611600000, 0x0000000611600000, 0x0000000611800000|  0%| F|  |TAMS 0x0000000611600000, 0x0000000611600000| Untracked 
|  41|0x0000000611800000, 0x0000000611800000, 0x0000000611a00000|  0%| F|  |TAMS 0x0000000611800000, 0x0000000611800000| Untracked 
|  42|0x0000000611a00000, 0x0000000611a00000, 0x0000000611c00000|  0%| F|  |TAMS 0x0000000611a00000, 0x0000000611a00000| Untracked 
|  43|0x0000000611c00000, 0x0000000611c00000, 0x0000000611e00000|  0%| F|  |TAMS 0x0000000611c00000, 0x0000000611c00000| Untracked 
|  44|0x0000000611e00000, 0x0000000611e00000, 0x0000000612000000|  0%| F|  |TAMS 0x0000000611e00000, 0x0000000611e00000| Untracked 
|  45|0x0000000612000000, 0x0000000612000000, 0x0000000612200000|  0%| F|  |TAMS 0x0000000612000000, 0x0000000612000000| Untracked 
|  46|0x0000000612200000, 0x0000000612200000, 0x0000000612400000|  0%| F|  |TAMS 0x0000000612200000, 0x0000000612200000| Untracked 
|  47|0x0000000612400000, 0x0000000612400000, 0x0000000612600000|  0%| F|  |TAMS 0x0000000612400000, 0x0000000612400000| Untracked 
|  48|0x0000000612600000, 0x0000000612600000, 0x0000000612800000|  0%| F|  |TAMS 0x0000000612600000, 0x0000000612600000| Untracked 
|  49|0x0000000612800000, 0x0000000612800000, 0x0000000612a00000|  0%| F|  |TAMS 0x0000000612800000, 0x0000000612800000| Untracked 
|  50|0x0000000612a00000, 0x0000000612a00000, 0x0000000612c00000|  0%| F|  |TAMS 0x0000000612a00000, 0x0000000612a00000| Untracked 
|  51|0x0000000612c00000, 0x0000000612c00000, 0x0000000612e00000|  0%| F|  |TAMS 0x0000000612c00000, 0x0000000612c00000| Untracked 
|  52|0x0000000612e00000, 0x0000000612e00000, 0x0000000613000000|  0%| F|  |TAMS 0x0000000612e00000, 0x0000000612e00000| Untracked 
|  53|0x0000000613000000, 0x0000000613000000, 0x0000000613200000|  0%| F|  |TAMS 0x0000000613000000, 0x0000000613000000| Untracked 
|  54|0x0000000613200000, 0x0000000613200000, 0x0000000613400000|  0%| F|  |TAMS 0x0000000613200000, 0x0000000613200000| Untracked 
|  55|0x0000000613400000, 0x0000000613400000, 0x0000000613600000|  0%| F|  |TAMS 0x0000000613400000, 0x0000000613400000| Untracked 
|  56|0x0000000613600000, 0x0000000613600000, 0x0000000613800000|  0%| F|  |TAMS 0x0000000613600000, 0x0000000613600000| Untracked 
|  57|0x0000000613800000, 0x0000000613800000, 0x0000000613a00000|  0%| F|  |TAMS 0x0000000613800000, 0x0000000613800000| Untracked 
|  58|0x0000000613a00000, 0x0000000613a00000, 0x0000000613c00000|  0%| F|  |TAMS 0x0000000613a00000, 0x0000000613a00000| Untracked 
|  59|0x0000000613c00000, 0x0000000613c00000, 0x0000000613e00000|  0%| F|  |TAMS 0x0000000613c00000, 0x0000000613c00000| Untracked 
|  60|0x0000000613e00000, 0x0000000613e00000, 0x0000000614000000|  0%| F|  |TAMS 0x0000000613e00000, 0x0000000613e00000| Untracked 
|  61|0x0000000614000000, 0x0000000614000000, 0x0000000614200000|  0%| F|  |TAMS 0x0000000614000000, 0x0000000614000000| Untracked 
|  62|0x0000000614200000, 0x0000000614200000, 0x0000000614400000|  0%| F|  |TAMS 0x0000000614200000, 0x0000000614200000| Untracked 
|  63|0x0000000614400000, 0x0000000614400000, 0x0000000614600000|  0%| F|  |TAMS 0x0000000614400000, 0x0000000614400000| Untracked 
|  64|0x0000000614600000, 0x0000000614600000, 0x0000000614800000|  0%| F|  |TAMS 0x0000000614600000, 0x0000000614600000| Untracked 
|  65|0x0000000614800000, 0x0000000614800000, 0x0000000614a00000|  0%| F|  |TAMS 0x0000000614800000, 0x0000000614800000| Untracked 
|  66|0x0000000614a00000, 0x0000000614a00000, 0x0000000614c00000|  0%| F|  |TAMS 0x0000000614a00000, 0x0000000614a00000| Untracked 
|  67|0x0000000614c00000, 0x0000000614c00000, 0x0000000614e00000|  0%| F|  |TAMS 0x0000000614c00000, 0x0000000614c00000| Untracked 
|  68|0x0000000614e00000, 0x0000000614e00000, 0x0000000615000000|  0%| F|  |TAMS 0x0000000614e00000, 0x0000000614e00000| Untracked 
|  69|0x0000000615000000, 0x0000000615000000, 0x0000000615200000|  0%| F|  |TAMS 0x0000000615000000, 0x0000000615000000| Untracked 
|  70|0x0000000615200000, 0x0000000615200000, 0x0000000615400000|  0%| F|  |TAMS 0x0000000615200000, 0x0000000615200000| Untracked 
|  71|0x0000000615400000, 0x0000000615400000, 0x0000000615600000|  0%| F|  |TAMS 0x0000000615400000, 0x0000000615400000| Untracked 
|  72|0x0000000615600000, 0x0000000615600000, 0x0000000615800000|  0%| F|  |TAMS 0x0000000615600000, 0x0000000615600000| Untracked 
|  73|0x0000000615800000, 0x0000000615800000, 0x0000000615a00000|  0%| F|  |TAMS 0x0000000615800000, 0x0000000615800000| Untracked 
|  74|0x0000000615a00000, 0x0000000615a00000, 0x0000000615c00000|  0%| F|  |TAMS 0x0000000615a00000, 0x0000000615a00000| Untracked 
|  75|0x0000000615c00000, 0x0000000615c00000, 0x0000000615e00000|  0%| F|  |TAMS 0x0000000615c00000, 0x0000000615c00000| Untracked 
|  76|0x0000000615e00000, 0x0000000615e00000, 0x0000000616000000|  0%| F|  |TAMS 0x0000000615e00000, 0x0000000615e00000| Untracked 
|  77|0x0000000616000000, 0x0000000616000000, 0x0000000616200000|  0%| F|  |TAMS 0x0000000616000000, 0x0000000616000000| Untracked 
|  78|0x0000000616200000, 0x0000000616200000, 0x0000000616400000|  0%| F|  |TAMS 0x0000000616200000, 0x0000000616200000| Untracked 
|  79|0x0000000616400000, 0x0000000616400000, 0x0000000616600000|  0%| F|  |TAMS 0x0000000616400000, 0x0000000616400000| Untracked 
|  80|0x0000000616600000, 0x0000000616600000, 0x0000000616800000|  0%| F|  |TAMS 0x0000000616600000, 0x0000000616600000| Untracked 
|  81|0x0000000616800000, 0x0000000616800000, 0x0000000616a00000|  0%| F|  |TAMS 0x0000000616800000, 0x0000000616800000| Untracked 
|  82|0x0000000616a00000, 0x0000000616a00000, 0x0000000616c00000|  0%| F|  |TAMS 0x0000000616a00000, 0x0000000616a00000| Untracked 
|  83|0x0000000616c00000, 0x0000000616c00000, 0x0000000616e00000|  0%| F|  |TAMS 0x0000000616c00000, 0x0000000616c00000| Untracked 
|  84|0x0000000616e00000, 0x0000000616e00000, 0x0000000617000000|  0%| F|  |TAMS 0x0000000616e00000, 0x0000000616e00000| Untracked 
|  85|0x0000000617000000, 0x0000000617000000, 0x0000000617200000|  0%| F|  |TAMS 0x0000000617000000, 0x0000000617000000| Untracked 
|  86|0x0000000617200000, 0x0000000617200000, 0x0000000617400000|  0%| F|  |TAMS 0x0000000617200000, 0x0000000617200000| Untracked 
|  87|0x0000000617400000, 0x0000000617400000, 0x0000000617600000|  0%| F|  |TAMS 0x0000000617400000, 0x0000000617400000| Untracked 
|  88|0x0000000617600000, 0x0000000617600000, 0x0000000617800000|  0%| F|  |TAMS 0x0000000617600000, 0x0000000617600000| Untracked 
|  89|0x0000000617800000, 0x0000000617800000, 0x0000000617a00000|  0%| F|  |TAMS 0x0000000617800000, 0x0000000617800000| Untracked 
|  90|0x0000000617a00000, 0x0000000617a00000, 0x0000000617c00000|  0%| F|  |TAMS 0x0000000617a00000, 0x0000000617a00000| Untracked 
|  91|0x0000000617c00000, 0x0000000617c00000, 0x0000000617e00000|  0%| F|  |TAMS 0x0000000617c00000, 0x0000000617c00000| Untracked 
|  92|0x0000000617e00000, 0x0000000617e00000, 0x0000000618000000|  0%| F|  |TAMS 0x0000000617e00000, 0x0000000617e00000| Untracked 
|  93|0x0000000618000000, 0x0000000618000000, 0x0000000618200000|  0%| F|  |TAMS 0x0000000618000000, 0x0000000618000000| Untracked 
|  94|0x0000000618200000, 0x0000000618200000, 0x0000000618400000|  0%| F|  |TAMS 0x0000000618200000, 0x0000000618200000| Untracked 
|  95|0x0000000618400000, 0x0000000618400000, 0x0000000618600000|  0%| F|  |TAMS 0x0000000618400000, 0x0000000618400000| Untracked 
|  96|0x0000000618600000, 0x0000000618600000, 0x0000000618800000|  0%| F|  |TAMS 0x0000000618600000, 0x0000000618600000| Untracked 
|  97|0x0000000618800000, 0x0000000618800000, 0x0000000618a00000|  0%| F|  |TAMS 0x0000000618800000, 0x0000000618800000| Untracked 
|  98|0x0000000618a00000, 0x0000000618a00000, 0x0000000618c00000|  0%| F|  |TAMS 0x0000000618a00000, 0x0000000618a00000| Untracked 
|  99|0x0000000618c00000, 0x0000000618c00000, 0x0000000618e00000|  0%| F|  |TAMS 0x0000000618c00000, 0x0000000618c00000| Untracked 
| 100|0x0000000618e00000, 0x0000000618e00000, 0x0000000619000000|  0%| F|  |TAMS 0x0000000618e00000, 0x0000000618e00000| Untracked 
| 101|0x0000000619000000, 0x0000000619000000, 0x0000000619200000|  0%| F|  |TAMS 0x0000000619000000, 0x0000000619000000| Untracked 
| 102|0x0000000619200000, 0x0000000619200000, 0x0000000619400000|  0%| F|  |TAMS 0x0000000619200000, 0x0000000619200000| Untracked 
| 103|0x0000000619400000, 0x0000000619400000, 0x0000000619600000|  0%| F|  |TAMS 0x0000000619400000, 0x0000000619400000| Untracked 
| 104|0x0000000619600000, 0x0000000619600000, 0x0000000619800000|  0%| F|  |TAMS 0x0000000619600000, 0x0000000619600000| Untracked 
| 105|0x0000000619800000, 0x0000000619800000, 0x0000000619a00000|  0%| F|  |TAMS 0x0000000619800000, 0x0000000619800000| Untracked 
| 106|0x0000000619a00000, 0x0000000619a00000, 0x0000000619c00000|  0%| F|  |TAMS 0x0000000619a00000, 0x0000000619a00000| Untracked 
| 107|0x0000000619c00000, 0x0000000619c00000, 0x0000000619e00000|  0%| F|  |TAMS 0x0000000619c00000, 0x0000000619c00000| Untracked 
| 108|0x0000000619e00000, 0x0000000619e00000, 0x000000061a000000|  0%| F|  |TAMS 0x0000000619e00000, 0x0000000619e00000| Untracked 
| 109|0x000000061a000000, 0x000000061a000000, 0x000000061a200000|  0%| F|  |TAMS 0x000000061a000000, 0x000000061a000000| Untracked 
| 110|0x000000061a200000, 0x000000061a200000, 0x000000061a400000|  0%| F|  |TAMS 0x000000061a200000, 0x000000061a200000| Untracked 
| 111|0x000000061a400000, 0x000000061a400000, 0x000000061a600000|  0%| F|  |TAMS 0x000000061a400000, 0x000000061a400000| Untracked 
| 112|0x000000061a600000, 0x000000061a600000, 0x000000061a800000|  0%| F|  |TAMS 0x000000061a600000, 0x000000061a600000| Untracked 
| 113|0x000000061a800000, 0x000000061a800000, 0x000000061aa00000|  0%| F|  |TAMS 0x000000061a800000, 0x000000061a800000| Untracked 
| 114|0x000000061aa00000, 0x000000061aa00000, 0x000000061ac00000|  0%| F|  |TAMS 0x000000061aa00000, 0x000000061aa00000| Untracked 
| 115|0x000000061ac00000, 0x000000061ac00000, 0x000000061ae00000|  0%| F|  |TAMS 0x000000061ac00000, 0x000000061ac00000| Untracked 
| 116|0x000000061ae00000, 0x000000061ae00000, 0x000000061b000000|  0%| F|  |TAMS 0x000000061ae00000, 0x000000061ae00000| Untracked 
| 117|0x000000061b000000, 0x000000061b000000, 0x000000061b200000|  0%| F|  |TAMS 0x000000061b000000, 0x000000061b000000| Untracked 
| 118|0x000000061b200000, 0x000000061b200000, 0x000000061b400000|  0%| F|  |TAMS 0x000000061b200000, 0x000000061b200000| Untracked 
| 119|0x000000061b400000, 0x000000061b400000, 0x000000061b600000|  0%| F|  |TAMS 0x000000061b400000, 0x000000061b400000| Untracked 
| 120|0x000000061b600000, 0x000000061b607350, 0x000000061b800000|  1%| S|CS|TAMS 0x000000061b600000, 0x000000061b600000| Complete 
| 121|0x000000061b800000, 0x000000061b800000, 0x000000061ba00000|  0%| F|  |TAMS 0x000000061b800000, 0x000000061b800000| Untracked 
| 122|0x000000061ba00000, 0x000000061ba00000, 0x000000061bc00000|  0%| F|  |TAMS 0x000000061ba00000, 0x000000061ba00000| Untracked 
| 123|0x000000061bc00000, 0x000000061bc00000, 0x000000061be00000|  0%| F|  |TAMS 0x000000061bc00000, 0x000000061bc00000| Untracked 
| 124|0x000000061be00000, 0x000000061be00000, 0x000000061c000000|  0%| F|  |TAMS 0x000000061be00000, 0x000000061be00000| Untracked 
| 125|0x000000061c000000, 0x000000061c000000, 0x000000061c200000|  0%| F|  |TAMS 0x000000061c000000, 0x000000061c000000| Untracked 
| 126|0x000000061c200000, 0x000000061c200000, 0x000000061c400000|  0%| F|  |TAMS 0x000000061c200000, 0x000000061c200000| Untracked 
| 127|0x000000061c400000, 0x000000061c400000, 0x000000061c600000|  0%| F|  |TAMS 0x000000061c400000, 0x000000061c400000| Untracked 
| 128|0x000000061c600000, 0x000000061c600000, 0x000000061c800000|  0%| F|  |TAMS 0x000000061c600000, 0x000000061c600000| Untracked 
| 129|0x000000061c800000, 0x000000061c800000, 0x000000061ca00000|  0%| F|  |TAMS 0x000000061c800000, 0x000000061c800000| Untracked 
| 130|0x000000061ca00000, 0x000000061ca00000, 0x000000061cc00000|  0%| F|  |TAMS 0x000000061ca00000, 0x000000061ca00000| Untracked 
| 131|0x000000061cc00000, 0x000000061cc00000, 0x000000061ce00000|  0%| F|  |TAMS 0x000000061cc00000, 0x000000061cc00000| Untracked 
| 132|0x000000061ce00000, 0x000000061ce00000, 0x000000061d000000|  0%| F|  |TAMS 0x000000061ce00000, 0x000000061ce00000| Untracked 
| 133|0x000000061d000000, 0x000000061d000000, 0x000000061d200000|  0%| F|  |TAMS 0x000000061d000000, 0x000000061d000000| Untracked 
| 134|0x000000061d200000, 0x000000061d200000, 0x000000061d400000|  0%| F|  |TAMS 0x000000061d200000, 0x000000061d200000| Untracked 
| 135|0x000000061d400000, 0x000000061d400000, 0x000000061d600000|  0%| F|  |TAMS 0x000000061d400000, 0x000000061d400000| Untracked 
| 136|0x000000061d600000, 0x000000061d600000, 0x000000061d800000|  0%| F|  |TAMS 0x000000061d600000, 0x000000061d600000| Untracked 
| 137|0x000000061d800000, 0x000000061d800000, 0x000000061da00000|  0%| F|  |TAMS 0x000000061d800000, 0x000000061d800000| Untracked 
| 138|0x000000061da00000, 0x000000061da00000, 0x000000061dc00000|  0%| F|  |TAMS 0x000000061da00000, 0x000000061da00000| Untracked 
| 139|0x000000061dc00000, 0x000000061dc00000, 0x000000061de00000|  0%| F|  |TAMS 0x000000061dc00000, 0x000000061dc00000| Untracked 
| 140|0x000000061de00000, 0x000000061de00000, 0x000000061e000000|  0%| F|  |TAMS 0x000000061de00000, 0x000000061de00000| Untracked 
| 141|0x000000061e000000, 0x000000061e000000, 0x000000061e200000|  0%| F|  |TAMS 0x000000061e000000, 0x000000061e000000| Untracked 
| 142|0x000000061e200000, 0x000000061e200000, 0x000000061e400000|  0%| F|  |TAMS 0x000000061e200000, 0x000000061e200000| Untracked 
| 143|0x000000061e400000, 0x000000061e400000, 0x000000061e600000|  0%| F|  |TAMS 0x000000061e400000, 0x000000061e400000| Untracked 
| 144|0x000000061e600000, 0x000000061e600000, 0x000000061e800000|  0%| F|  |TAMS 0x000000061e600000, 0x000000061e600000| Untracked 
| 145|0x000000061e800000, 0x000000061e800000, 0x000000061ea00000|  0%| F|  |TAMS 0x000000061e800000, 0x000000061e800000| Untracked 
| 146|0x000000061ea00000, 0x000000061ea00000, 0x000000061ec00000|  0%| F|  |TAMS 0x000000061ea00000, 0x000000061ea00000| Untracked 
| 147|0x000000061ec00000, 0x000000061ec00000, 0x000000061ee00000|  0%| F|  |TAMS 0x000000061ec00000, 0x000000061ec00000| Untracked 
| 148|0x000000061ee00000, 0x000000061ee00000, 0x000000061f000000|  0%| F|  |TAMS 0x000000061ee00000, 0x000000061ee00000| Untracked 
| 149|0x000000061f000000, 0x000000061f000000, 0x000000061f200000|  0%| F|  |TAMS 0x000000061f000000, 0x000000061f000000| Untracked 
| 150|0x000000061f200000, 0x000000061f200000, 0x000000061f400000|  0%| F|  |TAMS 0x000000061f200000, 0x000000061f200000| Untracked 
| 151|0x000000061f400000, 0x000000061f400000, 0x000000061f600000|  0%| F|  |TAMS 0x000000061f400000, 0x000000061f400000| Untracked 
| 152|0x000000061f600000, 0x000000061f600000, 0x000000061f800000|  0%| F|  |TAMS 0x000000061f600000, 0x000000061f600000| Untracked 
| 153|0x000000061f800000, 0x000000061f800000, 0x000000061fa00000|  0%| F|  |TAMS 0x000000061f800000, 0x000000061f800000| Untracked 
| 154|0x000000061fa00000, 0x000000061fa00000, 0x000000061fc00000|  0%| F|  |TAMS 0x000000061fa00000, 0x000000061fa00000| Untracked 
| 155|0x000000061fc00000, 0x000000061fc00000, 0x000000061fe00000|  0%| F|  |TAMS 0x000000061fc00000, 0x000000061fc00000| Untracked 
| 156|0x000000061fe00000, 0x000000061fe00000, 0x0000000620000000|  0%| F|  |TAMS 0x000000061fe00000, 0x000000061fe00000| Untracked 
| 157|0x0000000620000000, 0x0000000620000000, 0x0000000620200000|  0%| F|  |TAMS 0x0000000620000000, 0x0000000620000000| Untracked 
| 158|0x0000000620200000, 0x0000000620200000, 0x0000000620400000|  0%| F|  |TAMS 0x0000000620200000, 0x0000000620200000| Untracked 
| 159|0x0000000620400000, 0x0000000620400000, 0x0000000620600000|  0%| F|  |TAMS 0x0000000620400000, 0x0000000620400000| Untracked 
| 160|0x0000000620600000, 0x0000000620600000, 0x0000000620800000|  0%| F|  |TAMS 0x0000000620600000, 0x0000000620600000| Untracked 
| 161|0x0000000620800000, 0x0000000620800000, 0x0000000620a00000|  0%| F|  |TAMS 0x0000000620800000, 0x0000000620800000| Untracked 
| 162|0x0000000620a00000, 0x0000000620a00000, 0x0000000620c00000|  0%| F|  |TAMS 0x0000000620a00000, 0x0000000620a00000| Untracked 
| 163|0x0000000620c00000, 0x0000000620c00000, 0x0000000620e00000|  0%| F|  |TAMS 0x0000000620c00000, 0x0000000620c00000| Untracked 
| 164|0x0000000620e00000, 0x0000000620e00000, 0x0000000621000000|  0%| F|  |TAMS 0x0000000620e00000, 0x0000000620e00000| Untracked 
| 165|0x0000000621000000, 0x0000000621000000, 0x0000000621200000|  0%| F|  |TAMS 0x0000000621000000, 0x0000000621000000| Untracked 
| 166|0x0000000621200000, 0x0000000621200000, 0x0000000621400000|  0%| F|  |TAMS 0x0000000621200000, 0x0000000621200000| Untracked 
| 167|0x0000000621400000, 0x0000000621400000, 0x0000000621600000|  0%| F|  |TAMS 0x0000000621400000, 0x0000000621400000| Untracked 
| 168|0x0000000621600000, 0x0000000621600000, 0x0000000621800000|  0%| F|  |TAMS 0x0000000621600000, 0x0000000621600000| Untracked 
| 169|0x0000000621800000, 0x0000000621800000, 0x0000000621a00000|  0%| F|  |TAMS 0x0000000621800000, 0x0000000621800000| Untracked 
| 170|0x0000000621a00000, 0x0000000621a00000, 0x0000000621c00000|  0%| F|  |TAMS 0x0000000621a00000, 0x0000000621a00000| Untracked 
| 171|0x0000000621c00000, 0x0000000621c00000, 0x0000000621e00000|  0%| F|  |TAMS 0x0000000621c00000, 0x0000000621c00000| Untracked 
| 172|0x0000000621e00000, 0x0000000621e00000, 0x0000000622000000|  0%| F|  |TAMS 0x0000000621e00000, 0x0000000621e00000| Untracked 
| 173|0x0000000622000000, 0x0000000622000000, 0x0000000622200000|  0%| F|  |TAMS 0x0000000622000000, 0x0000000622000000| Untracked 
| 174|0x0000000622200000, 0x0000000622200000, 0x0000000622400000|  0%| F|  |TAMS 0x0000000622200000, 0x0000000622200000| Untracked 
| 175|0x0000000622400000, 0x0000000622400000, 0x0000000622600000|  0%| F|  |TAMS 0x0000000622400000, 0x0000000622400000| Untracked 
| 176|0x0000000622600000, 0x0000000622600000, 0x0000000622800000|  0%| F|  |TAMS 0x0000000622600000, 0x0000000622600000| Untracked 
| 177|0x0000000622800000, 0x0000000622800000, 0x0000000622a00000|  0%| F|  |TAMS 0x0000000622800000, 0x0000000622800000| Untracked 
| 178|0x0000000622a00000, 0x0000000622a00000, 0x0000000622c00000|  0%| F|  |TAMS 0x0000000622a00000, 0x0000000622a00000| Untracked 
| 179|0x0000000622c00000, 0x0000000622c00000, 0x0000000622e00000|  0%| F|  |TAMS 0x0000000622c00000, 0x0000000622c00000| Untracked 
| 180|0x0000000622e00000, 0x0000000622e00000, 0x0000000623000000|  0%| F|  |TAMS 0x0000000622e00000, 0x0000000622e00000| Untracked 
| 181|0x0000000623000000, 0x0000000623000000, 0x0000000623200000|  0%| F|  |TAMS 0x0000000623000000, 0x0000000623000000| Untracked 
| 182|0x0000000623200000, 0x0000000623200000, 0x0000000623400000|  0%| F|  |TAMS 0x0000000623200000, 0x0000000623200000| Untracked 
| 183|0x0000000623400000, 0x0000000623400000, 0x0000000623600000|  0%| F|  |TAMS 0x0000000623400000, 0x0000000623400000| Untracked 
| 184|0x0000000623600000, 0x0000000623600000, 0x0000000623800000|  0%| F|  |TAMS 0x0000000623600000, 0x0000000623600000| Untracked 
| 185|0x0000000623800000, 0x0000000623800000, 0x0000000623a00000|  0%| F|  |TAMS 0x0000000623800000, 0x0000000623800000| Untracked 
| 186|0x0000000623a00000, 0x0000000623a00000, 0x0000000623c00000|  0%| F|  |TAMS 0x0000000623a00000, 0x0000000623a00000| Untracked 
| 187|0x0000000623c00000, 0x0000000623c00000, 0x0000000623e00000|  0%| F|  |TAMS 0x0000000623c00000, 0x0000000623c00000| Untracked 
| 188|0x0000000623e00000, 0x0000000623e00000, 0x0000000624000000|  0%| F|  |TAMS 0x0000000623e00000, 0x0000000623e00000| Untracked 
| 189|0x0000000624000000, 0x0000000624000000, 0x0000000624200000|  0%| F|  |TAMS 0x0000000624000000, 0x0000000624000000| Untracked 
| 190|0x0000000624200000, 0x0000000624200000, 0x0000000624400000|  0%| F|  |TAMS 0x0000000624200000, 0x0000000624200000| Untracked 
| 191|0x0000000624400000, 0x0000000624400000, 0x0000000624600000|  0%| F|  |TAMS 0x0000000624400000, 0x0000000624400000| Untracked 
| 192|0x0000000624600000, 0x0000000624600000, 0x0000000624800000|  0%| F|  |TAMS 0x0000000624600000, 0x0000000624600000| Untracked 
| 193|0x0000000624800000, 0x0000000624800000, 0x0000000624a00000|  0%| F|  |TAMS 0x0000000624800000, 0x0000000624800000| Untracked 
| 194|0x0000000624a00000, 0x0000000624a00000, 0x0000000624c00000|  0%| F|  |TAMS 0x0000000624a00000, 0x0000000624a00000| Untracked 
| 195|0x0000000624c00000, 0x0000000624c00000, 0x0000000624e00000|  0%| F|  |TAMS 0x0000000624c00000, 0x0000000624c00000| Untracked 
| 196|0x0000000624e00000, 0x0000000624e00000, 0x0000000625000000|  0%| F|  |TAMS 0x0000000624e00000, 0x0000000624e00000| Untracked 
| 197|0x0000000625000000, 0x0000000625000000, 0x0000000625200000|  0%| F|  |TAMS 0x0000000625000000, 0x0000000625000000| Untracked 
| 198|0x0000000625200000, 0x0000000625200000, 0x0000000625400000|  0%| F|  |TAMS 0x0000000625200000, 0x0000000625200000| Untracked 
| 199|0x0000000625400000, 0x0000000625400000, 0x0000000625600000|  0%| F|  |TAMS 0x0000000625400000, 0x0000000625400000| Untracked 
| 200|0x0000000625600000, 0x0000000625600000, 0x0000000625800000|  0%| F|  |TAMS 0x0000000625600000, 0x0000000625600000| Untracked 
| 201|0x0000000625800000, 0x0000000625800000, 0x0000000625a00000|  0%| F|  |TAMS 0x0000000625800000, 0x0000000625800000| Untracked 
| 202|0x0000000625a00000, 0x0000000625a00000, 0x0000000625c00000|  0%| F|  |TAMS 0x0000000625a00000, 0x0000000625a00000| Untracked 
| 203|0x0000000625c00000, 0x0000000625c00000, 0x0000000625e00000|  0%| F|  |TAMS 0x0000000625c00000, 0x0000000625c00000| Untracked 
| 204|0x0000000625e00000, 0x0000000625e00000, 0x0000000626000000|  0%| F|  |TAMS 0x0000000625e00000, 0x0000000625e00000| Untracked 
| 205|0x0000000626000000, 0x0000000626000000, 0x0000000626200000|  0%| F|  |TAMS 0x0000000626000000, 0x0000000626000000| Untracked 
| 206|0x0000000626200000, 0x0000000626200000, 0x0000000626400000|  0%| F|  |TAMS 0x0000000626200000, 0x0000000626200000| Untracked 
| 207|0x0000000626400000, 0x0000000626400000, 0x0000000626600000|  0%| F|  |TAMS 0x0000000626400000, 0x0000000626400000| Untracked 
| 208|0x0000000626600000, 0x0000000626600000, 0x0000000626800000|  0%| F|  |TAMS 0x0000000626600000, 0x0000000626600000| Untracked 
| 209|0x0000000626800000, 0x0000000626901258, 0x0000000626a00000| 50%| E|  |TAMS 0x0000000626800000, 0x0000000626800000| Complete 
| 210|0x0000000626a00000, 0x0000000626c00000, 0x0000000626c00000|100%| E|CS|TAMS 0x0000000626a00000, 0x0000000626a00000| Complete 
| 211|0x0000000626c00000, 0x0000000626e00000, 0x0000000626e00000|100%| E|CS|TAMS 0x0000000626c00000, 0x0000000626c00000| Complete 
| 212|0x0000000626e00000, 0x0000000627000000, 0x0000000627000000|100%| E|CS|TAMS 0x0000000626e00000, 0x0000000626e00000| Complete 
| 213|0x0000000627000000, 0x0000000627200000, 0x0000000627200000|100%| E|CS|TAMS 0x0000000627000000, 0x0000000627000000| Complete 
| 214|0x0000000627200000, 0x0000000627400000, 0x0000000627400000|100%| E|CS|TAMS 0x0000000627200000, 0x0000000627200000| Complete 
| 215|0x0000000627400000, 0x0000000627600000, 0x0000000627600000|100%| E|CS|TAMS 0x0000000627400000, 0x0000000627400000| Complete 
| 216|0x0000000627600000, 0x0000000627800000, 0x0000000627800000|100%| E|CS|TAMS 0x0000000627600000, 0x0000000627600000| Complete 
| 217|0x0000000627800000, 0x0000000627a00000, 0x0000000627a00000|100%| E|CS|TAMS 0x0000000627800000, 0x0000000627800000| Complete 
| 218|0x0000000627a00000, 0x0000000627c00000, 0x0000000627c00000|100%| E|CS|TAMS 0x0000000627a00000, 0x0000000627a00000| Complete 
| 219|0x0000000627c00000, 0x0000000627e00000, 0x0000000627e00000|100%| E|CS|TAMS 0x0000000627c00000, 0x0000000627c00000| Complete 
| 220|0x0000000627e00000, 0x0000000628000000, 0x0000000628000000|100%| E|CS|TAMS 0x0000000627e00000, 0x0000000627e00000| Complete 
| 221|0x0000000628000000, 0x0000000628200000, 0x0000000628200000|100%| E|CS|TAMS 0x0000000628000000, 0x0000000628000000| Complete 
| 222|0x0000000628200000, 0x0000000628400000, 0x0000000628400000|100%| E|CS|TAMS 0x0000000628200000, 0x0000000628200000| Complete 
| 223|0x0000000628400000, 0x0000000628600000, 0x0000000628600000|100%| E|CS|TAMS 0x0000000628400000, 0x0000000628400000| Complete 
| 224|0x0000000628600000, 0x0000000628800000, 0x0000000628800000|100%| E|CS|TAMS 0x0000000628600000, 0x0000000628600000| Complete 
| 225|0x0000000628800000, 0x0000000628a00000, 0x0000000628a00000|100%| E|CS|TAMS 0x0000000628800000, 0x0000000628800000| Complete 
| 226|0x0000000628a00000, 0x0000000628c00000, 0x0000000628c00000|100%| E|CS|TAMS 0x0000000628a00000, 0x0000000628a00000| Complete 
| 227|0x0000000628c00000, 0x0000000628e00000, 0x0000000628e00000|100%| E|CS|TAMS 0x0000000628c00000, 0x0000000628c00000| Complete 
| 228|0x0000000628e00000, 0x0000000629000000, 0x0000000629000000|100%| E|CS|TAMS 0x0000000628e00000, 0x0000000628e00000| Complete 
| 229|0x0000000629000000, 0x0000000629200000, 0x0000000629200000|100%| E|CS|TAMS 0x0000000629000000, 0x0000000629000000| Complete 
| 230|0x0000000629200000, 0x0000000629400000, 0x0000000629400000|100%| E|CS|TAMS 0x0000000629200000, 0x0000000629200000| Complete 
| 231|0x0000000629400000, 0x0000000629600000, 0x0000000629600000|100%| E|CS|TAMS 0x0000000629400000, 0x0000000629400000| Complete 
| 232|0x0000000629600000, 0x0000000629800000, 0x0000000629800000|100%| E|CS|TAMS 0x0000000629600000, 0x0000000629600000| Complete 
| 233|0x0000000629800000, 0x0000000629a00000, 0x0000000629a00000|100%| E|CS|TAMS 0x0000000629800000, 0x0000000629800000| Complete 
| 234|0x0000000629a00000, 0x0000000629c00000, 0x0000000629c00000|100%| E|CS|TAMS 0x0000000629a00000, 0x0000000629a00000| Complete 
| 235|0x0000000629c00000, 0x0000000629e00000, 0x0000000629e00000|100%| E|CS|TAMS 0x0000000629c00000, 0x0000000629c00000| Complete 
| 236|0x0000000629e00000, 0x000000062a000000, 0x000000062a000000|100%| E|CS|TAMS 0x0000000629e00000, 0x0000000629e00000| Complete 
| 237|0x000000062a000000, 0x000000062a200000, 0x000000062a200000|100%| E|CS|TAMS 0x000000062a000000, 0x000000062a000000| Complete 
| 238|0x000000062a200000, 0x000000062a400000, 0x000000062a400000|100%| E|CS|TAMS 0x000000062a200000, 0x000000062a200000| Complete 
| 239|0x000000062a400000, 0x000000062a600000, 0x000000062a600000|100%| E|CS|TAMS 0x000000062a400000, 0x000000062a400000| Complete 
| 240|0x000000062a600000, 0x000000062a800000, 0x000000062a800000|100%| E|CS|TAMS 0x000000062a600000, 0x000000062a600000| Complete 
| 241|0x000000062a800000, 0x000000062aa00000, 0x000000062aa00000|100%| E|CS|TAMS 0x000000062a800000, 0x000000062a800000| Complete 
| 242|0x000000062aa00000, 0x000000062ac00000, 0x000000062ac00000|100%| E|CS|TAMS 0x000000062aa00000, 0x000000062aa00000| Complete 
| 243|0x000000062ac00000, 0x000000062ae00000, 0x000000062ae00000|100%| E|CS|TAMS 0x000000062ac00000, 0x000000062ac00000| Complete 
| 244|0x000000062ae00000, 0x000000062b000000, 0x000000062b000000|100%| E|CS|TAMS 0x000000062ae00000, 0x000000062ae00000| Complete 
| 245|0x000000062b000000, 0x000000062b200000, 0x000000062b200000|100%| E|CS|TAMS 0x000000062b000000, 0x000000062b000000| Complete 
| 246|0x000000062b200000, 0x000000062b400000, 0x000000062b400000|100%| E|CS|TAMS 0x000000062b200000, 0x000000062b200000| Complete 
| 247|0x000000062b400000, 0x000000062b600000, 0x000000062b600000|100%| E|CS|TAMS 0x000000062b400000, 0x000000062b400000| Complete 
| 248|0x000000062b600000, 0x000000062b800000, 0x000000062b800000|100%| E|CS|TAMS 0x000000062b600000, 0x000000062b600000| Complete 
| 249|0x000000062b800000, 0x000000062ba00000, 0x000000062ba00000|100%| E|CS|TAMS 0x000000062b800000, 0x000000062b800000| Complete 
| 250|0x000000062ba00000, 0x000000062bc00000, 0x000000062bc00000|100%| E|CS|TAMS 0x000000062ba00000, 0x000000062ba00000| Complete 
| 251|0x000000062bc00000, 0x000000062be00000, 0x000000062be00000|100%| E|CS|TAMS 0x000000062bc00000, 0x000000062bc00000| Complete 
| 252|0x000000062be00000, 0x000000062c000000, 0x000000062c000000|100%| E|CS|TAMS 0x000000062be00000, 0x000000062be00000| Complete 
| 253|0x000000062c000000, 0x000000062c200000, 0x000000062c200000|100%| E|CS|TAMS 0x000000062c000000, 0x000000062c000000| Complete 
| 254|0x000000062c200000, 0x000000062c400000, 0x000000062c400000|100%| E|CS|TAMS 0x000000062c200000, 0x000000062c200000| Complete 
| 255|0x000000062c400000, 0x000000062c600000, 0x000000062c600000|100%| E|CS|TAMS 0x000000062c400000, 0x000000062c400000| Complete 
| 256|0x000000062c600000, 0x000000062c800000, 0x000000062c800000|100%| E|CS|TAMS 0x000000062c600000, 0x000000062c600000| Complete 
| 257|0x000000062c800000, 0x000000062ca00000, 0x000000062ca00000|100%| E|CS|TAMS 0x000000062c800000, 0x000000062c800000| Complete 
| 258|0x000000062ca00000, 0x000000062cc00000, 0x000000062cc00000|100%| E|CS|TAMS 0x000000062ca00000, 0x000000062ca00000| Complete 
| 259|0x000000062cc00000, 0x000000062ce00000, 0x000000062ce00000|100%| E|CS|TAMS 0x000000062cc00000, 0x000000062cc00000| Complete 
| 260|0x000000062ce00000, 0x000000062d000000, 0x000000062d000000|100%| E|CS|TAMS 0x000000062ce00000, 0x000000062ce00000| Complete 
| 261|0x000000062d000000, 0x000000062d200000, 0x000000062d200000|100%| E|CS|TAMS 0x000000062d000000, 0x000000062d000000| Complete 
| 262|0x000000062d200000, 0x000000062d400000, 0x000000062d400000|100%| E|CS|TAMS 0x000000062d200000, 0x000000062d200000| Complete 
| 263|0x000000062d400000, 0x000000062d600000, 0x000000062d600000|100%| E|CS|TAMS 0x000000062d400000, 0x000000062d400000| Complete 
| 264|0x000000062d600000, 0x000000062d800000, 0x000000062d800000|100%| E|CS|TAMS 0x000000062d600000, 0x000000062d600000| Complete 
| 265|0x000000062d800000, 0x000000062da00000, 0x000000062da00000|100%| E|CS|TAMS 0x000000062d800000, 0x000000062d800000| Complete 
| 266|0x000000062da00000, 0x000000062dc00000, 0x000000062dc00000|100%| E|CS|TAMS 0x000000062da00000, 0x000000062da00000| Complete 
| 267|0x000000062dc00000, 0x000000062de00000, 0x000000062de00000|100%| E|CS|TAMS 0x000000062dc00000, 0x000000062dc00000| Complete 
| 268|0x000000062de00000, 0x000000062e000000, 0x000000062e000000|100%| E|CS|TAMS 0x000000062de00000, 0x000000062de00000| Complete 
| 269|0x000000062e000000, 0x000000062e200000, 0x000000062e200000|100%| E|CS|TAMS 0x000000062e000000, 0x000000062e000000| Complete 
| 270|0x000000062e200000, 0x000000062e400000, 0x000000062e400000|100%| E|CS|TAMS 0x000000062e200000, 0x000000062e200000| Complete 
| 271|0x000000062e400000, 0x000000062e600000, 0x000000062e600000|100%| E|CS|TAMS 0x000000062e400000, 0x000000062e400000| Complete 
| 272|0x000000062e600000, 0x000000062e800000, 0x000000062e800000|100%| E|CS|TAMS 0x000000062e600000, 0x000000062e600000| Complete 
| 273|0x000000062e800000, 0x000000062ea00000, 0x000000062ea00000|100%| E|CS|TAMS 0x000000062e800000, 0x000000062e800000| Complete 
| 274|0x000000062ea00000, 0x000000062ec00000, 0x000000062ec00000|100%| E|CS|TAMS 0x000000062ea00000, 0x000000062ea00000| Complete 
| 275|0x000000062ec00000, 0x000000062ee00000, 0x000000062ee00000|100%| E|CS|TAMS 0x000000062ec00000, 0x000000062ec00000| Complete 
| 276|0x000000062ee00000, 0x000000062f000000, 0x000000062f000000|100%| E|CS|TAMS 0x000000062ee00000, 0x000000062ee00000| Complete 
| 277|0x000000062f000000, 0x000000062f200000, 0x000000062f200000|100%| E|CS|TAMS 0x000000062f000000, 0x000000062f000000| Complete 
| 278|0x000000062f200000, 0x000000062f400000, 0x000000062f400000|100%| E|CS|TAMS 0x000000062f200000, 0x000000062f200000| Complete 
| 279|0x000000062f400000, 0x000000062f600000, 0x000000062f600000|100%| E|CS|TAMS 0x000000062f400000, 0x000000062f400000| Complete 
| 280|0x000000062f600000, 0x000000062f800000, 0x000000062f800000|100%| E|CS|TAMS 0x000000062f600000, 0x000000062f600000| Complete 
| 281|0x000000062f800000, 0x000000062fa00000, 0x000000062fa00000|100%| E|CS|TAMS 0x000000062f800000, 0x000000062f800000| Complete 
| 282|0x000000062fa00000, 0x000000062fc00000, 0x000000062fc00000|100%| E|CS|TAMS 0x000000062fa00000, 0x000000062fa00000| Complete 
| 283|0x000000062fc00000, 0x000000062fe00000, 0x000000062fe00000|100%| E|CS|TAMS 0x000000062fc00000, 0x000000062fc00000| Complete 
| 284|0x000000062fe00000, 0x0000000630000000, 0x0000000630000000|100%| E|CS|TAMS 0x000000062fe00000, 0x000000062fe00000| Complete 
| 285|0x0000000630000000, 0x0000000630200000, 0x0000000630200000|100%| E|CS|TAMS 0x0000000630000000, 0x0000000630000000| Complete 
| 286|0x0000000630200000, 0x0000000630400000, 0x0000000630400000|100%| E|CS|TAMS 0x0000000630200000, 0x0000000630200000| Complete 
| 287|0x0000000630400000, 0x0000000630600000, 0x0000000630600000|100%| E|CS|TAMS 0x0000000630400000, 0x0000000630400000| Complete 
| 288|0x0000000630600000, 0x0000000630800000, 0x0000000630800000|100%| E|CS|TAMS 0x0000000630600000, 0x0000000630600000| Complete 
| 289|0x0000000630800000, 0x0000000630a00000, 0x0000000630a00000|100%| E|CS|TAMS 0x0000000630800000, 0x0000000630800000| Complete 
| 290|0x0000000630a00000, 0x0000000630c00000, 0x0000000630c00000|100%| E|CS|TAMS 0x0000000630a00000, 0x0000000630a00000| Complete 
| 291|0x0000000630c00000, 0x0000000630e00000, 0x0000000630e00000|100%| E|CS|TAMS 0x0000000630c00000, 0x0000000630c00000| Complete 
| 292|0x0000000630e00000, 0x0000000631000000, 0x0000000631000000|100%| E|CS|TAMS 0x0000000630e00000, 0x0000000630e00000| Complete 
| 293|0x0000000631000000, 0x0000000631200000, 0x0000000631200000|100%| E|CS|TAMS 0x0000000631000000, 0x0000000631000000| Complete 
| 294|0x0000000631200000, 0x0000000631400000, 0x0000000631400000|100%| E|CS|TAMS 0x0000000631200000, 0x0000000631200000| Complete 
| 295|0x0000000631400000, 0x0000000631600000, 0x0000000631600000|100%| E|CS|TAMS 0x0000000631400000, 0x0000000631400000| Complete 
| 296|0x0000000631600000, 0x0000000631800000, 0x0000000631800000|100%| E|CS|TAMS 0x0000000631600000, 0x0000000631600000| Complete 
| 297|0x0000000631800000, 0x0000000631a00000, 0x0000000631a00000|100%| E|CS|TAMS 0x0000000631800000, 0x0000000631800000| Complete 
| 298|0x0000000631a00000, 0x0000000631c00000, 0x0000000631c00000|100%| E|CS|TAMS 0x0000000631a00000, 0x0000000631a00000| Complete 
| 299|0x0000000631c00000, 0x0000000631e00000, 0x0000000631e00000|100%| E|CS|TAMS 0x0000000631c00000, 0x0000000631c00000| Complete 
| 300|0x0000000631e00000, 0x0000000632000000, 0x0000000632000000|100%| E|CS|TAMS 0x0000000631e00000, 0x0000000631e00000| Complete 

Card table byte_map: [0x000072b34d400000,0x000072b34e39d000] _byte_map_base: 0x000072b34a39d000

Marking Bits (Prev, Next): (CMBitMap*) 0x000072b36806e088, (CMBitMap*) 0x000072b36806e0c0
 Prev Bits: [0x000072b340200000, 0x000072b347ee8000)
 Next Bits: [0x000072b338400000, 0x000072b3400e8000)

Polling page: 0x000072b36f605000

Metaspace:

Usage:
  Non-class:     45.62 MB capacity,    44.99 MB ( 99%) used,   515.96 KB (  1%) free+waste,   119.56 KB ( <1%) overhead. 
      Class:      6.22 MB capacity,     5.14 MB ( 83%) used,     1.03 MB ( 17%) free+waste,    54.06 KB ( <1%) overhead. 
       Both:     51.83 MB capacity,    50.13 MB ( 97%) used,     1.53 MB (  3%) free+waste,   173.62 KB ( <1%) overhead. 

Virtual space:
  Non-class space:       46.00 MB reserved,      45.91 MB (>99%) committed 
      Class space:        1.00 GB reserved,       6.37 MB ( <1%) committed 
             Both:        1.04 GB reserved,      52.28 MB (  5%) committed 

Chunk freelists:
   Non-Class:  106.00 KB
       Class:  31.00 KB
        Both:  137.00 KB

MaxMetaspaceSize: unlimited
CompressedClassSpaceSize: 1.00 GB
Initial GC threshold: 20.80 MB
Current GC threshold: 59.21 MB
CDS: off

CodeHeap 'non-profiled nmethods': size=120032Kb used=9306Kb max_used=9306Kb free=110725Kb
 bounds [0x000072b356ec8000, 0x000072b3577e8000, 0x000072b35e400000]
CodeHeap 'profiled nmethods': size=120028Kb used=17986Kb max_used=17996Kb free=102042Kb
 bounds [0x000072b34f991000, 0x000072b350b31000, 0x000072b356ec8000]
CodeHeap 'non-nmethods': size=5700Kb used=1712Kb max_used=1791Kb free=3987Kb
 bounds [0x000072b34f400000, 0x000072b34f670000, 0x000072b34f991000]
 total_blobs=9316 nmethods=8274 adapters=962
 compilation: enabled
              stopped_count=0, restarted_count=0
 full_count=0

Compilation events (20 events):
Event: 2247.311 Thread 0x000072b3682f6000 8453       3       javax.swing.plaf.metal.MetalLookAndFeel::getControlInfo (7 bytes)
Event: 2247.312 Thread 0x000072b3682f6000 nmethod 8453 0x000072b34f9add90 code [0x000072b34f9adf60, 0x000072b34f9ae210]
Event: 2247.312 Thread 0x000072b3682f6000 8454       3       javax.swing.plaf.metal.MetalTheme::getControlInfo (5 bytes)
Event: 2247.312 Thread 0x000072b3682f6000 nmethod 8454 0x000072b34f999490 code [0x000072b34f999640, 0x000072b34f999800]
Event: 2247.346 Thread 0x000072b3682f4000 8455       4       java.text.DecimalFormat::append (94 bytes)
Event: 2247.354 Thread 0x000072b3682f4000 nmethod 8455 0x000072b3577dde90 code [0x000072b3577de020, 0x000072b3577de318]
Event: 2247.711 Thread 0x000072b3682f6000 8456       3       java.awt.Window::dispatchEventImpl (23 bytes)
Event: 2247.713 Thread 0x000072b3682f6000 nmethod 8456 0x000072b34ffc3210 code [0x000072b34ffc3420, 0x000072b34ffc3b70]
Event: 2248.858 Thread 0x000072b3682f4000 8457       4       java.text.DecimalFormat::fastFormat (143 bytes)
Event: 2248.860 Thread 0x000072b3682f4000 nmethod 8457 0x000072b3577de510 code [0x000072b3577de6a0, 0x000072b3577de738]
Event: 2248.920 Thread 0x000072b3682f6000 8458       3       com.vis.core.view.D2.ui.glasses.CanvasGlass::mouseMoved (225 bytes)
Event: 2248.928 Thread 0x000072b3682f6000 nmethod 8458 0x000072b34fb6df10 code [0x000072b34fb6e2c0, 0x000072b34fb701d0]
Event: 2248.981 Thread 0x000072b3682f4000 8459       4       ij.process.ShortProcessor::get (17 bytes)
Event: 2248.984 Thread 0x000072b3682f4000 nmethod 8459 0x000072b3577de810 code [0x000072b3577de9a0, 0x000072b3577dea58]
Event: 2249.260 Thread 0x000072b3682f6000 8460       3       sun.awt.X11.XAtomList::contains (11 bytes)
Event: 2249.261 Thread 0x000072b3682f6000 nmethod 8460 0x000072b350318910 code [0x000072b350318ac0, 0x000072b350318ca0]
Event: 2249.315 Thread 0x000072b3682f6000 8461       3       sun.awt.X11.XWindow::handlePropertyNotify (46 bytes)
Event: 2249.321 Thread 0x000072b3682f6000 nmethod 8461 0x000072b34fcaf890 code [0x000072b34fcafb80, 0x000072b34fcb0c00]
Event: 2249.321 Thread 0x000072b3682f6000 8462       3       java.util.GregorianCalendar::internalGetEra (18 bytes)
Event: 2249.322 Thread 0x000072b3682f6000 nmethod 8462 0x000072b34f9b0e10 code [0x000072b34f9b0fe0, 0x000072b34f9b12b0]

GC Heap History (20 events):
Event: 2214.183 GC heap before
{Heap before GC invocations=423 (full 0):
 garbage-first heap   total 616448K, used 442430K [0x000000060c600000, 0x0000000800000000)
  region size 2048K, 180 young (368640K), 1 survivors (2048K)
 Metaspace       used 51307K, capacity 53079K, committed 53532K, reserved 1095680K
  class space    used 5261K, capacity 6369K, committed 6524K, reserved 1048576K
}
Event: 2214.187 GC heap after
{Heap after GC invocations=424 (full 0):
 garbage-first heap   total 616448K, used 75841K [0x000000060c600000, 0x0000000800000000)
  region size 2048K, 1 young (2048K), 1 survivors (2048K)
 Metaspace       used 51307K, capacity 53079K, committed 53532K, reserved 1095680K
  class space    used 5261K, capacity 6369K, committed 6524K, reserved 1048576K
}
Event: 2217.510 GC heap before
{Heap before GC invocations=424 (full 0):
 garbage-first heap   total 616448K, used 442433K [0x000000060c600000, 0x0000000800000000)
  region size 2048K, 180 young (368640K), 1 survivors (2048K)
 Metaspace       used 51307K, capacity 53079K, committed 53532K, reserved 1095680K
  class space    used 5261K, capacity 6369K, committed 6524K, reserved 1048576K
}
Event: 2217.515 GC heap after
{Heap after GC invocations=425 (full 0):
 garbage-first heap   total 616448K, used 75843K [0x000000060c600000, 0x0000000800000000)
  region size 2048K, 1 young (2048K), 1 survivors (2048K)
 Metaspace       used 51307K, capacity 53079K, committed 53532K, reserved 1095680K
  class space    used 5261K, capacity 6369K, committed 6524K, reserved 1048576K
}
Event: 2221.463 GC heap before
{Heap before GC invocations=425 (full 0):
 garbage-first heap   total 616448K, used 442435K [0x000000060c600000, 0x0000000800000000)
  region size 2048K, 180 young (368640K), 1 survivors (2048K)
 Metaspace       used 51307K, capacity 53079K, committed 53532K, reserved 1095680K
  class space    used 5261K, capacity 6369K, committed 6524K, reserved 1048576K
}
Event: 2221.469 GC heap after
{Heap after GC invocations=426 (full 0):
 garbage-first heap   total 616448K, used 75845K [0x000000060c600000, 0x0000000800000000)
  region size 2048K, 1 young (2048K), 1 survivors (2048K)
 Metaspace       used 51307K, capacity 53079K, committed 53532K, reserved 1095680K
  class space    used 5261K, capacity 6369K, committed 6524K, reserved 1048576K
}
Event: 2224.957 GC heap before
{Heap before GC invocations=426 (full 0):
 garbage-first heap   total 616448K, used 442437K [0x000000060c600000, 0x0000000800000000)
  region size 2048K, 181 young (370688K), 1 survivors (2048K)
 Metaspace       used 51307K, capacity 53079K, committed 53532K, reserved 1095680K
  class space    used 5261K, capacity 6369K, committed 6524K, reserved 1048576K
}
Event: 2224.960 GC heap after
{Heap after GC invocations=427 (full 0):
 garbage-first heap   total 616448K, used 75849K [0x000000060c600000, 0x0000000800000000)
  region size 2048K, 1 young (2048K), 1 survivors (2048K)
 Metaspace       used 51307K, capacity 53079K, committed 53532K, reserved 1095680K
  class space    used 5261K, capacity 6369K, committed 6524K, reserved 1048576K
}
Event: 2228.312 GC heap before
{Heap before GC invocations=427 (full 0):
 garbage-first heap   total 616448K, used 442441K [0x000000060c600000, 0x0000000800000000)
  region size 2048K, 180 young (368640K), 1 survivors (2048K)
 Metaspace       used 51307K, capacity 53079K, committed 53532K, reserved 1095680K
  class space    used 5261K, capacity 6369K, committed 6524K, reserved 1048576K
}
Event: 2228.319 GC heap after
{Heap after GC invocations=428 (full 0):
 garbage-first heap   total 616448K, used 75851K [0x000000060c600000, 0x0000000800000000)
  region size 2048K, 1 young (2048K), 1 survivors (2048K)
 Metaspace       used 51307K, capacity 53079K, committed 53532K, reserved 1095680K
  class space    used 5261K, capacity 6369K, committed 6524K, reserved 1048576K
}
Event: 2232.418 GC heap before
{Heap before GC invocations=428 (full 0):
 garbage-first heap   total 616448K, used 442443K [0x000000060c600000, 0x0000000800000000)
  region size 2048K, 180 young (368640K), 1 survivors (2048K)
 Metaspace       used 51307K, capacity 53079K, committed 53532K, reserved 1095680K
  class space    used 5261K, capacity 6369K, committed 6524K, reserved 1048576K
}
Event: 2232.421 GC heap after
{Heap after GC invocations=429 (full 0):
 garbage-first heap   total 616448K, used 75843K [0x000000060c600000, 0x0000000800000000)
  region size 2048K, 1 young (2048K), 1 survivors (2048K)
 Metaspace       used 51307K, capacity 53079K, committed 53532K, reserved 1095680K
  class space    used 5261K, capacity 6369K, committed 6524K, reserved 1048576K
}
Event: 2236.260 GC heap before
{Heap before GC invocations=429 (full 0):
 garbage-first heap   total 616448K, used 442435K [0x000000060c600000, 0x0000000800000000)
  region size 2048K, 180 young (368640K), 1 survivors (2048K)
 Metaspace       used 51307K, capacity 53079K, committed 53532K, reserved 1095680K
  class space    used 5261K, capacity 6369K, committed 6524K, reserved 1048576K
}
Event: 2236.266 GC heap after
{Heap after GC invocations=430 (full 0):
 garbage-first heap   total 616448K, used 75841K [0x000000060c600000, 0x0000000800000000)
  region size 2048K, 1 young (2048K), 1 survivors (2048K)
 Metaspace       used 51307K, capacity 53079K, committed 53532K, reserved 1095680K
  class space    used 5261K, capacity 6369K, committed 6524K, reserved 1048576K
}
Event: 2239.748 GC heap before
{Heap before GC invocations=430 (full 0):
 garbage-first heap   total 616448K, used 442433K [0x000000060c600000, 0x0000000800000000)
  region size 2048K, 180 young (368640K), 1 survivors (2048K)
 Metaspace       used 51307K, capacity 53079K, committed 53532K, reserved 1095680K
  class space    used 5261K, capacity 6369K, committed 6524K, reserved 1048576K
}
Event: 2239.751 GC heap after
{Heap after GC invocations=431 (full 0):
 garbage-first heap   total 616448K, used 75846K [0x000000060c600000, 0x0000000800000000)
  region size 2048K, 1 young (2048K), 1 survivors (2048K)
 Metaspace       used 51307K, capacity 53079K, committed 53532K, reserved 1095680K
  class space    used 5261K, capacity 6369K, committed 6524K, reserved 1048576K
}
Event: 2243.108 GC heap before
{Heap before GC invocations=431 (full 0):
 garbage-first heap   total 616448K, used 442438K [0x000000060c600000, 0x0000000800000000)
  region size 2048K, 180 young (368640K), 1 survivors (2048K)
 Metaspace       used 51307K, capacity 53079K, committed 53532K, reserved 1095680K
  class space    used 5261K, capacity 6369K, committed 6524K, reserved 1048576K
}
Event: 2243.112 GC heap after
{Heap after GC invocations=432 (full 0):
 garbage-first heap   total 616448K, used 75848K [0x000000060c600000, 0x0000000800000000)
  region size 2048K, 1 young (2048K), 1 survivors (2048K)
 Metaspace       used 51307K, capacity 53079K, committed 53532K, reserved 1095680K
  class space    used 5261K, capacity 6369K, committed 6524K, reserved 1048576K
}
Event: 2246.821 GC heap before
{Heap before GC invocations=432 (full 0):
 garbage-first heap   total 616448K, used 442440K [0x000000060c600000, 0x0000000800000000)
  region size 2048K, 180 young (368640K), 1 survivors (2048K)
 Metaspace       used 51307K, capacity 53079K, committed 53532K, reserved 1095680K
  class space    used 5261K, capacity 6369K, committed 6524K, reserved 1048576K
}
Event: 2246.830 GC heap after
{Heap after GC invocations=433 (full 0):
 garbage-first heap   total 616448K, used 75841K [0x000000060c600000, 0x0000000800000000)
  region size 2048K, 1 young (2048K), 1 survivors (2048K)
 Metaspace       used 51307K, capacity 53079K, committed 53532K, reserved 1095680K
  class space    used 5261K, capacity 6369K, committed 6524K, reserved 1048576K
}

Deoptimization events (20 events):
Event: 2126.389 Thread 0x000072b368c00800 DEOPT PACKING pc=0x000072b35745df7c sp=0x000072b3279fb170
Event: 2126.389 Thread 0x000072b368c00800 DEOPT UNPACKING pc=0x000072b34f44a64a sp=0x000072b3279fa6f8 mode 0
Event: 2126.389 Thread 0x000072b368c00800 DEOPT PACKING pc=0x000072b357366ba0 sp=0x000072b3279fb330
Event: 2126.389 Thread 0x000072b368c00800 DEOPT UNPACKING pc=0x000072b34f44a64a sp=0x000072b3279fa7f8 mode 0
Event: 2126.389 Thread 0x000072b368c00800 DEOPT PACKING pc=0x000072b35753db38 sp=0x000072b3279fb3f0
Event: 2126.389 Thread 0x000072b368c00800 DEOPT UNPACKING pc=0x000072b34f44a64a sp=0x000072b3279fa780 mode 0
Event: 2126.390 Thread 0x000072b368c00800 DEOPT PACKING pc=0x000072b3575d2510 sp=0x000072b3279fb600
Event: 2126.390 Thread 0x000072b368c00800 DEOPT UNPACKING pc=0x000072b34f44a64a sp=0x000072b3279faaa0 mode 0
Event: 2126.390 Thread 0x000072b368c00800 DEOPT PACKING pc=0x000072b3575e118c sp=0x000072b3279fb660
Event: 2126.390 Thread 0x000072b368c00800 DEOPT UNPACKING pc=0x000072b34f44a64a sp=0x000072b3279fab20 mode 0
Event: 2126.390 Thread 0x000072b368c00800 DEOPT PACKING pc=0x000072b3575d0058 sp=0x000072b3279fcd20
Event: 2126.390 Thread 0x000072b368c00800 DEOPT UNPACKING pc=0x000072b34f44a64a sp=0x000072b3279fc1a0 mode 0
Event: 2129.975 Thread 0x000072b368c00800 DEOPT PACKING pc=0x000072b35761d7fc sp=0x000072b3279fcde0
Event: 2129.975 Thread 0x000072b368c00800 DEOPT UNPACKING pc=0x000072b34f44a64a sp=0x000072b3279fc218 mode 0
Event: 2129.975 Thread 0x000072b368c00800 DEOPT PACKING pc=0x000072b357775b88 sp=0x000072b3279fcea0
Event: 2129.975 Thread 0x000072b368c00800 DEOPT UNPACKING pc=0x000072b34f44a64a sp=0x000072b3279fc2a8 mode 0
Event: 2129.975 Thread 0x000072b368c00800 DEOPT PACKING pc=0x000072b3500023e4 sp=0x000072b3279fe560
Event: 2129.975 Thread 0x000072b368c00800 DEOPT UNPACKING pc=0x000072b34f44a64a sp=0x000072b3279fdaa8 mode 0
Event: 2142.425 Thread 0x000072b368c00800 DEOPT PACKING pc=0x000072b3502e854c sp=0x000072b3279fcd40
Event: 2142.425 Thread 0x000072b368c00800 DEOPT UNPACKING pc=0x000072b34f44a64a sp=0x000072b3279fc2c8 mode 0

Classes redefined (10 events):
Event: 504.921 Thread 0x000072b3682ce800 redefined class name=com.vis.core.view.D2.roi.ShapeRoi, count=1
Event: 543.419 Thread 0x000072b3682ce800 redefined class name=com.vis.core.view.D2.roi.ShapeRoi, count=2
Event: 744.443 Thread 0x000072b3682ce800 redefined class name=com.vis.core.view.D2.roi.RoiBrush, count=1
Event: 830.590 Thread 0x000072b3682ce800 redefined class name=com.vis.core.view.D2.roi.RoiBrush, count=2
Event: 836.030 Thread 0x000072b3682ce800 redefined class name=com.vis.core.view.D2.roi.ShapeRoi, count=3
Event: 986.092 Thread 0x000072b3682ce800 redefined class name=com.vis.core.view.D2.roi.RoiBrush, count=3
Event: 1422.428 Thread 0x000072b3682ce800 redefined class name=com.vis.core.view.D2.roi.RoiBrush, count=4
Event: 1810.828 Thread 0x000072b3682ce800 redefined class name=com.vis.core.view.D2.roi.RoiBrush, count=5
Event: 2004.677 Thread 0x000072b3682ce800 redefined class name=com.vis.core.view.D2.roi.RoiBrush, count=6
Event: 2249.139 Thread 0x000072b3682ce800 redefined class name=com.vis.core.view.D2.roi.RoiBrush, count=7

Internal exceptions (20 events):
Event: 1824.205 Thread 0x000072b368c00800 Exception <a 'java/lang/NullPointerException'{0x000000062f007f40}> (0x000000062f007f40) thrown at [./src/hotspot/share/interpreter/linkResolver.cpp, line 1358]
Event: 1824.205 Thread 0x000072b368c00800 Exception <a 'java/lang/NullPointerException'{0x000000062f017908}> (0x000000062f017908) thrown at [./src/hotspot/share/interpreter/linkResolver.cpp, line 1358]
Event: 1963.296 Thread 0x000072b368c00800 Exception <a 'java/lang/NullPointerException'{0x0000000625a5b1a8}> (0x0000000625a5b1a8) thrown at [./src/hotspot/share/interpreter/linkResolver.cpp, line 1358]
Event: 1963.297 Thread 0x000072b368c00800 Exception <a 'java/lang/NullPointerException'{0x0000000625a6ac60}> (0x0000000625a6ac60) thrown at [./src/hotspot/share/interpreter/linkResolver.cpp, line 1358]
Event: 1963.298 Thread 0x000072b368c00800 Exception <a 'java/lang/NullPointerException'{0x0000000625a7a628}> (0x0000000625a7a628) thrown at [./src/hotspot/share/interpreter/linkResolver.cpp, line 1358]
Event: 1963.300 Thread 0x000072b368c00800 Exception <a 'java/lang/NullPointerException'{0x0000000625a9f9b8}> (0x0000000625a9f9b8) thrown at [./src/hotspot/share/interpreter/linkResolver.cpp, line 1358]
Event: 1963.301 Thread 0x000072b368c00800 Exception <a 'java/lang/NullPointerException'{0x0000000625aaf380}> (0x0000000625aaf380) thrown at [./src/hotspot/share/interpreter/linkResolver.cpp, line 1358]
Event: 1963.301 Thread 0x000072b368c00800 Exception <a 'java/lang/NullPointerException'{0x0000000625abed48}> (0x0000000625abed48) thrown at [./src/hotspot/share/interpreter/linkResolver.cpp, line 1358]
Event: 1965.717 Thread 0x000072b368c00800 Exception <a 'java/lang/NullPointerException'{0x00000006302ff710}> (0x00000006302ff710) thrown at [./src/hotspot/share/interpreter/linkResolver.cpp, line 1358]
Event: 1965.718 Thread 0x000072b368c00800 Exception <a 'java/lang/NullPointerException'{0x000000063030f8b0}> (0x000000063030f8b0) thrown at [./src/hotspot/share/interpreter/linkResolver.cpp, line 1358]
Event: 1965.719 Thread 0x000072b368c00800 Exception <a 'java/lang/NullPointerException'{0x000000063031f278}> (0x000000063031f278) thrown at [./src/hotspot/share/interpreter/linkResolver.cpp, line 1358]
Event: 1965.720 Thread 0x000072b368c00800 Exception <a 'java/lang/NullPointerException'{0x0000000630344608}> (0x0000000630344608) thrown at [./src/hotspot/share/interpreter/linkResolver.cpp, line 1358]
Event: 1965.720 Thread 0x000072b368c00800 Exception <a 'java/lang/NullPointerException'{0x0000000630353fd0}> (0x0000000630353fd0) thrown at [./src/hotspot/share/interpreter/linkResolver.cpp, line 1358]
Event: 1965.721 Thread 0x000072b368c00800 Exception <a 'java/lang/NullPointerException'{0x0000000630363998}> (0x0000000630363998) thrown at [./src/hotspot/share/interpreter/linkResolver.cpp, line 1358]
Event: 2249.318 Thread 0x000072b368c00800 Exception <a 'java/lang/NullPointerException'{0x0000000628f157b0}> (0x0000000628f157b0) thrown at [./src/hotspot/share/interpreter/linkResolver.cpp, line 1358]
Event: 2249.319 Thread 0x000072b368c00800 Exception <a 'java/lang/NullPointerException'{0x0000000628f25178}> (0x0000000628f25178) thrown at [./src/hotspot/share/interpreter/linkResolver.cpp, line 1358]
Event: 2249.320 Thread 0x000072b368c00800 Exception <a 'java/lang/NullPointerException'{0x0000000628f34b40}> (0x0000000628f34b40) thrown at [./src/hotspot/share/interpreter/linkResolver.cpp, line 1358]
Event: 2249.321 Thread 0x000072b368c00800 Exception <a 'java/lang/NullPointerException'{0x0000000628f59e70}> (0x0000000628f59e70) thrown at [./src/hotspot/share/interpreter/linkResolver.cpp, line 1358]
Event: 2249.322 Thread 0x000072b368c00800 Exception <a 'java/lang/NullPointerException'{0x0000000628f69838}> (0x0000000628f69838) thrown at [./src/hotspot/share/interpreter/linkResolver.cpp, line 1358]
Event: 2249.322 Thread 0x000072b368c00800 Exception <a 'java/lang/NullPointerException'{0x0000000628f79200}> (0x0000000628f79200) thrown at [./src/hotspot/share/interpreter/linkResolver.cpp, line 1358]

Events (20 events):
Event: 2250.000 Executing VM operation: GetFrameCount done
Event: 2250.000 Executing VM operation: GetStackTrace
Event: 2250.000 Executing VM operation: GetStackTrace done
Event: 2250.002 Executing VM operation: GetFrameCount
Event: 2250.002 Executing VM operation: GetFrameCount done
Event: 2250.003 Executing VM operation: GetOwnedMonitorInfo
Event: 2250.003 Executing VM operation: GetOwnedMonitorInfo done
Event: 2250.004 Executing VM operation: GetCurrentContendedMonitor
Event: 2250.004 Executing VM operation: GetCurrentContendedMonitor done
Event: 2250.005 Executing VM operation: GetOwnedMonitorInfo
Event: 2250.005 Executing VM operation: GetOwnedMonitorInfo done
Event: 2250.006 Executing VM operation: GetCurrentContendedMonitor
Event: 2250.006 Executing VM operation: GetCurrentContendedMonitor done
Event: 2250.007 Executing VM operation: GetCurrentContendedMonitor
Event: 2250.008 Executing VM operation: GetCurrentContendedMonitor done
Event: 2250.009 Executing VM operation: GetOwnedMonitorInfo
Event: 2250.009 Executing VM operation: GetOwnedMonitorInfo done
Event: 2250.720 Executing VM operation: GetFrameLocation
Event: 2250.720 Executing VM operation: GetFrameLocation done
Event: 2250.720 Executing VM operation: GetOrSetLocal


Dynamic libraries:
60c600000-632000000 rw-p 00000000 00:00 0 
632000000-800000000 ---p 00000000 00:00 0 
800000000-80065f000 rw-p 00000000 00:00 0 
80065f000-840000000 ---p 00000000 00:00 0 
5d6e6b400000-5d6e6b401000 r-xp 00000000 103:02 58199771                  /usr/lib/jvm/temurin-11-jdk-amd64/bin/java
5d6e6b601000-5d6e6b602000 r--p 00001000 103:02 58199771                  /usr/lib/jvm/temurin-11-jdk-amd64/bin/java
5d6e6b602000-5d6e6b603000 rw-p 00002000 103:02 58199771                  /usr/lib/jvm/temurin-11-jdk-amd64/bin/java
5d6e6c5f7000-5d6e6c618000 rw-p 00000000 00:00 0                          [heap]
72b250000000-72b250021000 rw-p 00000000 00:00 0 
72b250021000-72b254000000 ---p 00000000 00:00 0 
72b254000000-72b254021000 rw-p 00000000 00:00 0 
72b254021000-72b258000000 ---p 00000000 00:00 0 
72b25c000000-72b25c021000 rw-p 00000000 00:00 0 
72b25c021000-72b260000000 ---p 00000000 00:00 0 
72b260000000-72b260021000 rw-p 00000000 00:00 0 
72b260021000-72b264000000 ---p 00000000 00:00 0 
72b268000000-72b268021000 rw-p 00000000 00:00 0 
72b268021000-72b26c000000 ---p 00000000 00:00 0 
72b26c000000-72b26e54e000 rw-p 00000000 00:00 0 
72b26e54e000-72b270000000 ---p 00000000 00:00 0 
72b274000000-72b274021000 rw-p 00000000 00:00 0 
72b274021000-72b278000000 ---p 00000000 00:00 0 
72b278000000-72b278021000 rw-p 00000000 00:00 0 
72b278021000-72b27c000000 ---p 00000000 00:00 0 
72b280000000-72b280021000 rw-p 00000000 00:00 0 
72b280021000-72b284000000 ---p 00000000 00:00 0 
72b284000000-72b284021000 rw-p 00000000 00:00 0 
72b284021000-72b288000000 ---p 00000000 00:00 0 
72b28c000000-72b28c021000 rw-p 00000000 00:00 0 
72b28c021000-72b290000000 ---p 00000000 00:00 0 
72b290000000-72b290021000 rw-p 00000000 00:00 0 
72b290021000-72b294000000 ---p 00000000 00:00 0 
72b298000000-72b298021000 rw-p 00000000 00:00 0 
72b298021000-72b29c000000 ---p 00000000 00:00 0 
72b29c000000-72b29c021000 rw-p 00000000 00:00 0 
72b29c021000-72b2a0000000 ---p 00000000 00:00 0 
72b2a4000000-72b2a4778000 rw-p 00000000 00:00 0 
72b2a4778000-72b2a8000000 ---p 00000000 00:00 0 
72b2a8000000-72b2a8021000 rw-p 00000000 00:00 0 
72b2a8021000-72b2ac000000 ---p 00000000 00:00 0 
72b2b0000000-72b2b0022000 rw-p 00000000 00:00 0 
72b2b0022000-72b2b4000000 ---p 00000000 00:00 0 
72b2b4000000-72b2b4021000 rw-p 00000000 00:00 0 
72b2b4021000-72b2b8000000 ---p 00000000 00:00 0 
72b2bc000000-72b2bc021000 rw-p 00000000 00:00 0 
72b2bc021000-72b2c0000000 ---p 00000000 00:00 0 
72b2c0000000-72b2c0021000 rw-p 00000000 00:00 0 
72b2c0021000-72b2c4000000 ---p 00000000 00:00 0 
72b2c8000000-72b2c8021000 rw-p 00000000 00:00 0 
72b2c8021000-72b2cc000000 ---p 00000000 00:00 0 
72b2cc000000-72b2cc021000 rw-p 00000000 00:00 0 
72b2cc021000-72b2d0000000 ---p 00000000 00:00 0 
72b2d4000000-72b2d4021000 rw-p 00000000 00:00 0 
72b2d4021000-72b2d8000000 ---p 00000000 00:00 0 
72b2d8000000-72b2d8021000 rw-p 00000000 00:00 0 
72b2d8021000-72b2dc000000 ---p 00000000 00:00 0 
72b2e0000000-72b2e01ab000 rw-p 00000000 00:00 0 
72b2e01ab000-72b2e4000000 ---p 00000000 00:00 0 
72b2e4000000-72b2e6311000 rw-p 00000000 00:00 0 
72b2e6311000-72b2e8000000 ---p 00000000 00:00 0 
72b2ec000000-72b2ec021000 rw-p 00000000 00:00 0 
72b2ec021000-72b2f0000000 ---p 00000000 00:00 0 
72b2f0000000-72b2f0021000 rw-p 00000000 00:00 0 
72b2f0021000-72b2f4000000 ---p 00000000 00:00 0 
72b2f8000000-72b2f8e07000 rw-p 00000000 00:00 0 
72b2f8e07000-72b2fc000000 ---p 00000000 00:00 0 
72b2fc000000-72b2fe892000 rw-p 00000000 00:00 0 
72b2fe892000-72b300000000 ---p 00000000 00:00 0 
72b304000000-72b304021000 rw-p 00000000 00:00 0 
72b304021000-72b308000000 ---p 00000000 00:00 0 
72b308000000-72b308021000 rw-p 00000000 00:00 0 
72b308021000-72b30c000000 ---p 00000000 00:00 0 
72b30fa00000-72b30fbc0000 rw-p 00000000 00:00 0 
72b30fbc0000-72b30fdc0000 rw-p 00000000 00:00 0 
72b30fdc0000-72b310000000 rw-p 00000000 00:00 0 
72b310000000-72b310021000 rw-p 00000000 00:00 0 
72b310021000-72b314000000 ---p 00000000 00:00 0 
72b314000000-72b314021000 rw-p 00000000 00:00 0 
72b314021000-72b318000000 ---p 00000000 00:00 0 
72b318200000-72b3183c0000 rw-p 00000000 00:00 0 
72b3183c0000-72b3185c0000 rw-p 00000000 00:00 0 
72b3185c0000-72b318800000 rw-p 00000000 00:00 0 
72b318800000-72b318802000 r-xp 00000000 103:02 58603494                  /usr/lib/jvm/temurin-11-jdk-amd64/lib/libextnet.so
72b318802000-72b318a01000 ---p 00002000 103:02 58603494                  /usr/lib/jvm/temurin-11-jdk-amd64/lib/libextnet.so
72b318a01000-72b318a02000 r--p 00001000 103:02 58603494                  /usr/lib/jvm/temurin-11-jdk-amd64/lib/libextnet.so
72b318a02000-72b318a03000 rw-p 00002000 103:02 58603494                  /usr/lib/jvm/temurin-11-jdk-amd64/lib/libextnet.so
72b318e00000-72b318fc0000 rw-p 00000000 00:00 0 
72b318fc0000-72b3191e8000 rw-p 00000000 00:00 0 
72b3191e8000-72b319200000 ---p 00000000 00:00 0 
72b319200000-72b3193c0000 rw-p 00000000 00:00 0 
72b3193c0000-72b3195c0000 rw-p 00000000 00:00 0 
72b3195c0000-72b3197c0000 rw-p 00000000 00:00 0 
72b3197c0000-72b319a00000 rw-p 00000000 00:00 0 
72b319a00000-72b319b4b000 r--p 00000000 103:02 48502524                  /home/tatsunidas/graphy-workspace3/graphy/native/native_opencv/linux-x86-64/libopencv_java.so
72b319b4b000-72b31a5b8000 r-xp 0014b000 103:02 48502524                  /home/tatsunidas/graphy-workspace3/graphy/native/native_opencv/linux-x86-64/libopencv_java.so
72b31a5b8000-72b31a872000 r--p 00bb8000 103:02 48502524                  /home/tatsunidas/graphy-workspace3/graphy/native/native_opencv/linux-x86-64/libopencv_java.so
72b31a872000-72b31a873000 ---p 00e72000 103:02 48502524                  /home/tatsunidas/graphy-workspace3/graphy/native/native_opencv/linux-x86-64/libopencv_java.so
72b31a873000-72b31a8ad000 r--p 00e72000 103:02 48502524                  /home/tatsunidas/graphy-workspace3/graphy/native/native_opencv/linux-x86-64/libopencv_java.so
72b31a8ad000-72b31a8bb000 rw-p 00eac000 103:02 48502524                  /home/tatsunidas/graphy-workspace3/graphy/native/native_opencv/linux-x86-64/libopencv_java.so
72b31a8bb000-72b31a96c000 rw-p 00000000 00:00 0 
72b31aa00000-72b31abc0000 rw-p 00000000 00:00 0 
72b31abc0000-72b31ae00000 rw-p 00000000 00:00 0 
72b31ae00000-72b31af32000 r-xp 00000000 103:02 48502523                  /home/tatsunidas/graphy-workspace3/graphy/native/native_opencv/linux-x86-64/libclib_jiio.so
72b31af32000-72b31b031000 ---p 00132000 103:02 48502523                  /home/tatsunidas/graphy-workspace3/graphy/native/native_opencv/linux-x86-64/libclib_jiio.so
72b31b031000-72b31b035000 rw-p 00131000 103:02 48502523                  /home/tatsunidas/graphy-workspace3/graphy/native/native_opencv/linux-x86-64/libclib_jiio.so
72b31b200000-72b31b400000 rw-p 00000000 00:00 0 
72b31b400000-72b31b405000 r-xp 00000000 103:02 58603511                  /usr/lib/jvm/temurin-11-jdk-amd64/lib/libmanagement_ext.so
72b31b405000-72b31b605000 ---p 00005000 103:02 58603511                  /usr/lib/jvm/temurin-11-jdk-amd64/lib/libmanagement_ext.so
72b31b605000-72b31b606000 r--p 00005000 103:02 58603511                  /usr/lib/jvm/temurin-11-jdk-amd64/lib/libmanagement_ext.so
72b31b606000-72b31b607000 rw-p 00006000 103:02 58603511                  /usr/lib/jvm/temurin-11-jdk-amd64/lib/libmanagement_ext.so
72b31ba00000-72b31ba04000 r-xp 00000000 103:02 58603509                  /usr/lib/jvm/temurin-11-jdk-amd64/lib/libmanagement.so
72b31ba04000-72b31bc03000 ---p 00004000 103:02 58603509                  /usr/lib/jvm/temurin-11-jdk-amd64/lib/libmanagement.so
72b31bc03000-72b31bc04000 r--p 00003000 103:02 58603509                  /usr/lib/jvm/temurin-11-jdk-amd64/lib/libmanagement.so
72b31bc04000-72b31bc05000 rw-p 00004000 103:02 58603509                  /usr/lib/jvm/temurin-11-jdk-amd64/lib/libmanagement.so
72b31bc06000-72b31bc0a000 ---p 00000000 00:00 0 
72b31bc0a000-72b31bd06000 rw-p 00000000 00:00 0 
72b31be00000-72b31be04000 ---p 00000000 00:00 0 
72b31be04000-72b31bf00000 rw-p 00000000 00:00 0 
72b31bf00000-72b31bf04000 ---p 00000000 00:00 0 
72b31bf04000-72b31c000000 rw-p 00000000 00:00 0 
72b31c000000-72b31c4af000 rw-p 00000000 00:00 0 
72b31c4af000-72b320000000 ---p 00000000 00:00 0 
72b320000000-72b320021000 rw-p 00000000 00:00 0 
72b320021000-72b324000000 ---p 00000000 00:00 0 
72b3240ff000-72b324100000 ---p 00000000 00:00 0 
72b324100000-72b324200000 rw-p 00000000 00:00 0 
72b324200000-72b3243c0000 rw-p 00000000 00:00 0 
72b3243c0000-72b324600000 rw-p 00000000 00:00 0 
72b324600000-72b324601000 ---p 00000000 00:00 0 
72b324601000-72b324e01000 rw-p 00000000 00:00 0 
72b324f00000-72b324f04000 ---p 00000000 00:00 0 
72b324f04000-72b325000000 rw-p 00000000 00:00 0 
72b325000000-72b325001000 ---p 00000000 00:00 0 
72b325001000-72b325801000 rw-p 00000000 00:00 0 
72b325900000-72b325904000 ---p 00000000 00:00 0 
72b325904000-72b325a00000 rw-p 00000000 00:00 0 
72b325a00000-72b325a01000 ---p 00000000 00:00 0 
72b325a01000-72b326201000 rw-p 00000000 00:00 0 
72b326300000-72b326304000 ---p 00000000 00:00 0 
72b326304000-72b326400000 rw-p 00000000 00:00 0 
72b326400000-72b326659000 r-xp 00000000 103:02 58603495                  /usr/lib/jvm/temurin-11-jdk-amd64/lib/libfontmanager.so
72b326659000-72b326858000 ---p 00259000 103:02 58603495                  /usr/lib/jvm/temurin-11-jdk-amd64/lib/libfontmanager.so
72b326858000-72b32685a000 r--p 00258000 103:02 58603495                  /usr/lib/jvm/temurin-11-jdk-amd64/lib/libfontmanager.so
72b32685a000-72b32685b000 rw-p 0025a000 103:02 58603495                  /usr/lib/jvm/temurin-11-jdk-amd64/lib/libfontmanager.so
72b32685b000-72b32685c000 rw-p 00000000 00:00 0 
72b3268fd000-72b3268fe000 ---p 00000000 00:00 0 
72b3268fe000-72b3269fe000 rw-p 00000000 00:00 0 
72b3269fe000-72b3269ff000 ---p 00000000 00:00 0 
72b3269ff000-72b326aff000 rw-p 00000000 00:00 0 
72b326aff000-72b326b00000 ---p 00000000 00:00 0 
72b326b00000-72b326c00000 rw-p 00000000 00:00 0 
72b326c00000-72b326e00000 rw-p 00000000 00:00 0 
72b326e00000-72b326e5e000 r-xp 00000000 103:02 58603492                  /usr/lib/jvm/temurin-11-jdk-amd64/lib/libawt_xawt.so
72b326e5e000-72b32705e000 ---p 0005e000 103:02 58603492                  /usr/lib/jvm/temurin-11-jdk-amd64/lib/libawt_xawt.so
72b32705e000-72b32705f000 r--p 0005e000 103:02 58603492                  /usr/lib/jvm/temurin-11-jdk-amd64/lib/libawt_xawt.so
72b32705f000-72b327061000 rw-p 0005f000 103:02 58603492                  /usr/lib/jvm/temurin-11-jdk-amd64/lib/libawt_xawt.so
72b327061000-72b327063000 rw-p 00000000 00:00 0 
72b3270fd000-72b3270fe000 ---p 00000000 00:00 0 
72b3270fe000-72b3271fe000 rw-p 00000000 00:00 0 
72b3271fe000-72b3271ff000 ---p 00000000 00:00 0 
72b3271ff000-72b3272ff000 rw-p 00000000 00:00 0 
72b3272ff000-72b327300000 ---p 00000000 00:00 0 
72b327300000-72b327400000 rw-p 00000000 00:00 0 
72b327400000-72b32749e000 r-xp 00000000 103:02 58603490                  /usr/lib/jvm/temurin-11-jdk-amd64/lib/libawt.so
72b32749e000-72b32769e000 ---p 0009e000 103:02 58603490                  /usr/lib/jvm/temurin-11-jdk-amd64/lib/libawt.so
72b32769e000-72b32769f000 r--p 0009e000 103:02 58603490                  /usr/lib/jvm/temurin-11-jdk-amd64/lib/libawt.so
72b32769f000-72b3276aa000 rw-p 0009f000 103:02 58603490                  /usr/lib/jvm/temurin-11-jdk-amd64/lib/libawt.so
72b3276aa000-72b3276cf000 rw-p 00000000 00:00 0 
72b3276fe000-72b3276ff000 ---p 00000000 00:00 0 
72b3276ff000-72b3277ff000 rw-p 00000000 00:00 0 
72b3277ff000-72b327800000 ---p 00000000 00:00 0 
72b327800000-72b327900000 rw-p 00000000 00:00 0 
72b327900000-72b327904000 ---p 00000000 00:00 0 
72b327904000-72b327a00000 rw-p 00000000 00:00 0 
72b327a00000-72b327a15000 r-xp 00000000 103:02 58603513                  /usr/lib/jvm/temurin-11-jdk-amd64/lib/libnet.so
72b327a15000-72b327c14000 ---p 00015000 103:02 58603513                  /usr/lib/jvm/temurin-11-jdk-amd64/lib/libnet.so
72b327c14000-72b327c15000 r--p 00014000 103:02 58603513                  /usr/lib/jvm/temurin-11-jdk-amd64/lib/libnet.so
72b327c15000-72b327c16000 rw-p 00015000 103:02 58603513                  /usr/lib/jvm/temurin-11-jdk-amd64/lib/libnet.so
72b327d00000-72b327d04000 ---p 00000000 00:00 0 
72b327d04000-72b327e00000 rw-p 00000000 00:00 0 
72b327e00000-72b327e04000 ---p 00000000 00:00 0 
72b327e04000-72b327f00000 rw-p 00000000 00:00 0 
72b327f00000-72b327f04000 ---p 00000000 00:00 0 
72b327f04000-72b328000000 rw-p 00000000 00:00 0 
72b328000000-72b328021000 rw-p 00000000 00:00 0 
72b328021000-72b32c000000 ---p 00000000 00:00 0 
72b32c000000-72b32c021000 rw-p 00000000 00:00 0 
72b32c021000-72b330000000 ---p 00000000 00:00 0 
72b330026000-72b33005e000 r--p 00000000 103:02 58198193                  /usr/lib/x86_64-linux-gnu/libgio-2.0.so.0.7200.4
72b33005e000-72b33016f000 r-xp 00038000 103:02 58198193                  /usr/lib/x86_64-linux-gnu/libgio-2.0.so.0.7200.4
72b33016f000-72b3301f5000 r--p 00149000 103:02 58198193                  /usr/lib/x86_64-linux-gnu/libgio-2.0.so.0.7200.4
72b3301f5000-72b3301fd000 r--p 001ce000 103:02 58198193                  /usr/lib/x86_64-linux-gnu/libgio-2.0.so.0.7200.4
72b3301fd000-72b3301fe000 rw-p 001d6000 103:02 58198193                  /usr/lib/x86_64-linux-gnu/libgio-2.0.so.0.7200.4
72b3301fe000-72b330400000 rw-p 00000000 00:00 0 
72b330400000-72b330410000 r-xp 00000000 103:02 58603514                  /usr/lib/jvm/temurin-11-jdk-amd64/lib/libnio.so
72b330410000-72b33060f000 ---p 00010000 103:02 58603514                  /usr/lib/jvm/temurin-11-jdk-amd64/lib/libnio.so
72b33060f000-72b330610000 r--p 0000f000 103:02 58603514                  /usr/lib/jvm/temurin-11-jdk-amd64/lib/libnio.so
72b330610000-72b330611000 rw-p 00010000 103:02 58603514                  /usr/lib/jvm/temurin-11-jdk-amd64/lib/libnio.so
72b330685000-72b3306a2000 r--p 00000000 103:02 58198200                  /usr/lib/x86_64-linux-gnu/libglib-2.0.so.0.7200.4
72b3306a2000-72b330731000 r-xp 0001d000 103:02 58198200                  /usr/lib/x86_64-linux-gnu/libglib-2.0.so.0.7200.4
72b330731000-72b3307bb000 r--p 000ac000 103:02 58198200                  /usr/lib/x86_64-linux-gnu/libglib-2.0.so.0.7200.4
72b3307bb000-72b3307bc000 ---p 00136000 103:02 58198200                  /usr/lib/x86_64-linux-gnu/libglib-2.0.so.0.7200.4
72b3307bc000-72b3307bd000 r--p 00136000 103:02 58198200                  /usr/lib/x86_64-linux-gnu/libglib-2.0.so.0.7200.4
72b3307bd000-72b3307be000 rw-p 00137000 103:02 58198200                  /usr/lib/x86_64-linux-gnu/libglib-2.0.so.0.7200.4
72b3307be000-72b3307bf000 rw-p 00000000 00:00 0 
72b3307bf000-72b3307d8000 r--p 00000000 103:02 58196239                  /usr/lib/x86_64-linux-gnu/libX11.so.6.4.0
72b3307d8000-72b330864000 r-xp 00019000 103:02 58196239                  /usr/lib/x86_64-linux-gnu/libX11.so.6.4.0
72b330864000-72b3308f9000 r--p 000a5000 103:02 58196239                  /usr/lib/x86_64-linux-gnu/libX11.so.6.4.0
72b3308f9000-72b3308fa000 ---p 0013a000 103:02 58196239                  /usr/lib/x86_64-linux-gnu/libX11.so.6.4.0
72b3308fa000-72b3308fb000 r--p 0013a000 103:02 58196239                  /usr/lib/x86_64-linux-gnu/libX11.so.6.4.0
72b3308fb000-72b3308ff000 rw-p 0013b000 103:02 58196239                  /usr/lib/x86_64-linux-gnu/libX11.so.6.4.0
72b3308ff000-72b330900000 ---p 00000000 00:00 0 
72b330900000-72b330a00000 rw-p 00000000 00:00 0 
72b330a00000-72b330a04000 r-xp 00000000 103:02 58603493                  /usr/lib/jvm/temurin-11-jdk-amd64/lib/libdt_socket.so
72b330a04000-72b330c04000 ---p 00004000 103:02 58603493                  /usr/lib/jvm/temurin-11-jdk-amd64/lib/libdt_socket.so
72b330c04000-72b330c05000 r--p 00004000 103:02 58603493                  /usr/lib/jvm/temurin-11-jdk-amd64/lib/libdt_socket.so
72b330c05000-72b330c06000 rw-p 00005000 103:02 58603493                  /usr/lib/jvm/temurin-11-jdk-amd64/lib/libdt_socket.so
72b330d00000-72b330d04000 ---p 00000000 00:00 0 
72b330d04000-72b330e00000 rw-p 00000000 00:00 0 
72b330e00000-72b330e04000 ---p 00000000 00:00 0 
72b330e04000-72b330f00000 rw-p 00000000 00:00 0 
72b330f00000-72b330f04000 ---p 00000000 00:00 0 
72b330f04000-72b331000000 rw-p 00000000 00:00 0 
72b331000000-72b331679000 r--p 00000000 103:02 58196334                  /usr/lib/locale/locale-archive
72b331700000-72b331704000 ---p 00000000 00:00 0 
72b331704000-72b331800000 rw-p 00000000 00:00 0 
72b331800000-72b334000000 rw-p 00000000 00:00 0 
72b334000000-72b334021000 rw-p 00000000 00:00 0 
72b334021000-72b338000000 ---p 00000000 00:00 0 
72b338000000-72b338004000 ---p 00000000 00:00 0 
72b338004000-72b338100000 rw-p 00000000 00:00 0 
72b338100000-72b338104000 ---p 00000000 00:00 0 
72b338104000-72b338200000 rw-p 00000000 00:00 0 
72b338200000-72b338204000 ---p 00000000 00:00 0 
72b338204000-72b338300000 rw-p 00000000 00:00 0 
72b338300000-72b338304000 ---p 00000000 00:00 0 
72b338304000-72b338400000 rw-p 00000000 00:00 0 
72b338400000-72b338d68000 rw-p 00000000 00:00 0 
72b338d68000-72b3400e8000 ---p 00000000 00:00 0 
72b340100000-72b340104000 ---p 00000000 00:00 0 
72b340104000-72b340200000 rw-p 00000000 00:00 0 
72b340200000-72b340b68000 rw-p 00000000 00:00 0 
72b340b68000-72b347ee8000 ---p 00000000 00:00 0 
72b347f00000-72b347f04000 ---p 00000000 00:00 0 
72b347f04000-72b348000000 rw-p 00000000 00:00 0 
72b348000000-72b348021000 rw-p 00000000 00:00 0 
72b348021000-72b34c000000 ---p 00000000 00:00 0 
72b34c0ff000-72b34c103000 ---p 00000000 00:00 0 
72b34c103000-72b34c1ff000 rw-p 00000000 00:00 0 
72b34c1ff000-72b34c203000 ---p 00000000 00:00 0 
72b34c203000-72b34c2ff000 rw-p 00000000 00:00 0 
72b34c2ff000-72b34c300000 ---p 00000000 00:00 0 
72b34c300000-72b34c400000 rw-p 00000000 00:00 0 
72b34c400000-72b34c52d000 rw-p 00000000 00:00 0 
72b34c52d000-72b34d39d000 ---p 00000000 00:00 0 
72b34d400000-72b34d52d000 rw-p 00000000 00:00 0 
72b34d52d000-72b34e39d000 ---p 00000000 00:00 0 
72b34e400000-72b34e52d000 rw-p 00000000 00:00 0 
72b34e52d000-72b34f39d000 ---p 00000000 00:00 0 
72b34f400000-72b34f670000 rwxp 00000000 00:00 0 
72b34f670000-72b34f991000 ---p 00000000 00:00 0 
72b34f991000-72b350b31000 rwxp 00000000 00:00 0 
72b350b31000-72b356ec8000 ---p 00000000 00:00 0 
72b356ec8000-72b3577e8000 rwxp 00000000 00:00 0 
72b3577e8000-72b35e400000 ---p 00000000 00:00 0 
72b35e400000-72b366c31000 r--s 00000000 103:02 58603524                  /usr/lib/jvm/temurin-11-jdk-amd64/lib/modules
72b366cff000-72b366d00000 ---p 00000000 00:00 0 
72b366d00000-72b366e00000 rw-p 00000000 00:00 0 
72b366e00000-72b366e1b000 r-xp 00000000 103:02 58603523                  /usr/lib/jvm/temurin-11-jdk-amd64/lib/libzip.so
72b366e1b000-72b36701a000 ---p 0001b000 103:02 58603523                  /usr/lib/jvm/temurin-11-jdk-amd64/lib/libzip.so
72b36701a000-72b36701b000 r--p 0001a000 103:02 58603523                  /usr/lib/jvm/temurin-11-jdk-amd64/lib/libzip.so
72b36701b000-72b36701c000 rw-p 0001b000 103:02 58603523                  /usr/lib/jvm/temurin-11-jdk-amd64/lib/libzip.so
72b3670fd000-72b3670fe000 ---p 00000000 00:00 0 
72b3670fe000-72b3671fe000 rw-p 00000000 00:00 0 
72b3671fe000-72b367400000 rw-p 00000000 00:00 0 
72b367400000-72b36740a000 r-xp 00000000 103:02 58603496                  /usr/lib/jvm/temurin-11-jdk-amd64/lib/libinstrument.so
72b36740a000-72b367609000 ---p 0000a000 103:02 58603496                  /usr/lib/jvm/temurin-11-jdk-amd64/lib/libinstrument.so
72b367609000-72b36760a000 r--p 00009000 103:02 58603496                  /usr/lib/jvm/temurin-11-jdk-amd64/lib/libinstrument.so
72b36760a000-72b36760b000 rw-p 0000a000 103:02 58603496                  /usr/lib/jvm/temurin-11-jdk-amd64/lib/libinstrument.so
72b367632000-72b3676fd000 rw-s 00000000 00:01 229407                     /SYSV00000000 (deleted)
72b3676fd000-72b367a00000 rw-p 00000000 00:00 0 
72b367a00000-72b367a3c000 r-xp 00000000 103:02 58603504                  /usr/lib/jvm/temurin-11-jdk-amd64/lib/libjdwp.so
72b367a3c000-72b367c3b000 ---p 0003c000 103:02 58603504                  /usr/lib/jvm/temurin-11-jdk-amd64/lib/libjdwp.so
72b367c3b000-72b367c3c000 r--p 0003b000 103:02 58603504                  /usr/lib/jvm/temurin-11-jdk-amd64/lib/libjdwp.so
72b367c3c000-72b367c3d000 rw-p 0003c000 103:02 58603504                  /usr/lib/jvm/temurin-11-jdk-amd64/lib/libjdwp.so
72b367c66000-72b367c68000 r--p 00000000 103:02 58223675                  /usr/lib/x86_64-linux-gnu/libpcre2-8.so.0.10.4
72b367c68000-72b367cd3000 r-xp 00002000 103:02 58223675                  /usr/lib/x86_64-linux-gnu/libpcre2-8.so.0.10.4
72b367cd3000-72b367cfb000 r--p 0006d000 103:02 58223675                  /usr/lib/x86_64-linux-gnu/libpcre2-8.so.0.10.4
72b367cfb000-72b367cfc000 r--p 00094000 103:02 58223675                  /usr/lib/x86_64-linux-gnu/libpcre2-8.so.0.10.4
72b367cfc000-72b367cfd000 rw-p 00095000 103:02 58223675                  /usr/lib/x86_64-linux-gnu/libpcre2-8.so.0.10.4
72b367cfd000-72b368000000 rw-p 00000000 00:00 0 
72b368000000-72b3698ae000 rw-p 00000000 00:00 0 
72b3698ae000-72b36c000000 ---p 00000000 00:00 0 
72b36c02b000-72b36c02d000 r--p 00000000 103:02 58222526                  /usr/lib/x86_64-linux-gnu/libXcursor.so.1.0.2
72b36c02d000-72b36c033000 r-xp 00002000 103:02 58222526                  /usr/lib/x86_64-linux-gnu/libXcursor.so.1.0.2
72b36c033000-72b36c035000 r--p 00008000 103:02 58222526                  /usr/lib/x86_64-linux-gnu/libXcursor.so.1.0.2
72b36c035000-72b36c036000 r--p 00009000 103:02 58222526                  /usr/lib/x86_64-linux-gnu/libXcursor.so.1.0.2
72b36c036000-72b36c037000 rw-p 0000a000 103:02 58222526                  /usr/lib/x86_64-linux-gnu/libXcursor.so.1.0.2
72b36c037000-72b36c068000 r--p 00000000 103:02 58327608                  /usr/share/glib-2.0/schemas/gschemas.compiled
72b36c068000-72b36c089000 r--p 00000000 103:02 58852444                  /usr/share/locale-langpack/ja/LC_MESSAGES/glib20.mo
72b36c089000-72b36c08b000 r--p 00000000 103:02 58223671                  /usr/lib/x86_64-linux-gnu/libpcre.so.3.13.3
72b36c08b000-72b36c0e0000 r-xp 00002000 103:02 58223671                  /usr/lib/x86_64-linux-gnu/libpcre.so.3.13.3
72b36c0e0000-72b36c0fd000 r--p 00057000 103:02 58223671                  /usr/lib/x86_64-linux-gnu/libpcre.so.3.13.3
72b36c0fd000-72b36c0fe000 r--p 00073000 103:02 58223671                  /usr/lib/x86_64-linux-gnu/libpcre.so.3.13.3
72b36c0fe000-72b36c0ff000 rw-p 00074000 103:02 58223671                  /usr/lib/x86_64-linux-gnu/libpcre.so.3.13.3
72b36c0ff000-72b36c100000 ---p 00000000 00:00 0 
72b36c100000-72b36c200000 rw-p 00000000 00:00 0 
72b36c200000-72b36c21b000 r-xp 00000000 103:02 58603505                  /usr/lib/jvm/temurin-11-jdk-amd64/lib/libjimage.so
72b36c21b000-72b36c41a000 ---p 0001b000 103:02 58603505                  /usr/lib/jvm/temurin-11-jdk-amd64/lib/libjimage.so
72b36c41a000-72b36c41c000 r--p 0001a000 103:02 58603505                  /usr/lib/jvm/temurin-11-jdk-amd64/lib/libjimage.so
72b36c41c000-72b36c41d000 rw-p 0001c000 103:02 58603505                  /usr/lib/jvm/temurin-11-jdk-amd64/lib/libjimage.so
72b36c439000-72b36c440000 r--p 00000000 103:02 58197109                  /usr/lib/x86_64-linux-gnu/libblkid.so.1.1.0
72b36c440000-72b36c460000 r-xp 00007000 103:02 58197109                  /usr/lib/x86_64-linux-gnu/libblkid.so.1.1.0
72b36c460000-72b36c469000 r--p 00027000 103:02 58197109                  /usr/lib/x86_64-linux-gnu/libblkid.so.1.1.0
72b36c469000-72b36c46a000 ---p 00030000 103:02 58197109                  /usr/lib/x86_64-linux-gnu/libblkid.so.1.1.0
72b36c46a000-72b36c46f000 r--p 00030000 103:02 58197109                  /usr/lib/x86_64-linux-gnu/libblkid.so.1.1.0
72b36c46f000-72b36c470000 rw-p 00035000 103:02 58197109                  /usr/lib/x86_64-linux-gnu/libblkid.so.1.1.0
72b36c470000-72b36c476000 r--p 00000000 103:02 58223827                  /usr/lib/x86_64-linux-gnu/libselinux.so.1
72b36c476000-72b36c490000 r-xp 00006000 103:02 58223827                  /usr/lib/x86_64-linux-gnu/libselinux.so.1
72b36c490000-72b36c497000 r--p 00020000 103:02 58223827                  /usr/lib/x86_64-linux-gnu/libselinux.so.1
72b36c497000-72b36c498000 ---p 00027000 103:02 58223827                  /usr/lib/x86_64-linux-gnu/libselinux.so.1
72b36c498000-72b36c499000 r--p 00027000 103:02 58223827                  /usr/lib/x86_64-linux-gnu/libselinux.so.1
72b36c499000-72b36c49a000 rw-p 00028000 103:02 58223827                  /usr/lib/x86_64-linux-gnu/libselinux.so.1
72b36c49a000-72b36c49c000 rw-p 00000000 00:00 0 
72b36c49c000-72b36c4ab000 r--p 00000000 103:02 58198207                  /usr/lib/x86_64-linux-gnu/libgobject-2.0.so.0.7200.4
72b36c4ab000-72b36c4de000 r-xp 0000f000 103:02 58198207                  /usr/lib/x86_64-linux-gnu/libgobject-2.0.so.0.7200.4
72b36c4de000-72b36c4f8000 r--p 00042000 103:02 58198207                  /usr/lib/x86_64-linux-gnu/libgobject-2.0.so.0.7200.4
72b36c4f8000-72b36c4fb000 r--p 0005b000 103:02 58198207                  /usr/lib/x86_64-linux-gnu/libgobject-2.0.so.0.7200.4
72b36c4fb000-72b36c4fc000 rw-p 0005e000 103:02 58198207                  /usr/lib/x86_64-linux-gnu/libgobject-2.0.so.0.7200.4
72b36c4fc000-72b36c4fd000 ---p 00000000 00:00 0 
72b36c4fd000-72b36c5fd000 rw-p 00000000 00:00 0 
72b36c5fd000-72b36c800000 rw-p 00000000 00:00 0 
72b36c800000-72b36c829000 r-xp 00000000 103:02 58603501                  /usr/lib/jvm/temurin-11-jdk-amd64/lib/libjava.so
72b36c829000-72b36ca28000 ---p 00029000 103:02 58603501                  /usr/lib/jvm/temurin-11-jdk-amd64/lib/libjava.so
72b36ca28000-72b36ca29000 r--p 00028000 103:02 58603501                  /usr/lib/jvm/temurin-11-jdk-amd64/lib/libjava.so
72b36ca29000-72b36ca2a000 rw-p 00029000 103:02 58603501                  /usr/lib/jvm/temurin-11-jdk-amd64/lib/libjava.so
72b36ca2a000-72b36ca2b000 rw-p 00000000 00:00 0 
72b36ca2b000-72b36ca2d000 r--p 00000000 103:02 58222534                  /usr/lib/x86_64-linux-gnu/libXfixes.so.3.1.0
72b36ca2d000-72b36ca30000 r-xp 00002000 103:02 58222534                  /usr/lib/x86_64-linux-gnu/libXfixes.so.3.1.0
72b36ca30000-72b36ca31000 r--p 00005000 103:02 58222534                  /usr/lib/x86_64-linux-gnu/libXfixes.so.3.1.0
72b36ca31000-72b36ca32000 r--p 00006000 103:02 58222534                  /usr/lib/x86_64-linux-gnu/libXfixes.so.3.1.0
72b36ca32000-72b36ca33000 rw-p 00007000 103:02 58222534                  /usr/lib/x86_64-linux-gnu/libXfixes.so.3.1.0
72b36ca33000-72b36ca35000 r--p 00000000 103:02 58223052                  /usr/lib/x86_64-linux-gnu/libffi.so.8.1.0
72b36ca35000-72b36ca3c000 r-xp 00002000 103:02 58223052                  /usr/lib/x86_64-linux-gnu/libffi.so.8.1.0
72b36ca3c000-72b36ca3d000 r--p 00009000 103:02 58223052                  /usr/lib/x86_64-linux-gnu/libffi.so.8.1.0
72b36ca3d000-72b36ca3e000 ---p 0000a000 103:02 58223052                  /usr/lib/x86_64-linux-gnu/libffi.so.8.1.0
72b36ca3e000-72b36ca3f000 r--p 0000a000 103:02 58223052                  /usr/lib/x86_64-linux-gnu/libffi.so.8.1.0
72b36ca3f000-72b36ca40000 rw-p 0000b000 103:02 58223052                  /usr/lib/x86_64-linux-gnu/libffi.so.8.1.0
72b36ca40000-72b36ca48000 r--p 00000000 103:02 58196656                  /usr/lib/x86_64-linux-gnu/libmount.so.1.1.0
72b36ca48000-72b36ca74000 r-xp 00008000 103:02 58196656                  /usr/lib/x86_64-linux-gnu/libmount.so.1.1.0
72b36ca74000-72b36ca81000 r--p 00034000 103:02 58196656                  /usr/lib/x86_64-linux-gnu/libmount.so.1.1.0
72b36ca81000-72b36ca82000 ---p 00041000 103:02 58196656                  /usr/lib/x86_64-linux-gnu/libmount.so.1.1.0
72b36ca82000-72b36ca83000 r--p 00041000 103:02 58196656                  /usr/lib/x86_64-linux-gnu/libmount.so.1.1.0
72b36ca83000-72b36ca84000 rw-p 00042000 103:02 58196656                  /usr/lib/x86_64-linux-gnu/libmount.so.1.1.0
72b36ca84000-72b36ca86000 r--p 00000000 103:02 58222550                  /usr/lib/x86_64-linux-gnu/libXrandr.so.2.2.0
72b36ca86000-72b36ca8d000 r-xp 00002000 103:02 58222550                  /usr/lib/x86_64-linux-gnu/libXrandr.so.2.2.0
72b36ca8d000-72b36ca8f000 r--p 00009000 103:02 58222550                  /usr/lib/x86_64-linux-gnu/libXrandr.so.2.2.0
72b36ca8f000-72b36ca90000 r--p 0000a000 103:02 58222550                  /usr/lib/x86_64-linux-gnu/libXrandr.so.2.2.0
72b36ca90000-72b36ca91000 rw-p 0000b000 103:02 58222550                  /usr/lib/x86_64-linux-gnu/libXrandr.so.2.2.0
72b36ca91000-72b36ca92000 r--p 00000000 103:02 58222806                  /usr/lib/x86_64-linux-gnu/libbrotlicommon.so.1.0.9
72b36ca92000-72b36ca93000 r-xp 00001000 103:02 58222806                  /usr/lib/x86_64-linux-gnu/libbrotlicommon.so.1.0.9
72b36ca93000-72b36cab2000 r--p 00002000 103:02 58222806                  /usr/lib/x86_64-linux-gnu/libbrotlicommon.so.1.0.9
72b36cab2000-72b36cab3000 r--p 00020000 103:02 58222806                  /usr/lib/x86_64-linux-gnu/libbrotlicommon.so.1.0.9
72b36cab3000-72b36cab4000 rw-p 00021000 103:02 58222806                  /usr/lib/x86_64-linux-gnu/libbrotlicommon.so.1.0.9
72b36cab4000-72b36cab5000 r--p 00000000 103:02 58222808                  /usr/lib/x86_64-linux-gnu/libbrotlidec.so.1.0.9
72b36cab5000-72b36cabd000 r-xp 00001000 103:02 58222808                  /usr/lib/x86_64-linux-gnu/libbrotlidec.so.1.0.9
72b36cabd000-72b36cac0000 r--p 00009000 103:02 58222808                  /usr/lib/x86_64-linux-gnu/libbrotlidec.so.1.0.9
72b36cac0000-72b36cac1000 r--p 0000b000 103:02 58222808                  /usr/lib/x86_64-linux-gnu/libbrotlidec.so.1.0.9
72b36cac1000-72b36cac2000 rw-p 0000c000 103:02 58222808                  /usr/lib/x86_64-linux-gnu/libbrotlidec.so.1.0.9
72b36cac2000-72b36cac7000 r--p 00000000 103:02 58223713                  /usr/lib/x86_64-linux-gnu/libpng16.so.16.37.0
72b36cac7000-72b36caf0000 r-xp 00005000 103:02 58223713                  /usr/lib/x86_64-linux-gnu/libpng16.so.16.37.0
72b36caf0000-72b36cafb000 r--p 0002e000 103:02 58223713                  /usr/lib/x86_64-linux-gnu/libpng16.so.16.37.0
72b36cafb000-72b36cafc000 r--p 00038000 103:02 58223713                  /usr/lib/x86_64-linux-gnu/libpng16.so.16.37.0
72b36cafc000-72b36cafd000 rw-p 00039000 103:02 58223713                  /usr/lib/x86_64-linux-gnu/libpng16.so.16.37.0
72b36cafd000-72b36ce00000 rw-p 00000000 00:00 0 
72b36ce00000-72b36ce0d000 r-xp 00000000 103:02 58603522                  /usr/lib/jvm/temurin-11-jdk-amd64/lib/libverify.so
72b36ce0d000-72b36d00c000 ---p 0000d000 103:02 58603522                  /usr/lib/jvm/temurin-11-jdk-amd64/lib/libverify.so
72b36d00c000-72b36d00e000 r--p 0000c000 103:02 58603522                  /usr/lib/jvm/temurin-11-jdk-amd64/lib/libverify.so
72b36d00e000-72b36d00f000 rw-p 0000e000 103:02 58603522                  /usr/lib/jvm/temurin-11-jdk-amd64/lib/libverify.so
72b36d012000-72b36d019000 r--p 00000000 103:02 47187351                  /home/tatsunidas/.config/dconf/user (deleted)
72b36d019000-72b36d01b000 r--p 00000000 103:02 58224170                  /usr/lib/x86_64-linux-gnu/libz.so.1.2.11
72b36d01b000-72b36d02c000 r-xp 00002000 103:02 58224170                  /usr/lib/x86_64-linux-gnu/libz.so.1.2.11
72b36d02c000-72b36d032000 r--p 00013000 103:02 58224170                  /usr/lib/x86_64-linux-gnu/libz.so.1.2.11
72b36d032000-72b36d033000 ---p 00019000 103:02 58224170                  /usr/lib/x86_64-linux-gnu/libz.so.1.2.11
72b36d033000-72b36d034000 r--p 00019000 103:02 58224170                  /usr/lib/x86_64-linux-gnu/libz.so.1.2.11
72b36d034000-72b36d035000 rw-p 0001a000 103:02 58224170                  /usr/lib/x86_64-linux-gnu/libz.so.1.2.11
72b36d035000-72b36d042000 r--p 00000000 103:02 58196362                  /usr/lib/x86_64-linux-gnu/libfreetype.so.6.18.1
72b36d042000-72b36d0cb000 r-xp 0000d000 103:02 58196362                  /usr/lib/x86_64-linux-gnu/libfreetype.so.6.18.1
72b36d0cb000-72b36d0f4000 r--p 00096000 103:02 58196362                  /usr/lib/x86_64-linux-gnu/libfreetype.so.6.18.1
72b36d0f4000-72b36d0f5000 ---p 000bf000 103:02 58196362                  /usr/lib/x86_64-linux-gnu/libfreetype.so.6.18.1
72b36d0f5000-72b36d0fc000 r--p 000bf000 103:02 58196362                  /usr/lib/x86_64-linux-gnu/libfreetype.so.6.18.1
72b36d0fc000-72b36d0fd000 rw-p 000c6000 103:02 58196362                  /usr/lib/x86_64-linux-gnu/libfreetype.so.6.18.1
72b36d0fd000-72b36d400000 rw-p 00000000 00:00 0 
72b36d400000-72b36e682000 r-xp 00000000 103:02 58603532                  /usr/lib/jvm/temurin-11-jdk-amd64/lib/server/libjvm.so
72b36e682000-72b36e881000 ---p 01282000 103:02 58603532                  /usr/lib/jvm/temurin-11-jdk-amd64/lib/server/libjvm.so
72b36e881000-72b36e947000 r--p 01281000 103:02 58603532                  /usr/lib/jvm/temurin-11-jdk-amd64/lib/server/libjvm.so
72b36e947000-72b36e982000 rw-p 01347000 103:02 58603532                  /usr/lib/jvm/temurin-11-jdk-amd64/lib/server/libjvm.so
72b36e982000-72b36e9da000 rw-p 00000000 00:00 0 
72b36e9dc000-72b36e9fe000 r--p 00000000 103:02 58851436                  /usr/share/locale-langpack/ja/LC_MESSAGES/libc.mo
72b36e9fe000-72b36eaff000 rw-p 00000000 00:00 0 
72b36eaff000-72b36eb00000 ---p 00000000 00:00 0 
72b36eb00000-72b36ec00000 rw-p 00000000 00:00 0 
72b36ec00000-72b36ec28000 r--p 00000000 103:02 58206679                  /usr/lib/x86_64-linux-gnu/libc.so.6
72b36ec28000-72b36edbd000 r-xp 00028000 103:02 58206679                  /usr/lib/x86_64-linux-gnu/libc.so.6
72b36edbd000-72b36ee15000 r--p 001bd000 103:02 58206679                  /usr/lib/x86_64-linux-gnu/libc.so.6
72b36ee15000-72b36ee16000 ---p 00215000 103:02 58206679                  /usr/lib/x86_64-linux-gnu/libc.so.6
72b36ee16000-72b36ee1a000 r--p 00215000 103:02 58206679                  /usr/lib/x86_64-linux-gnu/libc.so.6
72b36ee1a000-72b36ee1c000 rw-p 00219000 103:02 58206679                  /usr/lib/x86_64-linux-gnu/libc.so.6
72b36ee1c000-72b36ee29000 rw-p 00000000 00:00 0 
72b36ee2a000-72b36ee2c000 r--p 00000000 103:02 58198206                  /usr/lib/x86_64-linux-gnu/libgmodule-2.0.so.0.7200.4
72b36ee2c000-72b36ee2e000 r-xp 00002000 103:02 58198206                  /usr/lib/x86_64-linux-gnu/libgmodule-2.0.so.0.7200.4
72b36ee2e000-72b36ee2f000 r--p 00004000 103:02 58198206                  /usr/lib/x86_64-linux-gnu/libgmodule-2.0.so.0.7200.4
72b36ee2f000-72b36ee30000 r--p 00004000 103:02 58198206                  /usr/lib/x86_64-linux-gnu/libgmodule-2.0.so.0.7200.4
72b36ee30000-72b36ee31000 rw-p 00005000 103:02 58198206                  /usr/lib/x86_64-linux-gnu/libgmodule-2.0.so.0.7200.4
72b36ee31000-72b36ee33000 r--p 00000000 103:02 58223478                  /usr/lib/x86_64-linux-gnu/libmd.so.0.0.5
72b36ee33000-72b36ee3a000 r-xp 00002000 103:02 58223478                  /usr/lib/x86_64-linux-gnu/libmd.so.0.0.5
72b36ee3a000-72b36ee3c000 r--p 00009000 103:02 58223478                  /usr/lib/x86_64-linux-gnu/libmd.so.0.0.5
72b36ee3c000-72b36ee3d000 r--p 0000a000 103:02 58223478                  /usr/lib/x86_64-linux-gnu/libmd.so.0.0.5
72b36ee3d000-72b36ee3e000 rw-p 0000b000 103:02 58223478                  /usr/lib/x86_64-linux-gnu/libmd.so.0.0.5
72b36ee3e000-72b36ee42000 r--p 00000000 103:02 58222812                  /usr/lib/x86_64-linux-gnu/libbsd.so.0.11.5
72b36ee42000-72b36ee4f000 r-xp 00004000 103:02 58222812                  /usr/lib/x86_64-linux-gnu/libbsd.so.0.11.5
72b36ee4f000-72b36ee52000 r--p 00011000 103:02 58222812                  /usr/lib/x86_64-linux-gnu/libbsd.so.0.11.5
72b36ee52000-72b36ee53000 ---p 00014000 103:02 58222812                  /usr/lib/x86_64-linux-gnu/libbsd.so.0.11.5
72b36ee53000-72b36ee54000 r--p 00014000 103:02 58222812                  /usr/lib/x86_64-linux-gnu/libbsd.so.0.11.5
72b36ee54000-72b36ee55000 rw-p 00015000 103:02 58222812                  /usr/lib/x86_64-linux-gnu/libbsd.so.0.11.5
72b36ee55000-72b36ee56000 rw-p 00000000 00:00 0 
72b36ee56000-72b36ee61000 r--p 00000000 103:02 58224134                  /usr/lib/x86_64-linux-gnu/libxcb.so.1.1.0
72b36ee61000-72b36ee75000 r-xp 0000b000 103:02 58224134                  /usr/lib/x86_64-linux-gnu/libxcb.so.1.1.0
72b36ee75000-72b36ee7e000 r--p 0001f000 103:02 58224134                  /usr/lib/x86_64-linux-gnu/libxcb.so.1.1.0
72b36ee7e000-72b36ee7f000 r--p 00027000 103:02 58224134                  /usr/lib/x86_64-linux-gnu/libxcb.so.1.1.0
72b36ee7f000-72b36ee80000 rw-p 00028000 103:02 58224134                  /usr/lib/x86_64-linux-gnu/libxcb.so.1.1.0
72b36ee80000-72b36ee83000 r--p 00000000 103:02 58222540                  /usr/lib/x86_64-linux-gnu/libXi.so.6.1.0
72b36ee83000-72b36ee8f000 r-xp 00003000 103:02 58222540                  /usr/lib/x86_64-linux-gnu/libXi.so.6.1.0
72b36ee8f000-72b36ee92000 r--p 0000f000 103:02 58222540                  /usr/lib/x86_64-linux-gnu/libXi.so.6.1.0
72b36ee92000-72b36ee93000 r--p 00011000 103:02 58222540                  /usr/lib/x86_64-linux-gnu/libXi.so.6.1.0
72b36ee93000-72b36ee94000 rw-p 00012000 103:02 58222540                  /usr/lib/x86_64-linux-gnu/libXi.so.6.1.0
72b36ee94000-72b36ef28000 rw-p 00000000 00:00 0 
72b36ef28000-72b36f000000 ---p 00000000 00:00 0 
72b36f000000-72b36f01a000 r-xp 00000000 103:02 58603485                  /usr/lib/jvm/temurin-11-jdk-amd64/lib/jli/libjli.so
72b36f01a000-72b36f21a000 ---p 0001a000 103:02 58603485                  /usr/lib/jvm/temurin-11-jdk-amd64/lib/jli/libjli.so
72b36f21a000-72b36f21b000 r--p 0001a000 103:02 58603485                  /usr/lib/jvm/temurin-11-jdk-amd64/lib/jli/libjli.so
72b36f21b000-72b36f21c000 rw-p 0001b000 103:02 58603485                  /usr/lib/jvm/temurin-11-jdk-amd64/lib/jli/libjli.so
72b36f21e000-72b36f220000 r--p 00000000 103:02 58222530                  /usr/lib/x86_64-linux-gnu/libXdmcp.so.6.0.0
72b36f220000-72b36f222000 r-xp 00002000 103:02 58222530                  /usr/lib/x86_64-linux-gnu/libXdmcp.so.6.0.0
72b36f222000-72b36f224000 r--p 00004000 103:02 58222530                  /usr/lib/x86_64-linux-gnu/libXdmcp.so.6.0.0
72b36f224000-72b36f225000 r--p 00005000 103:02 58222530                  /usr/lib/x86_64-linux-gnu/libXdmcp.so.6.0.0
72b36f225000-72b36f226000 rw-p 00006000 103:02 58222530                  /usr/lib/x86_64-linux-gnu/libXdmcp.so.6.0.0
72b36f226000-72b36f227000 r--p 00000000 103:02 58222519                  /usr/lib/x86_64-linux-gnu/libXau.so.6.0.0
72b36f227000-72b36f229000 r-xp 00001000 103:02 58222519                  /usr/lib/x86_64-linux-gnu/libXau.so.6.0.0
72b36f229000-72b36f22a000 r--p 00003000 103:02 58222519                  /usr/lib/x86_64-linux-gnu/libXau.so.6.0.0
72b36f22a000-72b36f22b000 r--p 00003000 103:02 58222519                  /usr/lib/x86_64-linux-gnu/libXau.so.6.0.0
72b36f22b000-72b36f22c000 rw-p 00004000 103:02 58222519                  /usr/lib/x86_64-linux-gnu/libXau.so.6.0.0
72b36f22c000-72b36f22e000 r--p 00000000 103:02 58222558                  /usr/lib/x86_64-linux-gnu/libXtst.so.6.1.0
72b36f22e000-72b36f231000 r-xp 00002000 103:02 58222558                  /usr/lib/x86_64-linux-gnu/libXtst.so.6.1.0
72b36f231000-72b36f232000 r--p 00005000 103:02 58222558                  /usr/lib/x86_64-linux-gnu/libXtst.so.6.1.0
72b36f232000-72b36f233000 r--p 00005000 103:02 58222558                  /usr/lib/x86_64-linux-gnu/libXtst.so.6.1.0
72b36f233000-72b36f234000 rw-p 00006000 103:02 58222558                  /usr/lib/x86_64-linux-gnu/libXtst.so.6.1.0
72b36f234000-72b36f236000 r--p 00000000 103:02 58222552                  /usr/lib/x86_64-linux-gnu/libXrender.so.1.3.0
72b36f236000-72b36f23d000 r-xp 00002000 103:02 58222552                  /usr/lib/x86_64-linux-gnu/libXrender.so.1.3.0
72b36f23d000-72b36f23f000 r--p 00009000 103:02 58222552                  /usr/lib/x86_64-linux-gnu/libXrender.so.1.3.0
72b36f23f000-72b36f240000 r--p 0000a000 103:02 58222552                  /usr/lib/x86_64-linux-gnu/libXrender.so.1.3.0
72b36f240000-72b36f241000 rw-p 0000b000 103:02 58222552                  /usr/lib/x86_64-linux-gnu/libXrender.so.1.3.0
72b36f241000-72b36f245000 r--p 00000000 103:02 58222532                  /usr/lib/x86_64-linux-gnu/libXext.so.6.4.0
72b36f245000-72b36f250000 r-xp 00004000 103:02 58222532                  /usr/lib/x86_64-linux-gnu/libXext.so.6.4.0
72b36f250000-72b36f254000 r--p 0000f000 103:02 58222532                  /usr/lib/x86_64-linux-gnu/libXext.so.6.4.0
72b36f254000-72b36f255000 r--p 00012000 103:02 58222532                  /usr/lib/x86_64-linux-gnu/libXext.so.6.4.0
72b36f255000-72b36f256000 rw-p 00013000 103:02 58222532                  /usr/lib/x86_64-linux-gnu/libXext.so.6.4.0
72b36f25a000-72b36f25e000 r--p 00000000 103:02 58225368                  /usr/lib/x86_64-linux-gnu/gio/modules/libdconfsettings.so
72b36f25e000-72b36f265000 r-xp 00004000 103:02 58225368                  /usr/lib/x86_64-linux-gnu/gio/modules/libdconfsettings.so
72b36f265000-72b36f268000 r--p 0000b000 103:02 58225368                  /usr/lib/x86_64-linux-gnu/gio/modules/libdconfsettings.so
72b36f268000-72b36f269000 r--p 0000e000 103:02 58225368                  /usr/lib/x86_64-linux-gnu/gio/modules/libdconfsettings.so
72b36f269000-72b36f26a000 rw-p 0000f000 103:02 58225368                  /usr/lib/x86_64-linux-gnu/gio/modules/libdconfsettings.so
72b36f26a000-72b36f328000 rw-p 00000000 00:00 0 
72b36f328000-72b36f3ef000 ---p 00000000 00:00 0 
72b36f3ef000-72b36f3f4000 rw-p 00000000 00:00 0 
72b36f3f4000-72b36f3fb000 ---p 00000000 00:00 0 
72b36f3fb000-72b36f3fc000 r--p 00000000 103:02 58206703                  /usr/lib/x86_64-linux-gnu/librt.so.1
72b36f3fc000-72b36f3fd000 r-xp 00001000 103:02 58206703                  /usr/lib/x86_64-linux-gnu/librt.so.1
72b36f3fd000-72b36f3fe000 r--p 00002000 103:02 58206703                  /usr/lib/x86_64-linux-gnu/librt.so.1
72b36f3fe000-72b36f3ff000 r--p 00002000 103:02 58206703                  /usr/lib/x86_64-linux-gnu/librt.so.1
72b36f3ff000-72b36f400000 rw-p 00003000 103:02 58206703                  /usr/lib/x86_64-linux-gnu/librt.so.1
72b36f400000-72b36f404000 ---p 00000000 00:00 0 
72b36f404000-72b36f500000 rw-p 00000000 00:00 0 
72b36f500000-72b36f50e000 r--p 00000000 103:02 58206685                  /usr/lib/x86_64-linux-gnu/libm.so.6
72b36f50e000-72b36f58a000 r-xp 0000e000 103:02 58206685                  /usr/lib/x86_64-linux-gnu/libm.so.6
72b36f58a000-72b36f5e5000 r--p 0008a000 103:02 58206685                  /usr/lib/x86_64-linux-gnu/libm.so.6
72b36f5e5000-72b36f5e6000 r--p 000e4000 103:02 58206685                  /usr/lib/x86_64-linux-gnu/libm.so.6
72b36f5e6000-72b36f5e7000 rw-p 000e5000 103:02 58206685                  /usr/lib/x86_64-linux-gnu/libm.so.6
72b36f5e7000-72b36f5e9000 rw-p 00000000 00:00 0 
72b36f5e9000-72b36f5ea000 r--p 00000000 103:02 58206683                  /usr/lib/x86_64-linux-gnu/libdl.so.2
72b36f5ea000-72b36f5eb000 r-xp 00001000 103:02 58206683                  /usr/lib/x86_64-linux-gnu/libdl.so.2
72b36f5eb000-72b36f5ec000 r--p 00002000 103:02 58206683                  /usr/lib/x86_64-linux-gnu/libdl.so.2
72b36f5ec000-72b36f5ed000 r--p 00002000 103:02 58206683                  /usr/lib/x86_64-linux-gnu/libdl.so.2
72b36f5ed000-72b36f5ee000 rw-p 00003000 103:02 58206683                  /usr/lib/x86_64-linux-gnu/libdl.so.2
72b36f5ee000-72b36f5ef000 r--p 00000000 103:02 58206701                  /usr/lib/x86_64-linux-gnu/libpthread.so.0
72b36f5ef000-72b36f5f0000 r-xp 00001000 103:02 58206701                  /usr/lib/x86_64-linux-gnu/libpthread.so.0
72b36f5f0000-72b36f5f1000 r--p 00002000 103:02 58206701                  /usr/lib/x86_64-linux-gnu/libpthread.so.0
72b36f5f1000-72b36f5f2000 r--p 00002000 103:02 58206701                  /usr/lib/x86_64-linux-gnu/libpthread.so.0
72b36f5f2000-72b36f5f3000 rw-p 00003000 103:02 58206701                  /usr/lib/x86_64-linux-gnu/libpthread.so.0
72b36f5f6000-72b36f5fd000 r--s 00000000 103:02 58210169                  /usr/lib/x86_64-linux-gnu/gconv/gconv-modules.cache
72b36f5fd000-72b36f605000 rw-s 00000000 103:02 60424219                  /tmp/hsperfdata_tatsunidas/16691
72b36f605000-72b36f606000 ---p 00000000 00:00 0 
72b36f606000-72b36f607000 r--p 00000000 00:00 0 
72b36f607000-72b36f609000 rw-p 00000000 00:00 0 
72b36f609000-72b36f60b000 r--p 00000000 103:02 58206672                  /usr/lib/x86_64-linux-gnu/ld-linux-x86-64.so.2
72b36f60b000-72b36f635000 r-xp 00002000 103:02 58206672                  /usr/lib/x86_64-linux-gnu/ld-linux-x86-64.so.2
72b36f635000-72b36f640000 r--p 0002c000 103:02 58206672                  /usr/lib/x86_64-linux-gnu/ld-linux-x86-64.so.2
72b36f640000-72b36f641000 r--s 00000000 00:42 203                        /run/user/1000/dconf/user (deleted)
72b36f641000-72b36f643000 r--p 00037000 103:02 58206672                  /usr/lib/x86_64-linux-gnu/ld-linux-x86-64.so.2
72b36f643000-72b36f645000 rw-p 00039000 103:02 58206672                  /usr/lib/x86_64-linux-gnu/ld-linux-x86-64.so.2
7ffc4e24e000-7ffc4e271000 rw-p 00000000 00:00 0                          [stack]
7ffc4e32a000-7ffc4e32e000 r--p 00000000 00:00 0                          [vvar]
7ffc4e32e000-7ffc4e330000 r-xp 00000000 00:00 0                          [vdso]
ffffffffff600000-ffffffffff601000 --xp 00000000 00:00 0                  [vsyscall]


VM Arguments:
jvm_args: -agentlib:jdwp=transport=dt_socket,suspend=y,address=localhost:45499 -Djava.library.path=./native/native_opencv/linux-x86-64 -javaagent:/home/tatsunidas/eclipse/java-2023-03/eclipse/configuration/org.eclipse.osgi/225/0/.cp/lib/javaagent-shaded.jar -Dfile.encoding=UTF-8 
java_command: com.vis.core.launcher.Launcher
java_class_path (initial): /home/tatsunidas/graphy-workspace3/graphy/target/classes:/home/tatsunidas/.m2/repository/net/imagej/ij/1.54f/ij-1.54f.jar:/home/tatsunidas/.m2/repository/org/jogamp/gluegen/gluegen-rt-main/2.3.2/gluegen-rt-main-2.3.2.jar:/home/tatsunidas/.m2/repository/org/jogamp/gluegen/gluegen-rt/2.3.2/gluegen-rt-2.3.2.jar:/home/tatsunidas/.m2/repository/org/jogamp/gluegen/gluegen-rt/2.3.2/gluegen-rt-2.3.2-natives-android-aarch64.jar:/home/tatsunidas/.m2/repository/org/jogamp/gluegen/gluegen-rt/2.3.2/gluegen-rt-2.3.2-natives-android-armv6.jar:/home/tatsunidas/.m2/repository/org/jogamp/gluegen/gluegen-rt/2.3.2/gluegen-rt-2.3.2-natives-linux-amd64.jar:/home/tatsunidas/.m2/repository/org/jogamp/gluegen/gluegen-rt/2.3.2/gluegen-rt-2.3.2-natives-linux-armv6.jar:/home/tatsunidas/.m2/repository/org/jogamp/gluegen/gluegen-rt/2.3.2/gluegen-rt-2.3.2-natives-linux-armv6hf.jar:/home/tatsunidas/.m2/repository/org/jogamp/gluegen/gluegen-rt/2.3.2/gluegen-rt-2.3.2-natives-linux-i586.jar:/home/tatsunidas/.m2/repository/org/jogamp/gluegen/gluegen-rt/2.3.2/gluegen-rt-2.3.2-natives-macosx-universal.jar:/home/tatsunidas/.m2/repository/org/jogamp/gluegen/gluegen-rt/2.3.2/gluegen-rt-2.3.2-natives-solaris-amd64.jar:/home/tatsunidas/.m2/repository/org/jogamp/gluegen/gluegen-rt/2.3.2/gluegen-rt-2.3.2-natives-solaris-i586.jar:/home/tatsunidas/.m2/repository/org/jogamp/gluegen/gluegen-rt/2.3.2/gluegen-rt-2.3.2-natives-windows-amd64.jar:/home/tatsunidas/.m2/repository/org/jogamp/gluegen/gluegen-rt/2.3.2/gluegen-rt-2.3.2-natives-windows-i586.jar:/home/tatsunidas/.m2/repository/org/jogamp/jogl/jogl-all-main/2.3.2/jogl-all-main-2.3.2.jar:/home/tatsunidas/.m2/repository/org/jogamp/jogl/jogl-all/2.3.2/jogl-all-2.3.2.jar:/home/tatsunidas/.m2/repository/org/jogamp/jogl/jogl-all/2.3.2/jogl-all-2.3.2-natives-android-aarch64.jar:/home/tatsunidas/.m2/repository/org/jogamp/jogl/jogl-all/2.3.2/jogl-all-2.3.2-natives-android-armv6.jar:/home/tatsunidas/.m2/repository/org/jogamp/jogl/jogl-all/2.3
Launcher Type: SUN_STANDARD

[Global flags]
     intx CICompilerCount                          = 4                                         {product} {ergonomic}
     uint ConcGCThreads                            = 2                                         {product} {ergonomic}
     uint G1ConcRefinementThreads                  = 8                                         {product} {ergonomic}
   size_t G1HeapRegionSize                         = 2097152                                   {product} {ergonomic}
    uintx GCDrainStackTargetSize                   = 64                                        {product} {ergonomic}
   size_t InitialHeapSize                          = 524288000                                 {product} {ergonomic}
   size_t MarkStackSize                            = 4194304                                   {product} {ergonomic}
   size_t MaxHeapSize                              = 8382316544                                {product} {ergonomic}
   size_t MaxNewSize                               = 5028970496                                {product} {ergonomic}
   size_t MinHeapDeltaBytes                        = 2097152                                   {product} {ergonomic}
    uintx NonNMethodCodeHeapSize                   = 5836300                                {pd product} {ergonomic}
    uintx NonProfiledCodeHeapSize                  = 122910970                              {pd product} {ergonomic}
    uintx ProfiledCodeHeapSize                     = 122910970                              {pd product} {ergonomic}
    uintx ReservedCodeCacheSize                    = 251658240                              {pd product} {ergonomic}
     bool SegmentedCodeCache                       = true                                      {product} {ergonomic}
     bool UseCompressedClassPointers               = true                                 {lp64_product} {ergonomic}
     bool UseCompressedOops                        = true                                 {lp64_product} {ergonomic}
     bool UseG1GC                                  = true                                      {product} {ergonomic}

Logging:
Log output configuration:
 #0: stdout all=warning uptime,level,tags
 #1: stderr all=off uptime,level,tags

Environment Variables:
PATH=/usr/local/sbin:/usr/local/bin:/usr/sbin:/usr/bin:/sbin:/bin:/usr/games:/usr/local/games:/snap/bin:/snap/bin:/home/tatsunidas/dcm4che-5.30.0/bin
USERNAME=tatsunidas
SHELL=/bin/bash
DISPLAY=:1
LANG=ja_JP.UTF-8

Signal Handlers:
SIGSEGV: [libjvm.so+0xf51350], sa_mask[0]=11111111011111111101111111111110, sa_flags=SA_RESTART|SA_SIGINFO
SIGBUS: [libjvm.so+0xf51350], sa_mask[0]=11111111011111111101111111111110, sa_flags=SA_RESTART|SA_SIGINFO
SIGFPE: [libjvm.so+0xf51350], sa_mask[0]=11111111011111111101111111111110, sa_flags=SA_RESTART|SA_SIGINFO
SIGPIPE: SIG_IGN, sa_mask[0]=00000000000010000000000000000000, sa_flags=SA_RESTART
SIGXFSZ: [libjvm.so+0xc72290], sa_mask[0]=11111111011111111101111111111110, sa_flags=SA_RESTART|SA_SIGINFO
SIGILL: [libjvm.so+0xf51350], sa_mask[0]=11111111011111111101111111111110, sa_flags=SA_RESTART|SA_SIGINFO
SIGUSR2: [libjvm.so+0xc72130], sa_mask[0]=00100000000000000000000000000000, sa_flags=SA_RESTART|SA_SIGINFO
SIGHUP: [libjvm.so+0xc726a0], sa_mask[0]=11111111011111111101111111111110, sa_flags=SA_RESTART|SA_SIGINFO
SIGINT: [libjvm.so+0xc726a0], sa_mask[0]=11111111011111111101111111111110, sa_flags=SA_RESTART|SA_SIGINFO
SIGTERM: [libjvm.so+0xc726a0], sa_mask[0]=11111111011111111101111111111110, sa_flags=SA_RESTART|SA_SIGINFO
SIGQUIT: [libjvm.so+0xc726a0], sa_mask[0]=11111111011111111101111111111110, sa_flags=SA_RESTART|SA_SIGINFO


---------------  S Y S T E M  ---------------

OS:DISTRIB_ID=Ubuntu
DISTRIB_RELEASE=22.04
DISTRIB_CODENAME=jammy
DISTRIB_DESCRIPTION="Ubuntu 22.04.4 LTS"
uname:Linux 6.8.0-40-generic #40~22.04.3-Ubuntu SMP PREEMPT_DYNAMIC Tue Jul 30 17:30:19 UTC 2 x86_64
OS uptime: 0 days 5:36 hours
libc:glibc 2.35 NPTL 2.35 
rlimit (soft/hard): STACK 8192k/infinity , CORE 0k/infinity , NPROC 127595/127595 , NOFILE 1048576/1048576 , AS infinity/infinity , CPU infinity/infinity , DATA infinity/infinity , FSIZE infinity/infinity , MEMLOCK 4092776k/4092776k
load average:2.89 2.06 2.19

/proc/meminfo:
MemTotal:       32742228 kB
MemFree:        20109940 kB
MemAvailable:   24678804 kB
Buffers:          447496 kB
Cached:          4486472 kB
SwapCached:            0 kB
Active:          7591732 kB
Inactive:        2449120 kB
Active(anon):    6140252 kB
Inactive(anon):        0 kB
Active(file):    1451480 kB
Inactive(file):  2449120 kB
Unevictable:     1020408 kB
Mlocked:           12876 kB
SwapTotal:       2097148 kB
SwapFree:        2097148 kB
Zswap:                 0 kB
Zswapped:              0 kB
Dirty:              2408 kB
Writeback:             0 kB
AnonPages:       6127348 kB
Mapped:           821564 kB
Shmem:           1020644 kB
KReclaimable:    1137568 kB
Slab:            1373256 kB
SReclaimable:    1137568 kB
SUnreclaim:       235688 kB
KernelStack:       19776 kB
PageTables:        53704 kB
SecPageTables:         0 kB
NFS_Unstable:          0 kB
Bounce:                0 kB
WritebackTmp:          0 kB
CommitLimit:    18468260 kB
Committed_AS:   13070536 kB
VmallocTotal:   34359738367 kB
VmallocUsed:       52056 kB
VmallocChunk:          0 kB
Percpu:             8064 kB
HardwareCorrupted:     0 kB
AnonHugePages:         0 kB
ShmemHugePages:   712704 kB
ShmemPmdMapped:        0 kB
FileHugePages:         0 kB
FilePmdMapped:         0 kB
Unaccepted:            0 kB
HugePages_Total:       0
HugePages_Free:        0
HugePages_Rsvd:        0
HugePages_Surp:        0
Hugepagesize:       2048 kB
Hugetlb:               0 kB
DirectMap4k:      177992 kB
DirectMap2M:     5990400 kB
DirectMap1G:    27262976 kB

/sys/kernel/mm/transparent_hugepage/enabled:
always [madvise] never
/sys/kernel/mm/transparent_hugepage/defrag (defrag/compaction efforts parameter):
always defer defer+madvise [madvise] never

Process Memory:
Virtual Size: 12873896K (peak: 12877580K)
Resident Set Size: 737924K (peak: 744828K) (anon: 704348K, file: 32888K, shmem: 688K)
Swapped out: 0K
C-Heap outstanding allocations: 53179K, retained: 108236K
glibc malloc tunables: (default)

/proc/sys/kernel/threads-max (system-wide limit on the number of threads):
255190
/proc/sys/vm/max_map_count (maximum number of memory map areas a process may have):
65530
/proc/sys/kernel/pid_max (system-wide limit on number of process identifiers):
4194304

container (cgroup) information:
container_type: cgroupv2
cpu_cpuset_cpus: not supported
cpu_memory_nodes: not supported
active_processor_count: 8
cpu_quota: not supported
cpu_period: not supported
cpu_shares: not supported
memory_limit_in_bytes: unlimited
memory_and_swap_limit_in_bytes: unlimited
memory_soft_limit_in_bytes: unlimited
memory_usage_in_bytes: 5274252 k
memory_max_usage_in_bytes: not supported
memory_swap_current_in_bytes: unlimited
memory_swap_max_limit_in_bytes: unlimited
maximum number of tasks: 38278
current number of tasks: 335

Steal ticks since vm start: 0
Steal ticks percentage since vm start:  0.000

CPU:total 8 (initial active 8) (4 cores per cpu, 2 threads per core) family 6 model 142 stepping 10 microcode 0xf6, cmov, cx8, fxsr, mmx, sse, sse2, sse3, ssse3, sse4.1, sse4.2, popcnt, avx, avx2, aes, clmul, erms, 3dnowpref, lzcnt, ht, tsc, tscinvbit, bmi1, bmi2, adx, fma
CPU Model and flags from /proc/cpuinfo:
model name	: Intel(R) Core(TM) i7-8550U CPU @ 1.80GHz
flags		: fpu vme de pse tsc msr pae mce cx8 apic sep mtrr pge mca cmov pat pse36 clflush dts acpi mmx fxsr sse sse2 ss ht tm pbe syscall nx pdpe1gb rdtscp lm constant_tsc art arch_perfmon pebs bts rep_good nopl xtopology nonstop_tsc cpuid aperfmperf pni pclmulqdq dtes64 monitor ds_cpl vmx est tm2 ssse3 sdbg fma cx16 xtpr pdcm pcid sse4_1 sse4_2 x2apic movbe popcnt tsc_deadline_timer aes xsave avx f16c rdrand lahf_lm abm 3dnowprefetch cpuid_fault epb pti ssbd ibrs ibpb stibp tpr_shadow flexpriority ept vpid ept_ad fsgsbase tsc_adjust bmi1 avx2 smep bmi2 erms invpcid mpx rdseed adx smap clflushopt intel_pt xsaveopt xsavec xgetbv1 xsaves dtherm ida arat pln pts hwp hwp_notify hwp_act_window hwp_epp vnmi md_clear flush_l1d arch_capabilities
Online cpus:
0-7
Offline cpus:

BIOS frequency limitation:
<Not Available>
Frequency switch latency (ns):
0
Available cpu frequencies:
<Not Available>
Current governor:
powersave
Core performance/turbo boost:
<Not Available>

Memory: 4k page, physical 32742228k(20109940k free), swap 2097148k(2097148k free)

vm_info: OpenJDK 64-Bit Server VM (11.0.24+8) for linux-amd64 JRE (11.0.24+8), built on Jul 17 2024 01:04:23 by "" with gcc 7.5.0

END.
