This file contains any messages produced by compilers while
running configure, to aid debugging if configure makes a mistake.

configure:894: checking host system type
configure:916: checking if sh is bash
configure:938: checking if /bin/sh is bash
configure:960: checking whether sh -ce is broken
configure:982: checking whether /bin/sh -ce is broken
configure:1004: checking whether /bin/bosh is a working shell
configure:1031: checking whether /opt/schily/bin/bosh is a working shell
configure:1060: checking for cc
configure:1089: checking for gcc
configure:1202: checking whether the C compiler (gcc   -O    -Llibs/x86_64-linux-gcc -L/opt/schily/lib -Wl,-R/opt/schily/lib -Wl,-R/opt/schily/lib) works
configure:1224: gcc -o conftest   -O      -D_GNU_SOURCE   conftest.c -Llibs/x86_64-linux-gcc -L/opt/schily/lib -Wl,-R/opt/schily/lib -Wl,-R/opt/schily/lib  1>&5
configure:1221:1: warning: return type defaults to 'int' [-Wimplicit-int]
configure:1265: checking whether the C compiler (gcc   -O    -Llibs/x86_64-linux-gcc -L/opt/schily/lib -Wl,-R/opt/schily/lib -Wl,-R/opt/schily/lib) is a cross-compiler
configure:1275: checking whether we are using GNU C
configure:1284: gcc -E conftest.c
configure:1303: checking whether gcc accepts -g
configure:1348: checking for object suffix
configure:1354: gcc -c   -O      -D_GNU_SOURCE   conftest.c 1>&5
configure:1373: checking for Cygwin environment
configure:1389: gcc -c   -O      -D_GNU_SOURCE   conftest.c 1>&5
configure: In function 'main':
configure:1383:20: error: '__CYGWIN32__' undeclared (first use in this function); did you mean '__CYGWIN__'?
configure:1385:8: note: in expansion of macro '__CYGWIN__'
configure:1383:20: note: each undeclared identifier is reported only once for each function it appears in
configure:1385:8: note: in expansion of macro '__CYGWIN__'
configure: failed program was:
#line 1378 "configure"
#include "confdefs.h"

int main() {

#ifndef __CYGWIN__
#define __CYGWIN__ __CYGWIN32__
#endif
return __CYGWIN__;
; return 0; }
configure:1406: checking for mingw32 environment
configure:1418: gcc -c   -O      -D_GNU_SOURCE   conftest.c 1>&5
configure: In function 'main':
configure:1414:8: error: '__MINGW32__' undeclared (first use in this function); did you mean '__INT32_C'?
configure:1414:8: note: each undeclared identifier is reported only once for each function it appears in
configure: failed program was:
#line 1411 "configure"
#include "confdefs.h"

int main() {
return __MINGW32__;
; return 0; }
configure:1435: checking for EMX/OS2 environment
configure:1447: gcc -c   -O      -D_GNU_SOURCE   conftest.c 1>&5
configure: In function 'main':
configure:1443:8: error: '__EMX__' undeclared (first use in this function); did you mean '__MMX__'?
configure:1443:8: note: each undeclared identifier is reported only once for each function it appears in
configure: failed program was:
#line 1440 "configure"
#include "confdefs.h"

int main() {
return __EMX__;
; return 0; }
configure:1478: checking for executable suffix
configure:1489: gcc -o conftest   -O      -D_GNU_SOURCE   conftest.c -Llibs/x86_64-linux-gcc -L/opt/schily/lib -Wl,-R/opt/schily/lib -Wl,-R/opt/schily/lib  1>&5
configure:1529: checking for executable calling suffix
configure:1537: checking how to run the C preprocessor
configure:1558: gcc -E   -D_GNU_SOURCE   conftest.c >/dev/null 2>conftest.out
configure:1619: checking for gcc
configure:1653: checking how to run the C preprocessor for any type of file
configure:1670: gcc -E conftestcpp | grep xxzzy
gcc: warning: conftestcpp: linker input file unused because linking not done
configure:1701: checking if suncc/cc supports -m64
configure:1728: checking if HP cc supports -Ae
configure:1755: checking if HP cc supports -O
configure:1782: checking if HP cc supports -G
configure:1811: checking for ranlib
configure:1839: checking whether make sets ${MAKE}
configure:1870: checking for yacc
configure:1870: checking for bison
configure:1870: checking for byacc
configure:1905: checking for bison
configure:1941: checking for lorder
configure:1980: checking for tsort
configure:2024: checking for ed
configure:2060: checking for red
configure:2108: checking for ANSI C header files
configure:2121: gcc -E   -D_GNU_SOURCE   conftest.c >/dev/null 2>conftest.out
configure:2188: gcc -o conftest   -O      -D_GNU_SOURCE   conftest.c -Llibs/x86_64-linux-gcc -L/opt/schily/lib -Wl,-R/opt/schily/lib -Wl,-R/opt/schily/lib  1>&5
configure: In function 'main':
configure:2183:67: warning: implicit declaration of function 'exit' [-Wimplicit-function-declaration]
configure:2183:67: warning: incompatible implicit declaration of built-in function 'exit'
configure:2183:67: note: include '<stdlib.h>' or provide a declaration of 'exit'
configure:2184:1: warning: incompatible implicit declaration of built-in function 'exit'
configure:2184:1: note: include '<stdlib.h>' or provide a declaration of 'exit'
configure:2231: checking for stdarg.h
configure:2241: gcc -E   -D_GNU_SOURCE   conftest.c >/dev/null 2>conftest.out
configure:2231: checking for stdlib.h
configure:2241: gcc -E   -D_GNU_SOURCE   conftest.c >/dev/null 2>conftest.out
configure:2231: checking for string.h
configure:2241: gcc -E   -D_GNU_SOURCE   conftest.c >/dev/null 2>conftest.out
configure:2231: checking for float.h
configure:2241: gcc -E   -D_GNU_SOURCE   conftest.c >/dev/null 2>conftest.out
configure:2267: checking for UNIX-98 compliant inttypes.h
configure:2281: gcc -c   -O      -D_GNU_SOURCE   conftest.c 1>&5
configure:2301: checking for SUSv3 compliant stdint.h
configure:2316: gcc -c   -O      -D_GNU_SOURCE   conftest.c 1>&5
configure:2350: checking for dirent.h that defines DIR
configure:2363: gcc -c   -O      -D_GNU_SOURCE   conftest.c 1>&5
configure:2388: checking for opendir in -lc
configure:2407: gcc -o conftest   -O      -D_GNU_SOURCE   conftest.c -Llibs/x86_64-linux-gcc -L/opt/schily/lib -Wl,-R/opt/schily/lib -Wl,-R/opt/schily/lib   1>&5
configure:2553: checking whether stat file-mode macros are broken
configure:2609: checking whether time.h and sys/time.h may both be included
configure:2623: gcc -c   -O      -D_GNU_SOURCE   conftest.c 1>&5
configure:2644: checking for sys/wait.h that is POSIX.1 compatible
configure:2665: gcc -c   -O      -D_GNU_SOURCE   conftest.c 1>&5
configure:2686: checking if select needs nonstd include files
configure:2699: gcc -c   -O      -D_GNU_SOURCE   conftest.c 1>&5
configure:2719: checking if sys/select.h is needed for select
configure:2736: gcc -c   -O      -D_GNU_SOURCE   conftest.c 1>&5
configure:2729:1: error: expected identifier or '(' before 'do'
configure: failed program was:
#line 2724 "configure"
#include "confdefs.h"
#include <sys/types.h>
#include <sys/time.h>
#include <sys/select.h>
#ifndef	SELECT_NONSTD_HDR
do not compile if we do not need nonstandard headers
#endif
int main() {
fd_set rfd; FD_ZERO(&rfd); select(1, &rfd, 0, 0, 0);
; return 0; }
configure:2756: checking if sys/socket.h is needed for select
configure:2773: gcc -c   -O      -D_GNU_SOURCE   conftest.c 1>&5
configure:2766:1: error: expected identifier or '(' before 'do'
configure: failed program was:
#line 2761 "configure"
#include "confdefs.h"
#include <sys/types.h>
#include <sys/time.h>
#include <sys/socket.h>
#ifndef	SELECT_NONSTD_HDR
do not compile if we do not need nonstandard headers
#endif
int main() {
fd_set rfd; FD_ZERO(&rfd); select(1, &rfd, 0, 0, 0);
; return 0; }
configure:2796: checking for ar.h
configure:2806: gcc -E   -D_GNU_SOURCE   conftest.c >/dev/null 2>conftest.out
configure:2836: checking for assert.h
configure:2846: gcc -E   -D_GNU_SOURCE   conftest.c >/dev/null 2>conftest.out
configure:2876: checking for stdio.h
configure:2886: gcc -E   -D_GNU_SOURCE   conftest.c >/dev/null 2>conftest.out
configure:2876: checking for varargs.h
configure:2886: gcc -E   -D_GNU_SOURCE   conftest.c >/dev/null 2>conftest.out
In file included from configure:2882:0:
/usr/lib/gcc/x86_64-linux-gnu/7/include/varargs.h:4:2: error: #error "GCC no longer implements <varargs.h>."
 #error "GCC no longer implements <varargs.h>."
  ^~~~~
/usr/lib/gcc/x86_64-linux-gnu/7/include/varargs.h:5:2: error: #error "Revise your code to use <stdarg.h>."
 #error "Revise your code to use <stdarg.h>."
  ^~~~~
configure: failed program was:
#line 2881 "configure"
#include "confdefs.h"
#include <varargs.h>
configure:2876: checking for stdarg.h
configure:2876: checking for stdlib.h
configure:2876: checking for stddef.h
configure:2886: gcc -E   -D_GNU_SOURCE   conftest.c >/dev/null 2>conftest.out
configure:2876: checking for string.h
configure:2876: checking for strings.h
configure:2886: gcc -E   -D_GNU_SOURCE   conftest.c >/dev/null 2>conftest.out
configure:2876: checking for unistd.h
configure:2886: gcc -E   -D_GNU_SOURCE   conftest.c >/dev/null 2>conftest.out
configure:2876: checking for fcntl.h
configure:2886: gcc -E   -D_GNU_SOURCE   conftest.c >/dev/null 2>conftest.out
configure:2876: checking for io.h
configure:2886: gcc -E   -D_GNU_SOURCE   conftest.c >/dev/null 2>conftest.out
configure:2882:10: fatal error: io.h: No such file or directory
compilation terminated.
configure: failed program was:
#line 2881 "configure"
#include "confdefs.h"
#include <io.h>
configure:2876: checking for sys/file.h
configure:2886: gcc -E   -D_GNU_SOURCE   conftest.c >/dev/null 2>conftest.out
configure:2916: checking for conio.h
configure:2926: gcc -E   -D_GNU_SOURCE   conftest.c >/dev/null 2>conftest.out
configure:2922:10: fatal error: conio.h: No such file or directory
compilation terminated.
configure: failed program was:
#line 2921 "configure"
#include "confdefs.h"
#include <conio.h>
configure:2956: checking for getopt.h
configure:2966: gcc -E   -D_GNU_SOURCE   conftest.c >/dev/null 2>conftest.out
configure:2996: checking for limits.h
configure:3006: gcc -E   -D_GNU_SOURCE   conftest.c >/dev/null 2>conftest.out
configure:3036: checking for a.out.h
configure:3046: gcc -E   -D_GNU_SOURCE   conftest.c >/dev/null 2>conftest.out
configure:3036: checking for aouthdr.h
configure:3046: gcc -E   -D_GNU_SOURCE   conftest.c >/dev/null 2>conftest.out
configure:3042:10: fatal error: aouthdr.h: No such file or directory
compilation terminated.
configure: failed program was:
#line 3041 "configure"
#include "confdefs.h"
#include <aouthdr.h>
configure:3036: checking for elf.h
configure:3046: gcc -E   -D_GNU_SOURCE   conftest.c >/dev/null 2>conftest.out
configure:3076: checking for sysexits.h
configure:3086: gcc -E   -D_GNU_SOURCE   conftest.c >/dev/null 2>conftest.out
configure:3116: checking for malloc.h
configure:3126: gcc -E   -D_GNU_SOURCE   conftest.c >/dev/null 2>conftest.out
configure:3116: checking for posix/malloc.h
configure:3126: gcc -E   -D_GNU_SOURCE   conftest.c >/dev/null 2>conftest.out
configure:3122:10: fatal error: posix/malloc.h: No such file or directory
compilation terminated.
configure: failed program was:
#line 3121 "configure"
#include "confdefs.h"
#include <posix/malloc.h>
configure:3116: checking for sgtty.h
configure:3126: gcc -E   -D_GNU_SOURCE   conftest.c >/dev/null 2>conftest.out
configure:3116: checking for termios.h
configure:3126: gcc -E   -D_GNU_SOURCE   conftest.c >/dev/null 2>conftest.out
configure:3116: checking for termio.h
configure:3126: gcc -E   -D_GNU_SOURCE   conftest.c >/dev/null 2>conftest.out
configure:3156: checking for pwd.h
configure:3166: gcc -E   -D_GNU_SOURCE   conftest.c >/dev/null 2>conftest.out
configure:3156: checking for grp.h
configure:3166: gcc -E   -D_GNU_SOURCE   conftest.c >/dev/null 2>conftest.out
configure:3156: checking for sys/acl.h
configure:3166: gcc -E   -D_GNU_SOURCE   conftest.c >/dev/null 2>conftest.out
configure:3162:10: fatal error: sys/acl.h: No such file or directory
compilation terminated.
configure: failed program was:
#line 3161 "configure"
#include "confdefs.h"
#include <sys/acl.h>
configure:3156: checking for aclutils.h
configure:3166: gcc -E   -D_GNU_SOURCE   conftest.c >/dev/null 2>conftest.out
configure:3162:10: fatal error: aclutils.h: No such file or directory
compilation terminated.
configure: failed program was:
#line 3161 "configure"
#include "confdefs.h"
#include <aclutils.h>
configure:3156: checking for acllib.h
configure:3166: gcc -E   -D_GNU_SOURCE   conftest.c >/dev/null 2>conftest.out
configure:3162:10: fatal error: acllib.h: No such file or directory
compilation terminated.
configure: failed program was:
#line 3161 "configure"
#include "confdefs.h"
#include <acllib.h>
configure:3156: checking for acl/libacl.h
configure:3166: gcc -E   -D_GNU_SOURCE   conftest.c >/dev/null 2>conftest.out
configure:3162:10: fatal error: acl/libacl.h: No such file or directory
compilation terminated.
configure: failed program was:
#line 3161 "configure"
#include "confdefs.h"
#include <acl/libacl.h>
configure:3196: checking for signal.h
configure:3206: gcc -E   -D_GNU_SOURCE   conftest.c >/dev/null 2>conftest.out
configure:3196: checking for siginfo.h
configure:3206: gcc -E   -D_GNU_SOURCE   conftest.c >/dev/null 2>conftest.out
configure:3202:10: fatal error: siginfo.h: No such file or directory
compilation terminated.
configure: failed program was:
#line 3201 "configure"
#include "confdefs.h"
#include <siginfo.h>
configure:3196: checking for sys/siginfo.h
configure:3206: gcc -E   -D_GNU_SOURCE   conftest.c >/dev/null 2>conftest.out
configure:3202:10: fatal error: sys/siginfo.h: No such file or directory
compilation terminated.
configure: failed program was:
#line 3201 "configure"
#include "confdefs.h"
#include <sys/siginfo.h>
configure:3196: checking for ucontext.h
configure:3206: gcc -E   -D_GNU_SOURCE   conftest.c >/dev/null 2>conftest.out
configure:3236: checking for shadow.h
configure:3246: gcc -E   -D_GNU_SOURCE   conftest.c >/dev/null 2>conftest.out
configure:3236: checking for syslog.h
configure:3246: gcc -E   -D_GNU_SOURCE   conftest.c >/dev/null 2>conftest.out
configure:3276: checking for sys/time.h
configure:3286: gcc -E   -D_GNU_SOURCE   conftest.c >/dev/null 2>conftest.out
configure:3276: checking for sys/times.h
configure:3286: gcc -E   -D_GNU_SOURCE   conftest.c >/dev/null 2>conftest.out
configure:3276: checking for utime.h
configure:3286: gcc -E   -D_GNU_SOURCE   conftest.c >/dev/null 2>conftest.out
configure:3276: checking for sys/utime.h
configure:3286: gcc -E   -D_GNU_SOURCE   conftest.c >/dev/null 2>conftest.out
configure:3282:10: fatal error: sys/utime.h: No such file or directory
compilation terminated.
configure: failed program was:
#line 3281 "configure"
#include "confdefs.h"
#include <sys/utime.h>
configure:3276: checking for sys/ioctl.h
configure:3286: gcc -E   -D_GNU_SOURCE   conftest.c >/dev/null 2>conftest.out
configure:3276: checking for sys/filio.h
configure:3286: gcc -E   -D_GNU_SOURCE   conftest.c >/dev/null 2>conftest.out
configure:3282:10: fatal error: sys/filio.h: No such file or directory
compilation terminated.
configure: failed program was:
#line 3281 "configure"
#include "confdefs.h"
#include <sys/filio.h>
configure:3276: checking for sys/param.h
configure:3286: gcc -E   -D_GNU_SOURCE   conftest.c >/dev/null 2>conftest.out
configure:3276: checking for sys/systeminfo.h
configure:3286: gcc -E   -D_GNU_SOURCE   conftest.c >/dev/null 2>conftest.out
configure:3282:10: fatal error: sys/systeminfo.h: No such file or directory
compilation terminated.
configure: failed program was:
#line 3281 "configure"
#include "confdefs.h"
#include <sys/systeminfo.h>
configure:3276: checking for sys/sysctl.h
configure:3286: gcc -E   -D_GNU_SOURCE   conftest.c >/dev/null 2>conftest.out
configure:3316: checking for sys/loadavg.h
configure:3326: gcc -E   -D_GNU_SOURCE   conftest.c >/dev/null 2>conftest.out
configure:3322:10: fatal error: sys/loadavg.h: No such file or directory
compilation terminated.
configure: failed program was:
#line 3321 "configure"
#include "confdefs.h"
#include <sys/loadavg.h>
configure:3356: checking for sys/syscall.h
configure:3366: gcc -E   -D_GNU_SOURCE   conftest.c >/dev/null 2>conftest.out
configure:3396: checking for mach/machine.h
configure:3406: gcc -E   -D_GNU_SOURCE   conftest.c >/dev/null 2>conftest.out
configure:3402:10: fatal error: mach/machine.h: No such file or directory
compilation terminated.
configure: failed program was:
#line 3401 "configure"
#include "confdefs.h"
#include <mach/machine.h>
configure:3436: checking for mntent.h
configure:3446: gcc -E   -D_GNU_SOURCE   conftest.c >/dev/null 2>conftest.out
configure:3436: checking for sys/mntent.h
configure:3446: gcc -E   -D_GNU_SOURCE   conftest.c >/dev/null 2>conftest.out
configure:3442:10: fatal error: sys/mntent.h: No such file or directory
compilation terminated.
configure: failed program was:
#line 3441 "configure"
#include "confdefs.h"
#include <sys/mntent.h>
configure:3436: checking for sys/mnttab.h
configure:3446: gcc -E   -D_GNU_SOURCE   conftest.c >/dev/null 2>conftest.out
configure:3442:10: fatal error: sys/mnttab.h: No such file or directory
compilation terminated.
configure: failed program was:
#line 3441 "configure"
#include "confdefs.h"
#include <sys/mnttab.h>
configure:3436: checking for sys/mount.h
configure:3446: gcc -E   -D_GNU_SOURCE   conftest.c >/dev/null 2>conftest.out
configure:3476: checking for sys/fork.h
configure:3486: gcc -E   -D_GNU_SOURCE   conftest.c >/dev/null 2>conftest.out
configure:3482:10: fatal error: sys/fork.h: No such file or directory
compilation terminated.
configure: failed program was:
#line 3481 "configure"
#include "confdefs.h"
#include <sys/fork.h>
configure:3476: checking for vfork.h
configure:3486: gcc -E   -D_GNU_SOURCE   conftest.c >/dev/null 2>conftest.out
configure:3482:10: fatal error: vfork.h: No such file or directory
compilation terminated.
configure: failed program was:
#line 3481 "configure"
#include "confdefs.h"
#include <vfork.h>
configure:3476: checking for wait.h
configure:3486: gcc -E   -D_GNU_SOURCE   conftest.c >/dev/null 2>conftest.out
configure:3476: checking for sys/wait.h
configure:3476: checking for sys/resource.h
configure:3486: gcc -E   -D_GNU_SOURCE   conftest.c >/dev/null 2>conftest.out
configure:3476: checking for procfs.h
configure:3486: gcc -E   -D_GNU_SOURCE   conftest.c >/dev/null 2>conftest.out
configure:3482:10: fatal error: procfs.h: No such file or directory
compilation terminated.
configure: failed program was:
#line 3481 "configure"
#include "confdefs.h"
#include <procfs.h>
configure:3476: checking for sys/procfs.h
configure:3486: gcc -E   -D_GNU_SOURCE   conftest.c >/dev/null 2>conftest.out
configure:3476: checking for libproc.h
configure:3486: gcc -E   -D_GNU_SOURCE   conftest.c >/dev/null 2>conftest.out
configure:3482:10: fatal error: libproc.h: No such file or directory
compilation terminated.
configure: failed program was:
#line 3481 "configure"
#include "confdefs.h"
#include <libproc.h>
configure:3516: checking for ulimit.h
configure:3526: gcc -E   -D_GNU_SOURCE   conftest.c >/dev/null 2>conftest.out
configure:3556: checking for process.h
configure:3566: gcc -E   -D_GNU_SOURCE   conftest.c >/dev/null 2>conftest.out
configure:3562:10: fatal error: process.h: No such file or directory
compilation terminated.
configure: failed program was:
#line 3561 "configure"
#include "confdefs.h"
#include <process.h>
configure:3596: checking for sys/utsname.h
configure:3606: gcc -E   -D_GNU_SOURCE   conftest.c >/dev/null 2>conftest.out
configure:3596: checking for sys/priocntl.h
configure:3606: gcc -E   -D_GNU_SOURCE   conftest.c >/dev/null 2>conftest.out
configure:3602:10: fatal error: sys/priocntl.h: No such file or directory
compilation terminated.
configure: failed program was:
#line 3601 "configure"
#include "confdefs.h"
#include <sys/priocntl.h>
configure:3596: checking for sys/rtpriocntl.h
configure:3606: gcc -E   -D_GNU_SOURCE   conftest.c >/dev/null 2>conftest.out
configure:3602:10: fatal error: sys/rtpriocntl.h: No such file or directory
compilation terminated.
configure: failed program was:
#line 3601 "configure"
#include "confdefs.h"
#include <sys/rtpriocntl.h>
configure:3596: checking for sys/procset.h
configure:3606: gcc -E   -D_GNU_SOURCE   conftest.c >/dev/null 2>conftest.out
configure:3602:10: fatal error: sys/procset.h: No such file or directory
compilation terminated.
configure: failed program was:
#line 3601 "configure"
#include "confdefs.h"
#include <sys/procset.h>
configure:3636: checking for sys/mtio.h
configure:3646: gcc -E   -D_GNU_SOURCE   conftest.c >/dev/null 2>conftest.out
configure:3636: checking for sys/tape.h
configure:3646: gcc -E   -D_GNU_SOURCE   conftest.c >/dev/null 2>conftest.out
configure:3642:10: fatal error: sys/tape.h: No such file or directory
compilation terminated.
configure: failed program was:
#line 3641 "configure"
#include "confdefs.h"
#include <sys/tape.h>
configure:3636: checking for sys/mman.h
configure:3646: gcc -E   -D_GNU_SOURCE   conftest.c >/dev/null 2>conftest.out
configure:3636: checking for linux/pg.h
configure:3646: gcc -E   -D_GNU_SOURCE   conftest.c >/dev/null 2>conftest.out
configure:3636: checking for camlib.h
configure:3646: gcc -E   -D_GNU_SOURCE   conftest.c >/dev/null 2>conftest.out
configure:3642:10: fatal error: camlib.h: No such file or directory
compilation terminated.
configure: failed program was:
#line 3641 "configure"
#include "confdefs.h"
#include <camlib.h>
configure:3676: checking for sys/shm.h
configure:3686: gcc -E   -D_GNU_SOURCE   conftest.c >/dev/null 2>conftest.out
configure:3676: checking for sys/sem.h
configure:3686: gcc -E   -D_GNU_SOURCE   conftest.c >/dev/null 2>conftest.out
configure:3676: checking for sys/ipc.h
configure:3686: gcc -E   -D_GNU_SOURCE   conftest.c >/dev/null 2>conftest.out
configure:3676: checking for semaphore.h
configure:3686: gcc -E   -D_GNU_SOURCE   conftest.c >/dev/null 2>conftest.out
configure:3716: checking for sys/dkio.h
configure:3726: gcc -E   -D_GNU_SOURCE   conftest.c >/dev/null 2>conftest.out
configure:3722:10: fatal error: sys/dkio.h: No such file or directory
compilation terminated.
configure: failed program was:
#line 3721 "configure"
#include "confdefs.h"
#include <sys/dkio.h>
configure:3716: checking for sys/dklabel.h
configure:3726: gcc -E   -D_GNU_SOURCE   conftest.c >/dev/null 2>conftest.out
configure:3722:10: fatal error: sys/dklabel.h: No such file or directory
compilation terminated.
configure: failed program was:
#line 3721 "configure"
#include "confdefs.h"
#include <sys/dklabel.h>
configure:3716: checking for sun/dkio.h
configure:3726: gcc -E   -D_GNU_SOURCE   conftest.c >/dev/null 2>conftest.out
configure:3722:10: fatal error: sun/dkio.h: No such file or directory
compilation terminated.
configure: failed program was:
#line 3721 "configure"
#include "confdefs.h"
#include <sun/dkio.h>
configure:3716: checking for sun/dklabel.h
configure:3726: gcc -E   -D_GNU_SOURCE   conftest.c >/dev/null 2>conftest.out
configure:3722:10: fatal error: sun/dklabel.h: No such file or directory
compilation terminated.
configure: failed program was:
#line 3721 "configure"
#include "confdefs.h"
#include <sun/dklabel.h>
configure:3756: checking for sys/types.h
configure:3766: gcc -E   -D_GNU_SOURCE   conftest.c >/dev/null 2>conftest.out
configure:3756: checking for sys/stat.h
configure:3766: gcc -E   -D_GNU_SOURCE   conftest.c >/dev/null 2>conftest.out
configure:3756: checking for types.h
configure:3766: gcc -E   -D_GNU_SOURCE   conftest.c >/dev/null 2>conftest.out
configure:3762:10: fatal error: types.h: No such file or directory
compilation terminated.
configure: failed program was:
#line 3761 "configure"
#include "confdefs.h"
#include <types.h>
configure:3756: checking for stat.h
configure:3766: gcc -E   -D_GNU_SOURCE   conftest.c >/dev/null 2>conftest.out
configure:3762:10: fatal error: stat.h: No such file or directory
compilation terminated.
configure: failed program was:
#line 3761 "configure"
#include "confdefs.h"
#include <stat.h>
configure:3796: checking for sys/stypes.h
configure:3806: gcc -E   -D_GNU_SOURCE   conftest.c >/dev/null 2>conftest.out
configure:3802:10: fatal error: sys/stypes.h: No such file or directory
compilation terminated.
configure: failed program was:
#line 3801 "configure"
#include "confdefs.h"
#include <sys/stypes.h>
configure:3796: checking for sys/filedesc.h
configure:3806: gcc -E   -D_GNU_SOURCE   conftest.c >/dev/null 2>conftest.out
configure:3802:10: fatal error: sys/filedesc.h: No such file or directory
compilation terminated.
configure: failed program was:
#line 3801 "configure"
#include "confdefs.h"
#include <sys/filedesc.h>
configure:3836: checking for sys/acct.h
configure:3846: gcc -E   -D_GNU_SOURCE   conftest.c >/dev/null 2>conftest.out
configure:3876: checking for poll.h
configure:3886: gcc -E   -D_GNU_SOURCE   conftest.c >/dev/null 2>conftest.out
configure:3876: checking for sys/poll.h
configure:3886: gcc -E   -D_GNU_SOURCE   conftest.c >/dev/null 2>conftest.out
configure:3876: checking for sys/select.h
configure:3886: gcc -E   -D_GNU_SOURCE   conftest.c >/dev/null 2>conftest.out
configure:3916: checking for netdb.h
configure:3926: gcc -E   -D_GNU_SOURCE   conftest.c >/dev/null 2>conftest.out
configure:3916: checking for arpa/aixrcmds.h
configure:3926: gcc -E   -D_GNU_SOURCE   conftest.c >/dev/null 2>conftest.out
configure:3922:10: fatal error: arpa/aixrcmds.h: No such file or directory
compilation terminated.
configure: failed program was:
#line 3921 "configure"
#include "confdefs.h"
#include <arpa/aixrcmds.h>
configure:3916: checking for sys/socket.h
configure:3926: gcc -E   -D_GNU_SOURCE   conftest.c >/dev/null 2>conftest.out
configure:3916: checking for netinet/in.h
configure:3926: gcc -E   -D_GNU_SOURCE   conftest.c >/dev/null 2>conftest.out
configure:3916: checking for stropts.h
configure:3926: gcc -E   -D_GNU_SOURCE   conftest.c >/dev/null 2>conftest.out
configure:3956: checking for ieeefp.h
configure:3966: gcc -E   -D_GNU_SOURCE   conftest.c >/dev/null 2>conftest.out
configure:3962:10: fatal error: ieeefp.h: No such file or directory
compilation terminated.
configure: failed program was:
#line 3961 "configure"
#include "confdefs.h"
#include <ieeefp.h>
configure:3956: checking for fp.h
configure:3966: gcc -E   -D_GNU_SOURCE   conftest.c >/dev/null 2>conftest.out
configure:3962:10: fatal error: fp.h: No such file or directory
compilation terminated.
configure: failed program was:
#line 3961 "configure"
#include "confdefs.h"
#include <fp.h>
configure:3996: checking for values.h
configure:4006: gcc -E   -D_GNU_SOURCE   conftest.c >/dev/null 2>conftest.out
configure:3996: checking for float.h
configure:3996: checking for math.h
configure:4006: gcc -E   -D_GNU_SOURCE   conftest.c >/dev/null 2>conftest.out
configure:4036: checking for arpa/inet.h
configure:4046: gcc -E   -D_GNU_SOURCE   conftest.c >/dev/null 2>conftest.out
configure:4076: checking for rpc/rpc.h
configure:4086: gcc -E   -D_GNU_SOURCE   conftest.c >/dev/null 2>conftest.out
configure:4116: checking for bsd/dev/scsireg.h
configure:4126: gcc -E   -D_GNU_SOURCE   conftest.c >/dev/null 2>conftest.out
configure:4122:10: fatal error: bsd/dev/scsireg.h: No such file or directory
compilation terminated.
configure: failed program was:
#line 4121 "configure"
#include "confdefs.h"
#include <bsd/dev/scsireg.h>
configure:4156: checking for sys/bsdtty.h
configure:4166: gcc -E   -D_GNU_SOURCE   conftest.c >/dev/null 2>conftest.out
configure:4162:10: fatal error: sys/bsdtty.h: No such file or directory
compilation terminated.
configure: failed program was:
#line 4161 "configure"
#include "confdefs.h"
#include <sys/bsdtty.h>
configure:4196: checking for scsi/scsi.h
configure:4206: gcc -E   -D_GNU_SOURCE   conftest.c >/dev/null 2>conftest.out
configure:4196: checking for scsi/sg.h
configure:4206: gcc -E   -D_GNU_SOURCE   conftest.c >/dev/null 2>conftest.out
configure:4196: checking for linux/scsi.h
configure:4206: gcc -E   -D_GNU_SOURCE   conftest.c >/dev/null 2>conftest.out
configure:4202:10: fatal error: linux/scsi.h: No such file or directory
compilation terminated.
configure: failed program was:
#line 4201 "configure"
#include "confdefs.h"
#include <linux/scsi.h>
configure:4196: checking for linux.sg.h
configure:4206: gcc -E   -D_GNU_SOURCE   conftest.c >/dev/null 2>conftest.out
configure:4202:10: fatal error: linux.sg.h: No such file or directory
compilation terminated.
configure: failed program was:
#line 4201 "configure"
#include "confdefs.h"
#include <linux.sg.h>
configure:4236: checking for linux/types.h
configure:4246: gcc -E   -D_GNU_SOURCE   conftest.c >/dev/null 2>conftest.out
configure:4236: checking for linux/gfp.h
configure:4246: gcc -E   -D_GNU_SOURCE   conftest.c >/dev/null 2>conftest.out
configure:4242:10: fatal error: linux/gfp.h: No such file or directory
compilation terminated.
configure: failed program was:
#line 4241 "configure"
#include "confdefs.h"
#include <linux/gfp.h>
configure:4236: checking for asm/types.h
configure:4246: gcc -E   -D_GNU_SOURCE   conftest.c >/dev/null 2>conftest.out
configure:4276: checking for sys/capability.h
configure:4286: gcc -E   -D_GNU_SOURCE   conftest.c >/dev/null 2>conftest.out
configure:4282:10: fatal error: sys/capability.h: No such file or directory
compilation terminated.
configure: failed program was:
#line 4281 "configure"
#include "confdefs.h"
#include <sys/capability.h>
configure:4316: checking for selinux/selinux.h
configure:4326: gcc -E   -D_GNU_SOURCE   conftest.c >/dev/null 2>conftest.out
configure:4322:10: fatal error: selinux/selinux.h: No such file or directory
compilation terminated.
configure: failed program was:
#line 4321 "configure"
#include "confdefs.h"
#include <selinux/selinux.h>
configure:4356: checking for OS.h
configure:4366: gcc -E   -D_GNU_SOURCE   conftest.c >/dev/null 2>conftest.out
configure:4362:10: fatal error: OS.h: No such file or directory
compilation terminated.
configure: failed program was:
#line 4361 "configure"
#include "confdefs.h"
#include <OS.h>
configure:4396: checking for os2.h
configure:4406: gcc -E   -D_GNU_SOURCE   conftest.c >/dev/null 2>conftest.out
configure:4402:10: fatal error: os2.h: No such file or directory
compilation terminated.
configure: failed program was:
#line 4401 "configure"
#include "confdefs.h"
#include <os2.h>
configure:4436: checking for os2me.h
configure:4446: gcc -E   -D_GNU_SOURCE   conftest.c >/dev/null 2>conftest.out
configure:4442:10: fatal error: os2me.h: No such file or directory
compilation terminated.
configure: failed program was:
#line 4441 "configure"
#include "confdefs.h"
#include <os2me.h>
configure:4476: checking for windows.h
configure:4486: gcc -E   -D_GNU_SOURCE   conftest.c >/dev/null 2>conftest.out
configure:4482:10: fatal error: windows.h: No such file or directory
compilation terminated.
configure: failed program was:
#line 4481 "configure"
#include "confdefs.h"
#include <windows.h>
configure:4516: checking for linux/fs.h
configure:4526: gcc -E   -D_GNU_SOURCE   conftest.c >/dev/null 2>conftest.out
configure:4516: checking for ext2fs/ext2_fs.h
configure:4526: gcc -E   -D_GNU_SOURCE   conftest.c >/dev/null 2>conftest.out
configure:4522:10: fatal error: ext2fs/ext2_fs.h: No such file or directory
compilation terminated.
configure: failed program was:
#line 4521 "configure"
#include "confdefs.h"
#include <ext2fs/ext2_fs.h>
configure:4556: checking for sys/xattr.h
configure:4566: gcc -E   -D_GNU_SOURCE   conftest.c >/dev/null 2>conftest.out
configure:4596: checking for attr/xattr.h
configure:4606: gcc -E   -D_GNU_SOURCE   conftest.c >/dev/null 2>conftest.out
configure:4602:10: fatal error: attr/xattr.h: No such file or directory
compilation terminated.
configure: failed program was:
#line 4601 "configure"
#include "confdefs.h"
#include <attr/xattr.h>
configure:4636: checking for crt_externs.h
configure:4646: gcc -E   -D_GNU_SOURCE   conftest.c >/dev/null 2>conftest.out
configure:4642:10: fatal error: crt_externs.h: No such file or directory
compilation terminated.
configure: failed program was:
#line 4641 "configure"
#include "confdefs.h"
#include <crt_externs.h>
configure:4676: checking for fnmatch.h
configure:4686: gcc -E   -D_GNU_SOURCE   conftest.c >/dev/null 2>conftest.out
configure:4716: checking for libintl.h
configure:4726: gcc -E   -D_GNU_SOURCE   conftest.c >/dev/null 2>conftest.out
configure:4716: checking for locale.h
configure:4726: gcc -E   -D_GNU_SOURCE   conftest.c >/dev/null 2>conftest.out
configure:4716: checking for langinfo.h
configure:4726: gcc -E   -D_GNU_SOURCE   conftest.c >/dev/null 2>conftest.out
configure:4716: checking for nl_types.h
configure:4726: gcc -E   -D_GNU_SOURCE   conftest.c >/dev/null 2>conftest.out
configure:4756: checking for ctype.h
configure:4766: gcc -E   -D_GNU_SOURCE   conftest.c >/dev/null 2>conftest.out
configure:4756: checking for wctype.h
configure:4766: gcc -E   -D_GNU_SOURCE   conftest.c >/dev/null 2>conftest.out
configure:4756: checking for wchar.h
configure:4766: gcc -E   -D_GNU_SOURCE   conftest.c >/dev/null 2>conftest.out
configure:4756: checking for iconv.h
configure:4766: gcc -E   -D_GNU_SOURCE   conftest.c >/dev/null 2>conftest.out
configure:4796: checking for priv.h
configure:4806: gcc -E   -D_GNU_SOURCE   conftest.c >/dev/null 2>conftest.out
configure:4802:10: fatal error: priv.h: No such file or directory
compilation terminated.
configure: failed program was:
#line 4801 "configure"
#include "confdefs.h"
#include <priv.h>
configure:4796: checking for sys/priv.h
configure:4806: gcc -E   -D_GNU_SOURCE   conftest.c >/dev/null 2>conftest.out
configure:4802:10: fatal error: sys/priv.h: No such file or directory
compilation terminated.
configure: failed program was:
#line 4801 "configure"
#include "confdefs.h"
#include <sys/priv.h>
configure:4836: checking for exec_attr.h
configure:4846: gcc -E   -D_GNU_SOURCE   conftest.c >/dev/null 2>conftest.out
configure:4842:10: fatal error: exec_attr.h: No such file or directory
compilation terminated.
configure: failed program was:
#line 4841 "configure"
#include "confdefs.h"
#include <exec_attr.h>
configure:4836: checking for secdb.h
configure:4846: gcc -E   -D_GNU_SOURCE   conftest.c >/dev/null 2>conftest.out
configure:4842:10: fatal error: secdb.h: No such file or directory
compilation terminated.
configure: failed program was:
#line 4841 "configure"
#include "confdefs.h"
#include <secdb.h>
configure:4876: checking for direct.h
configure:4886: gcc -E   -D_GNU_SOURCE   conftest.c >/dev/null 2>conftest.out
configure:4882:10: fatal error: direct.h: No such file or directory
compilation terminated.
configure: failed program was:
#line 4881 "configure"
#include "confdefs.h"
#include <direct.h>
configure:4916: checking for pthread.h
configure:4926: gcc -E   -D_GNU_SOURCE   conftest.c >/dev/null 2>conftest.out
configure:4916: checking for thread.h
configure:4926: gcc -E   -D_GNU_SOURCE   conftest.c >/dev/null 2>conftest.out
configure:4922:10: fatal error: thread.h: No such file or directory
compilation terminated.
configure: failed program was:
#line 4921 "configure"
#include "confdefs.h"
#include <thread.h>
configure:4956: checking for libgen.h
configure:4966: gcc -E   -D_GNU_SOURCE   conftest.c >/dev/null 2>conftest.out
configure:4996: checking for regex.h
configure:5006: gcc -E   -D_GNU_SOURCE   conftest.c >/dev/null 2>conftest.out
configure:4996: checking for regexp.h
configure:5006: gcc -E   -D_GNU_SOURCE   conftest.c >/dev/null 2>conftest.out
In file included from configure:5002:0:
/usr/include/regexp.h:30:2: error: #error "The GNU C Library no longer implements <regexp.h>."
 #error "The GNU C Library no longer implements <regexp.h>."
  ^~~~~
/usr/include/regexp.h:31:2: error: #error "Please update your code to use <regex.h> instead (no trailing 'p')."
 #error "Please update your code to use <regex.h> instead (no trailing 'p')."
  ^~~~~
configure: failed program was:
#line 5001 "configure"
#include "confdefs.h"
#include <regexp.h>
configure:4996: checking for regexpr.h
configure:5006: gcc -E   -D_GNU_SOURCE   conftest.c >/dev/null 2>conftest.out
configure:5002:10: fatal error: regexpr.h: No such file or directory
compilation terminated.
configure: failed program was:
#line 5001 "configure"
#include "confdefs.h"
#include <regexpr.h>
configure:5036: checking for dlfcn.h
configure:5046: gcc -E   -D_GNU_SOURCE   conftest.c >/dev/null 2>conftest.out
configure:5036: checking for link.h
configure:5046: gcc -E   -D_GNU_SOURCE   conftest.c >/dev/null 2>conftest.out
configure:5036: checking for dl.h
configure:5046: gcc -E   -D_GNU_SOURCE   conftest.c >/dev/null 2>conftest.out
configure:5042:10: fatal error: dl.h: No such file or directory
compilation terminated.
configure: failed program was:
#line 5041 "configure"
#include "confdefs.h"
#include <dl.h>
configure:5036: checking for libelf.h
configure:5046: gcc -E   -D_GNU_SOURCE   conftest.c >/dev/null 2>conftest.out
configure:5042:10: fatal error: libelf.h: No such file or directory
compilation terminated.
configure: failed program was:
#line 5041 "configure"
#include "confdefs.h"
#include <libelf.h>
configure:5076: checking for ranlib.h
configure:5086: gcc -E   -D_GNU_SOURCE   conftest.c >/dev/null 2>conftest.out
configure:5082:10: fatal error: ranlib.h: No such file or directory
compilation terminated.
configure: failed program was:
#line 5081 "configure"
#include "confdefs.h"
#include <ranlib.h>
configure:5116: checking for expat.h
configure:5126: gcc -E   -D_GNU_SOURCE   conftest.c >/dev/null 2>conftest.out
configure:5122:10: fatal error: expat.h: No such file or directory
compilation terminated.
configure: failed program was:
#line 5121 "configure"
#include "confdefs.h"
#include <expat.h>
configure:5154: checking for header file containing  major(), minor() and makedev()
configure:5168: gcc -c   -O      -D_GNU_SOURCE   conftest.c 1>&5
configure:5162:10: fatal error: sys/mkdev.h: No such file or directory
compilation terminated.
configure: failed program was:
#line 5160 "configure"
#include "confdefs.h"
#include <sys/types.h>
#include <sys/mkdev.h>
int main() {
int i = major(0); i = minor(0); i = makedev(0,0);
; return 0; }
configure:5186: gcc -c   -O      -D_GNU_SOURCE   conftest.c 1>&5
configure:5213: checking bits in minor device number
configure:5278: gcc -o conftest   -O      -D_GNU_SOURCE   conftest.c -Llibs/x86_64-linux-gcc -L/opt/schily/lib -Wl,-R/opt/schily/lib -Wl,-R/opt/schily/lib  1>&5
configure: In function 'main':
configure:5265:10: warning: implicit declaration of function 'exit' [-Wimplicit-function-declaration]
configure:5265:10: warning: incompatible implicit declaration of built-in function 'exit'
configure:5265:10: note: include '<stdlib.h>' or provide a declaration of 'exit'
configure:5268:13: warning: In the GNU C Library, "minor" is defined
 by <sys/sysmacros.h>. For historical compatibility, it is
 currently defined by <sys/types.h> as well, but we plan to
 remove this soon. To use "minor", include <sys/sysmacros.h>
 directly. If you did not intend to use a system-defined macro
 "minor", you should undefine it after including <sys/types.h>.
configure:5270:13: warning: In the GNU C Library, "minor" is defined
 by <sys/sysmacros.h>. For historical compatibility, it is
 currently defined by <sys/types.h> as well, but we plan to
 remove this soon. To use "minor", include <sys/sysmacros.h>
 directly. If you did not intend to use a system-defined macro
 "minor", you should undefine it after including <sys/types.h>.
configure:5274:2: warning: incompatible implicit declaration of built-in function 'exit'
configure:5274:2: note: include '<stdlib.h>' or provide a declaration of 'exit'
configure:5298: checking whether bits in minor device numbers are non contiguous
configure:5358: gcc -o conftest   -O      -D_GNU_SOURCE   conftest.c -Llibs/x86_64-linux-gcc -L/opt/schily/lib -Wl,-R/opt/schily/lib -Wl,-R/opt/schily/lib  1>&5
configure: In function 'main':
configure:5350:13: warning: In the GNU C Library, "minor" is defined
 by <sys/sysmacros.h>. For historical compatibility, it is
 currently defined by <sys/types.h> as well, but we plan to
 remove this soon. To use "minor", include <sys/sysmacros.h>
 directly. If you did not intend to use a system-defined macro
 "minor", you should undefine it after including <sys/types.h>.
configure:5352:13: warning: In the GNU C Library, "minor" is defined
 by <sys/sysmacros.h>. For historical compatibility, it is
 currently defined by <sys/types.h> as well, but we plan to
 remove this soon. To use "minor", include <sys/sysmacros.h>
 directly. If you did not intend to use a system-defined macro
 "minor", you should undefine it after including <sys/types.h>.
configure:5355:1: warning: implicit declaration of function 'exit' [-Wimplicit-function-declaration]
configure:5355:1: warning: incompatible implicit declaration of built-in function 'exit'
configure:5355:1: note: include '<stdlib.h>' or provide a declaration of 'exit'
configure:5381: checking for _filbuf()
configure:5406: gcc -o conftest   -O      -D_GNU_SOURCE   conftest.c -Llibs/x86_64-linux-gcc -L/opt/schily/lib -Wl,-R/opt/schily/lib -Wl,-R/opt/schily/lib  1>&5
configure: In function 'main':
configure:5395:1: warning: implicit declaration of function '_filbuf' [-Wimplicit-function-declaration]
configure:5396:1: warning: implicit declaration of function '_flsbuf' [-Wimplicit-function-declaration]
configure:5397:12: error: 'FILE {aka struct _IO_FILE}' has no member named '_flag'; did you mean '_flags'?
configure:5398:12: error: 'FILE {aka struct _IO_FILE}' has no member named '_flag'; did you mean '_flags'?
configure:5398:20: error: '_IOERR' undeclared (first use in this function); did you mean '_IOFBF'?
configure:5398:20: note: each undeclared identifier is reported only once for each function it appears in
configure:5399:12: error: 'FILE {aka struct _IO_FILE}' has no member named '_flag'; did you mean '_flags'?
configure:5399:20: error: '_IOEOF' undeclared (first use in this function); did you mean '_IOERR'?
configure:5400:10: error: 'FILE {aka struct _IO_FILE}' has no member named '_cnt'
configure:5401:16: error: 'FILE {aka struct _IO_FILE}' has no member named '_ptr'
configure: failed program was:
#line 5386 "configure"
#include "confdefs.h"
#include <stdio.h>
int main() {
FILE    *f;
int     flag;
int     count;
char    *ptr;
char	c = 0;
f = fopen("confdefs.h", "r");
_filbuf(f);
_flsbuf(c, f);
flag  = f->_flag & _IONBF;
flag |= f->_flag & _IOERR;
flag |= f->_flag & _IOEOF;
count = f->_cnt;
ptr = (char *)f->_ptr;
fclose(f);
; return 0; }
configure:5426: checking for __filbuf()
configure:5451: gcc -o conftest   -O      -D_GNU_SOURCE   conftest.c -Llibs/x86_64-linux-gcc -L/opt/schily/lib -Wl,-R/opt/schily/lib -Wl,-R/opt/schily/lib  1>&5
configure: In function 'main':
configure:5440:1: warning: implicit declaration of function '__filbuf'; did you mean '__linux'? [-Wimplicit-function-declaration]
configure:5441:1: warning: implicit declaration of function '__flsbuf'; did you mean '__linux'? [-Wimplicit-function-declaration]
configure:5442:12: error: 'FILE {aka struct _IO_FILE}' has no member named '_flag'; did you mean '_flags'?
configure:5443:12: error: 'FILE {aka struct _IO_FILE}' has no member named '_flag'; did you mean '_flags'?
configure:5443:20: error: '_IOERR' undeclared (first use in this function); did you mean '_IOFBF'?
configure:5443:20: note: each undeclared identifier is reported only once for each function it appears in
configure:5444:12: error: 'FILE {aka struct _IO_FILE}' has no member named '_flag'; did you mean '_flags'?
configure:5444:20: error: '_IOEOF' undeclared (first use in this function); did you mean '_IOERR'?
configure:5445:10: error: 'FILE {aka struct _IO_FILE}' has no member named '_cnt'
configure:5446:16: error: 'FILE {aka struct _IO_FILE}' has no member named '_ptr'
configure: failed program was:
#line 5431 "configure"
#include "confdefs.h"
#include <stdio.h>
int main() {
FILE    *f;
int     flag;
int     count;
char    *ptr;
char	c = 0;
f = fopen("confdefs.h", "r");
__filbuf(f);
__flsbuf(c, f);
flag  = f->_flag & _IONBF;
flag |= f->_flag & _IOERR;
flag |= f->_flag & _IOEOF;
count = f->_cnt;
ptr = (char *)f->_ptr;
fclose(f);
; return 0; }
configure:5471: checking for USG derived STDIO
configure:5505: gcc -o conftest   -O      -D_GNU_SOURCE   conftest.c -Llibs/x86_64-linux-gcc -L/opt/schily/lib -Wl,-R/opt/schily/lib -Wl,-R/opt/schily/lib  1>&5
configure: In function 'main':
configure:5493:1: error: unknown type name 'no'
configure:5496:1: error: expected '=', ',', ';', 'asm' or '__attribute__' before 'flag'
configure:5497:12: error: 'FILE {aka struct _IO_FILE}' has no member named '_flag'; did you mean '_flags'?
configure:5497:20: error: '_IOERR' undeclared (first use in this function); did you mean '_IOFBF'?
configure:5497:20: note: each undeclared identifier is reported only once for each function it appears in
configure:5498:12: error: 'FILE {aka struct _IO_FILE}' has no member named '_flag'; did you mean '_flags'?
configure:5498:20: error: '_IOEOF' undeclared (first use in this function); did you mean '_IOERR'?
configure:5499:10: error: 'FILE {aka struct _IO_FILE}' has no member named '_cnt'
configure:5500:16: error: 'FILE {aka struct _IO_FILE}' has no member named '_ptr'
configure: failed program was:
#line 5476 "configure"
#include "confdefs.h"
#include <stdio.h>
int main() {
FILE    *f;
int     flag;
int     count;
char    *ptr;
char	c = 0;
f = fopen("confdefs.h", "r");
#ifdef	HAVE___FILBUF
__filbuf(f);
__flsbuf(c, f);
#else
#	ifdef	HAVE__FILBUF
_filbuf(f);
_flsbuf(c, f);
#	else
no filbuf()
#	endif
#endif
flag  = f->_flag & _IONBF;
flag |= f->_flag & _IOERR;
flag |= f->_flag & _IOEOF;
count = f->_cnt;
ptr = (char *)f->_ptr;
fclose(f);
; return 0; }
configure:5525: checking for errno definition in errno.h
configure:5537: gcc -c   -O      -D_GNU_SOURCE   conftest.c 1>&5
configure:5557: checking for environ definition in unistd.h/stdlib.h
configure:5577: gcc -c   -O      -D_GNU_SOURCE   conftest.c 1>&5
configure:5597: checking for sys_siglist definition in signal.h
configure:5609: gcc -c   -O      -D_GNU_SOURCE   conftest.c 1>&5
configure: In function 'main':
configure:5605:36: warning: implicit declaration of function 'exit' [-Wimplicit-function-declaration]
configure:5605:36: warning: incompatible implicit declaration of built-in function 'exit'
configure:5605:36: note: include '<stdlib.h>' or provide a declaration of 'exit'
configure:5632: checking for stdlib.h
configure:5672: checking for unistd.h
configure:5712: checking for wait.h
configure:5749: checking for sys/wait.h that is POSIX.1 compatible
configure:5791: checking for errno definition in errno.h
configure:5823: checking for SVr4 compliant waitpid() with WNOWAIT support
configure:5863: gcc -o conftest   -O      -D_GNU_SOURCE   conftest.c -Llibs/x86_64-linux-gcc -L/opt/schily/lib -Wl,-R/opt/schily/lib -Wl,-R/opt/schily/lib  1>&5
configure: failed program was:
#line 5831 "configure"
#include "confdefs.h"

#ifdef	HAVE_STDLIB_H
#include <stdlib.h>
#endif
#ifdef	HAVE_UNISTD_H
#include <unistd.h>
#endif
#if	defined(HAVE_WAIT_H)
#	include <wait.h>
#else
#include <sys/wait.h>
#endif
#include <errno.h>
#ifndef	HAVE_ERRNO_DEF
extern	int	errno;
#endif

int
main()
{
	int	xstat;
	pid_t	pid = -1;
	int	ret;

	ret = waitpid(pid, &xstat, WNOWAIT);
	if (ret < 0 && errno == EINVAL)
		exit(1);
	exit(0);
}
configure:5886: checking for working const
configure:5940: gcc -c   -O      -D_GNU_SOURCE   conftest.c 1>&5
configure:5961: checking whether byte ordering is bigendian
configure:5979: gcc -c   -O      -D_GNU_SOURCE   conftest.c 1>&5
configure:5994: gcc -c   -O      -D_GNU_SOURCE   conftest.c 1>&5
configure: In function 'main':
configure:5989:2: error: unknown type name 'not'; did you mean 'ino_t'?
configure:5989:10: error: expected '=', ',', ';', 'asm' or '__attribute__' before 'endian'
configure: failed program was:
#line 5983 "configure"
#include "confdefs.h"
#include <sys/types.h>
#include <sys/param.h>
int main() {

#if BYTE_ORDER != BIG_ENDIAN
 not big endian
#endif
; return 0; }
configure:6051: checking whether bitorder in bitfields is htol
configure:6075: gcc -o conftest   -O      -D_GNU_SOURCE   conftest.c -Llibs/x86_64-linux-gcc -L/opt/schily/lib -Wl,-R/opt/schily/lib -Wl,-R/opt/schily/lib  1>&5
configure: In function 'main':
configure:6072:1: warning: implicit declaration of function 'exit' [-Wimplicit-function-declaration]
configure:6072:1: warning: incompatible implicit declaration of built-in function 'exit'
configure:6072:1: note: include '<stdlib.h>' or provide a declaration of 'exit'
configure: failed program was:
#line 6059 "configure"
#include "confdefs.h"

struct {
	unsigned char	x1:4;
	unsigned char	x2:4;
} a;
int
main()
{
char	*cp;

cp = (char *)&a;
*cp = 0x12;
exit(a.x1 == 2);}
configure:6099: checking for preprocessor stringizing operator
configure:6134: checking for inline
configure:6148: gcc -c   -O      -D_GNU_SOURCE   conftest.c 1>&5
configure:6144:10: warning: return type defaults to 'int' [-Wimplicit-int]
configure:6185: checking return type of signal handlers
configure:6207: gcc -c   -O      -D_GNU_SOURCE   conftest.c 1>&5
configure:6226: checking for uid_t in sys/types.h
configure:6260: checking type of array argument to getgroups
configure:6293: gcc -o conftest   -O      -D_GNU_SOURCE   conftest.c -Llibs/x86_64-linux-gcc -L/opt/schily/lib -Wl,-R/opt/schily/lib -Wl,-R/opt/schily/lib  1>&5
configure:6275:1: warning: return type defaults to 'int' [-Wimplicit-int]
configure: In function 'main':
configure:6284:7: warning: implicit declaration of function 'getgroups' [-Wimplicit-function-declaration]
configure:6288:3: warning: implicit declaration of function 'exit' [-Wimplicit-function-declaration]
configure:6288:3: warning: incompatible implicit declaration of built-in function 'exit'
configure:6288:3: note: include '<stdlib.h>' or provide a declaration of 'exit'
configure:6331: checking for type long long
configure:6343: gcc -c   -O      -D_GNU_SOURCE   conftest.c 1>&5
configure:6363: checking for type __int64
configure:6375: gcc -c   -O      -D_GNU_SOURCE   conftest.c 1>&5
configure: In function 'main':
configure:6371:1: error: unknown type name '__int64'; did you mean '__int128'?
configure: failed program was:
#line 6368 "configure"
#include "confdefs.h"

int main() {
__int64 i;
; return 0; }
configure:6395: checking for type long double
configure:6407: gcc -c   -O      -D_GNU_SOURCE   conftest.c 1>&5
configure:6427: checking for prototypes
configure:6445: gcc -o conftest   -O      -D_GNU_SOURCE   conftest.c -Llibs/x86_64-linux-gcc -L/opt/schily/lib -Wl,-R/opt/schily/lib -Wl,-R/opt/schily/lib  1>&5
configure:6437:1: warning: return type defaults to 'int' [-Wimplicit-int]
configure: In function 'main':
configure:6442:1: warning: implicit declaration of function 'exit' [-Wimplicit-function-declaration]
configure:6442:1: warning: incompatible implicit declaration of built-in function 'exit'
configure:6442:1: note: include '<stdlib.h>' or provide a declaration of 'exit'
configure:6467: checking if compiler allows dynamic arrays
configure:6479: gcc -c   -O      -D_GNU_SOURCE   conftest.c 1>&5
configure:6499: checking if compiler allows pragma weak
configure:6513: gcc -o conftest   -O      -D_GNU_SOURCE   conftest.c -Llibs/x86_64-linux-gcc -L/opt/schily/lib -Wl,-R/opt/schily/lib -Wl,-R/opt/schily/lib  1>&5
configure:6543: gcc -c   -O      -D_GNU_SOURCE   conftest2.c 1>&5
configure:6555: checking if linker allows pragma weak
configure:6567: gcc -o conftest   -O      -D_GNU_SOURCE   conftest.c -Llibs/x86_64-linux-gcc -L/opt/schily/lib -Wl,-R/opt/schily/lib -Wl,-R/opt/schily/lib conftest2.o 1>&5
configure:6591: checking for uid_t in sys/types.h
configure:6625: checking for size_t
configure:6660: checking for ssize_t
configure:6695: checking for ptrdiff_t
configure:6730: checking for pid_t
configure:6765: checking for off_t
configure:6800: checking for mode_t
configure:6835: checking for time_t
configure:6858: gcc -c   -O      -D_GNU_SOURCE   conftest.c 1>&5
configure:6878: checking for caddr_t
configure:6913: checking for daddr_t
configure:6948: checking for dev_t
configure:6983: checking for major_t
configure:7018: checking for minor_t
configure:7053: checking for ino_t
configure:7088: checking for nlink_t
configure:7123: checking for blksize_t
configure:7158: checking for blkcnt_t
configure:7193: checking for clock_t
configure:7236: gcc -c   -O      -D_GNU_SOURCE   conftest.c 1>&5
configure:7256: checking for socklen_t
configure:7291: checking for greg_t
configure:7304:10: fatal error: sys/frame.h: No such file or directory
compilation terminated.
configure:7328: checking for rlim_t
configure:7365: checking if idtype_t is declared correctly in wait.h
configure:7382: gcc -c   -O      -D_GNU_SOURCE   conftest.c 1>&5
configure: In function 'main':
configure:7378:55: warning: implicit declaration of function 'exit' [-Wimplicit-function-declaration]
configure:7378:55: warning: incompatible implicit declaration of built-in function 'exit'
configure:7378:55: note: include '<stdlib.h>' or provide a declaration of 'exit'
configure:7402: checking for siginfo_t
configure:7439: checking if stack_t is declared in signal.h
configure:7451: gcc -c   -O      -D_GNU_SOURCE   conftest.c 1>&5
configure: In function 'main':
configure:7447:29: warning: implicit declaration of function 'exit' [-Wimplicit-function-declaration]
configure:7447:29: warning: incompatible implicit declaration of built-in function 'exit'
configure:7447:29: note: include '<stdlib.h>' or provide a declaration of 'exit'
configure:7471: checking if siginfo_t is declared in signal.h
configure:7490: gcc -c   -O      -D_GNU_SOURCE   conftest.c 1>&5
configure: In function 'main':
configure:7486:32: warning: implicit declaration of function 'exit' [-Wimplicit-function-declaration]
configure:7486:32: warning: incompatible implicit declaration of built-in function 'exit'
configure:7486:32: note: include '<stdlib.h>' or provide a declaration of 'exit'
configure:7511: checking for u_char
configure:7546: checking for u_short
configure:7581: checking for u_int
configure:7616: checking for u_long
configure:7652: checking for int8_t
configure:7695: checking for int16_t
configure:7738: checking for int32_t
configure:7781: checking for int64_t
configure:7824: checking for intmax_t
configure:7867: checking for intptr_t
configure:7910: checking for uint8_t
configure:7953: checking for uint16_t
configure:7996: checking for uint32_t
configure:8039: checking for uint64_t
configure:8082: checking for uintmax_t
configure:8125: checking for uintptr_t
configure:8168: checking for wctype_t
configure:8211: checking for wint_t
configure:8255: checking for mbstate_t
configure:8298: checking for timestruc_t
configure:8341: checking size of char
configure:8366: gcc -o conftest   -O      -D_GNU_SOURCE   conftest.c -Llibs/x86_64-linux-gcc -L/opt/schily/lib -Wl,-R/opt/schily/lib -Wl,-R/opt/schily/lib  1>&5
configure:8357:1: warning: return type defaults to 'int' [-Wimplicit-int]
configure: In function 'main':
configure:8360:11: warning: implicit declaration of function 'exit' [-Wimplicit-function-declaration]
configure:8360:11: warning: incompatible implicit declaration of built-in function 'exit'
configure:8360:11: note: include '<stdlib.h>' or provide a declaration of 'exit'
configure:8361:14: warning: format '%d' expects argument of type 'int', but argument 3 has type 'long unsigned int' [-Wformat=]
configure:8362:3: warning: incompatible implicit declaration of built-in function 'exit'
configure:8362:3: note: include '<stdlib.h>' or provide a declaration of 'exit'
configure:8386: checking size of short int
configure:8411: gcc -o conftest   -O      -D_GNU_SOURCE   conftest.c -Llibs/x86_64-linux-gcc -L/opt/schily/lib -Wl,-R/opt/schily/lib -Wl,-R/opt/schily/lib  1>&5
configure:8402:1: warning: return type defaults to 'int' [-Wimplicit-int]
configure: In function 'main':
configure:8405:11: warning: implicit declaration of function 'exit' [-Wimplicit-function-declaration]
configure:8405:11: warning: incompatible implicit declaration of built-in function 'exit'
configure:8405:11: note: include '<stdlib.h>' or provide a declaration of 'exit'
configure:8406:14: warning: format '%d' expects argument of type 'int', but argument 3 has type 'long unsigned int' [-Wformat=]
configure:8407:3: warning: incompatible implicit declaration of built-in function 'exit'
configure:8407:3: note: include '<stdlib.h>' or provide a declaration of 'exit'
configure:8431: checking size of int
configure:8456: gcc -o conftest   -O      -D_GNU_SOURCE   conftest.c -Llibs/x86_64-linux-gcc -L/opt/schily/lib -Wl,-R/opt/schily/lib -Wl,-R/opt/schily/lib  1>&5
configure:8447:1: warning: return type defaults to 'int' [-Wimplicit-int]
configure: In function 'main':
configure:8450:11: warning: implicit declaration of function 'exit' [-Wimplicit-function-declaration]
configure:8450:11: warning: incompatible implicit declaration of built-in function 'exit'
configure:8450:11: note: include '<stdlib.h>' or provide a declaration of 'exit'
configure:8451:14: warning: format '%d' expects argument of type 'int', but argument 3 has type 'long unsigned int' [-Wformat=]
configure:8452:3: warning: incompatible implicit declaration of built-in function 'exit'
configure:8452:3: note: include '<stdlib.h>' or provide a declaration of 'exit'
configure:8476: checking size of long int
configure:8501: gcc -o conftest   -O      -D_GNU_SOURCE   conftest.c -Llibs/x86_64-linux-gcc -L/opt/schily/lib -Wl,-R/opt/schily/lib -Wl,-R/opt/schily/lib  1>&5
configure:8492:1: warning: return type defaults to 'int' [-Wimplicit-int]
configure: In function 'main':
configure:8495:11: warning: implicit declaration of function 'exit' [-Wimplicit-function-declaration]
configure:8495:11: warning: incompatible implicit declaration of built-in function 'exit'
configure:8495:11: note: include '<stdlib.h>' or provide a declaration of 'exit'
configure:8496:14: warning: format '%d' expects argument of type 'int', but argument 3 has type 'long unsigned int' [-Wformat=]
configure:8497:3: warning: incompatible implicit declaration of built-in function 'exit'
configure:8497:3: note: include '<stdlib.h>' or provide a declaration of 'exit'
configure:8521: checking size of long long
configure:8546: gcc -o conftest   -O      -D_GNU_SOURCE   conftest.c -Llibs/x86_64-linux-gcc -L/opt/schily/lib -Wl,-R/opt/schily/lib -Wl,-R/opt/schily/lib  1>&5
configure:8537:1: warning: return type defaults to 'int' [-Wimplicit-int]
configure: In function 'main':
configure:8540:11: warning: implicit declaration of function 'exit' [-Wimplicit-function-declaration]
configure:8540:11: warning: incompatible implicit declaration of built-in function 'exit'
configure:8540:11: note: include '<stdlib.h>' or provide a declaration of 'exit'
configure:8541:14: warning: format '%d' expects argument of type 'int', but argument 3 has type 'long unsigned int' [-Wformat=]
configure:8542:3: warning: incompatible implicit declaration of built-in function 'exit'
configure:8542:3: note: include '<stdlib.h>' or provide a declaration of 'exit'
configure:8566: checking size of __int64
configure:8591: gcc -o conftest   -O      -D_GNU_SOURCE   conftest.c -Llibs/x86_64-linux-gcc -L/opt/schily/lib -Wl,-R/opt/schily/lib -Wl,-R/opt/schily/lib  1>&5
configure:8582:1: warning: return type defaults to 'int' [-Wimplicit-int]
configure: In function 'main':
configure:8585:11: warning: implicit declaration of function 'exit' [-Wimplicit-function-declaration]
configure:8585:11: warning: incompatible implicit declaration of built-in function 'exit'
configure:8585:11: note: include '<stdlib.h>' or provide a declaration of 'exit'
configure:8586:29: error: '__int64' undeclared (first use in this function); did you mean '__int64_t'?
configure:8586:29: note: each undeclared identifier is reported only once for each function it appears in
configure:8587:3: warning: incompatible implicit declaration of built-in function 'exit'
configure:8587:3: note: include '<stdlib.h>' or provide a declaration of 'exit'
configure: failed program was:
#line 8574 "configure"
#include "confdefs.h"
#include <stdio.h>
#if	HAVE_STDDEF_H || STDC_HEADERS
#include <stddef.h>	/* For ptrdiff_t, wchar_t, size_t */
#endif
#ifdef	HAVE_SYS_TYPES_H
#include <sys/types.h>
#endif
main()
{
  FILE *f=fopen("conftestval", "w");
  if (!f) exit(1);
  fprintf(f, "%d\n", sizeof(__int64));
  exit(0);
}
configure:8611: checking size of char *
configure:8636: gcc -o conftest   -O      -D_GNU_SOURCE   conftest.c -Llibs/x86_64-linux-gcc -L/opt/schily/lib -Wl,-R/opt/schily/lib -Wl,-R/opt/schily/lib  1>&5
configure:8627:1: warning: return type defaults to 'int' [-Wimplicit-int]
configure: In function 'main':
configure:8630:11: warning: implicit declaration of function 'exit' [-Wimplicit-function-declaration]
configure:8630:11: warning: incompatible implicit declaration of built-in function 'exit'
configure:8630:11: note: include '<stdlib.h>' or provide a declaration of 'exit'
configure:8631:14: warning: format '%d' expects argument of type 'int', but argument 3 has type 'long unsigned int' [-Wformat=]
configure:8632:3: warning: incompatible implicit declaration of built-in function 'exit'
configure:8632:3: note: include '<stdlib.h>' or provide a declaration of 'exit'
configure:8657: checking size of unsigned char
configure:8682: gcc -o conftest   -O      -D_GNU_SOURCE   conftest.c -Llibs/x86_64-linux-gcc -L/opt/schily/lib -Wl,-R/opt/schily/lib -Wl,-R/opt/schily/lib  1>&5
configure:8673:1: warning: return type defaults to 'int' [-Wimplicit-int]
configure: In function 'main':
configure:8676:11: warning: implicit declaration of function 'exit' [-Wimplicit-function-declaration]
configure:8676:11: warning: incompatible implicit declaration of built-in function 'exit'
configure:8676:11: note: include '<stdlib.h>' or provide a declaration of 'exit'
configure:8677:14: warning: format '%d' expects argument of type 'int', but argument 3 has type 'long unsigned int' [-Wformat=]
configure:8678:3: warning: incompatible implicit declaration of built-in function 'exit'
configure:8678:3: note: include '<stdlib.h>' or provide a declaration of 'exit'
configure:8702: checking size of unsigned short int
configure:8727: gcc -o conftest   -O      -D_GNU_SOURCE   conftest.c -Llibs/x86_64-linux-gcc -L/opt/schily/lib -Wl,-R/opt/schily/lib -Wl,-R/opt/schily/lib  1>&5
configure:8718:1: warning: return type defaults to 'int' [-Wimplicit-int]
configure: In function 'main':
configure:8721:11: warning: implicit declaration of function 'exit' [-Wimplicit-function-declaration]
configure:8721:11: warning: incompatible implicit declaration of built-in function 'exit'
configure:8721:11: note: include '<stdlib.h>' or provide a declaration of 'exit'
configure:8722:14: warning: format '%d' expects argument of type 'int', but argument 3 has type 'long unsigned int' [-Wformat=]
configure:8723:3: warning: incompatible implicit declaration of built-in function 'exit'
configure:8723:3: note: include '<stdlib.h>' or provide a declaration of 'exit'
configure:8747: checking size of unsigned int
configure:8772: gcc -o conftest   -O      -D_GNU_SOURCE   conftest.c -Llibs/x86_64-linux-gcc -L/opt/schily/lib -Wl,-R/opt/schily/lib -Wl,-R/opt/schily/lib  1>&5
configure:8763:1: warning: return type defaults to 'int' [-Wimplicit-int]
configure: In function 'main':
configure:8766:11: warning: implicit declaration of function 'exit' [-Wimplicit-function-declaration]
configure:8766:11: warning: incompatible implicit declaration of built-in function 'exit'
configure:8766:11: note: include '<stdlib.h>' or provide a declaration of 'exit'
configure:8767:14: warning: format '%d' expects argument of type 'int', but argument 3 has type 'long unsigned int' [-Wformat=]
configure:8768:3: warning: incompatible implicit declaration of built-in function 'exit'
configure:8768:3: note: include '<stdlib.h>' or provide a declaration of 'exit'
configure:8792: checking size of unsigned long int
configure:8817: gcc -o conftest   -O      -D_GNU_SOURCE   conftest.c -Llibs/x86_64-linux-gcc -L/opt/schily/lib -Wl,-R/opt/schily/lib -Wl,-R/opt/schily/lib  1>&5
configure:8808:1: warning: return type defaults to 'int' [-Wimplicit-int]
configure: In function 'main':
configure:8811:11: warning: implicit declaration of function 'exit' [-Wimplicit-function-declaration]
configure:8811:11: warning: incompatible implicit declaration of built-in function 'exit'
configure:8811:11: note: include '<stdlib.h>' or provide a declaration of 'exit'
configure:8812:14: warning: format '%d' expects argument of type 'int', but argument 3 has type 'long unsigned int' [-Wformat=]
configure:8813:3: warning: incompatible implicit declaration of built-in function 'exit'
configure:8813:3: note: include '<stdlib.h>' or provide a declaration of 'exit'
configure:8837: checking size of unsigned long long
configure:8862: gcc -o conftest   -O      -D_GNU_SOURCE   conftest.c -Llibs/x86_64-linux-gcc -L/opt/schily/lib -Wl,-R/opt/schily/lib -Wl,-R/opt/schily/lib  1>&5
configure:8853:1: warning: return type defaults to 'int' [-Wimplicit-int]
configure: In function 'main':
configure:8856:11: warning: implicit declaration of function 'exit' [-Wimplicit-function-declaration]
configure:8856:11: warning: incompatible implicit declaration of built-in function 'exit'
configure:8856:11: note: include '<stdlib.h>' or provide a declaration of 'exit'
configure:8857:14: warning: format '%d' expects argument of type 'int', but argument 3 has type 'long unsigned int' [-Wformat=]
configure:8858:3: warning: incompatible implicit declaration of built-in function 'exit'
configure:8858:3: note: include '<stdlib.h>' or provide a declaration of 'exit'
configure:8882: checking size of unsigned __int64
configure:8907: gcc -o conftest   -O      -D_GNU_SOURCE   conftest.c -Llibs/x86_64-linux-gcc -L/opt/schily/lib -Wl,-R/opt/schily/lib -Wl,-R/opt/schily/lib  1>&5
configure:8898:1: warning: return type defaults to 'int' [-Wimplicit-int]
configure: In function 'main':
configure:8901:11: warning: implicit declaration of function 'exit' [-Wimplicit-function-declaration]
configure:8901:11: warning: incompatible implicit declaration of built-in function 'exit'
configure:8901:11: note: include '<stdlib.h>' or provide a declaration of 'exit'
configure:8902:38: error: expected ')' before '__int64'
configure:8902:14: warning: format '%d' expects argument of type 'int', but argument 3 has type 'long unsigned int' [-Wformat=]
configure:8903:3: warning: incompatible implicit declaration of built-in function 'exit'
configure:8903:3: note: include '<stdlib.h>' or provide a declaration of 'exit'
configure: failed program was:
#line 8890 "configure"
#include "confdefs.h"
#include <stdio.h>
#if	HAVE_STDDEF_H || STDC_HEADERS
#include <stddef.h>	/* For ptrdiff_t, wchar_t, size_t */
#endif
#ifdef	HAVE_SYS_TYPES_H
#include <sys/types.h>
#endif
main()
{
  FILE *f=fopen("conftestval", "w");
  if (!f) exit(1);
  fprintf(f, "%d\n", sizeof(unsigned __int64));
  exit(0);
}
configure:8927: checking size of unsigned char *
configure:8952: gcc -o conftest   -O      -D_GNU_SOURCE   conftest.c -Llibs/x86_64-linux-gcc -L/opt/schily/lib -Wl,-R/opt/schily/lib -Wl,-R/opt/schily/lib  1>&5
configure:8943:1: warning: return type defaults to 'int' [-Wimplicit-int]
configure: In function 'main':
configure:8946:11: warning: implicit declaration of function 'exit' [-Wimplicit-function-declaration]
configure:8946:11: warning: incompatible implicit declaration of built-in function 'exit'
configure:8946:11: note: include '<stdlib.h>' or provide a declaration of 'exit'
configure:8947:14: warning: format '%d' expects argument of type 'int', but argument 3 has type 'long unsigned int' [-Wformat=]
configure:8948:3: warning: incompatible implicit declaration of built-in function 'exit'
configure:8948:3: note: include '<stdlib.h>' or provide a declaration of 'exit'
configure:8972: checking size of float
configure:8997: gcc -o conftest   -O      -D_GNU_SOURCE   conftest.c -Llibs/x86_64-linux-gcc -L/opt/schily/lib -Wl,-R/opt/schily/lib -Wl,-R/opt/schily/lib  1>&5
configure:8988:1: warning: return type defaults to 'int' [-Wimplicit-int]
configure: In function 'main':
configure:8991:11: warning: implicit declaration of function 'exit' [-Wimplicit-function-declaration]
configure:8991:11: warning: incompatible implicit declaration of built-in function 'exit'
configure:8991:11: note: include '<stdlib.h>' or provide a declaration of 'exit'
configure:8992:14: warning: format '%d' expects argument of type 'int', but argument 3 has type 'long unsigned int' [-Wformat=]
configure:8993:3: warning: incompatible implicit declaration of built-in function 'exit'
configure:8993:3: note: include '<stdlib.h>' or provide a declaration of 'exit'
configure:9017: checking size of double
configure:9042: gcc -o conftest   -O      -D_GNU_SOURCE   conftest.c -Llibs/x86_64-linux-gcc -L/opt/schily/lib -Wl,-R/opt/schily/lib -Wl,-R/opt/schily/lib  1>&5
configure:9033:1: warning: return type defaults to 'int' [-Wimplicit-int]
configure: In function 'main':
configure:9036:11: warning: implicit declaration of function 'exit' [-Wimplicit-function-declaration]
configure:9036:11: warning: incompatible implicit declaration of built-in function 'exit'
configure:9036:11: note: include '<stdlib.h>' or provide a declaration of 'exit'
configure:9037:14: warning: format '%d' expects argument of type 'int', but argument 3 has type 'long unsigned int' [-Wformat=]
configure:9038:3: warning: incompatible implicit declaration of built-in function 'exit'
configure:9038:3: note: include '<stdlib.h>' or provide a declaration of 'exit'
configure:9062: checking size of long double
configure:9087: gcc -o conftest   -O      -D_GNU_SOURCE   conftest.c -Llibs/x86_64-linux-gcc -L/opt/schily/lib -Wl,-R/opt/schily/lib -Wl,-R/opt/schily/lib  1>&5
configure:9078:1: warning: return type defaults to 'int' [-Wimplicit-int]
configure: In function 'main':
configure:9081:11: warning: implicit declaration of function 'exit' [-Wimplicit-function-declaration]
configure:9081:11: warning: incompatible implicit declaration of built-in function 'exit'
configure:9081:11: note: include '<stdlib.h>' or provide a declaration of 'exit'
configure:9082:14: warning: format '%d' expects argument of type 'int', but argument 3 has type 'long unsigned int' [-Wformat=]
configure:9083:3: warning: incompatible implicit declaration of built-in function 'exit'
configure:9083:3: note: include '<stdlib.h>' or provide a declaration of 'exit'
configure:9108: checking size of size_t
configure:9133: gcc -o conftest   -O      -D_GNU_SOURCE   conftest.c -Llibs/x86_64-linux-gcc -L/opt/schily/lib -Wl,-R/opt/schily/lib -Wl,-R/opt/schily/lib  1>&5
configure:9124:1: warning: return type defaults to 'int' [-Wimplicit-int]
configure: In function 'main':
configure:9127:11: warning: implicit declaration of function 'exit' [-Wimplicit-function-declaration]
configure:9127:11: warning: incompatible implicit declaration of built-in function 'exit'
configure:9127:11: note: include '<stdlib.h>' or provide a declaration of 'exit'
configure:9128:14: warning: format '%d' expects argument of type 'int', but argument 3 has type 'long unsigned int' [-Wformat=]
configure:9129:3: warning: incompatible implicit declaration of built-in function 'exit'
configure:9129:3: note: include '<stdlib.h>' or provide a declaration of 'exit'
configure:9153: checking size of ssize_t
configure:9178: gcc -o conftest   -O      -D_GNU_SOURCE   conftest.c -Llibs/x86_64-linux-gcc -L/opt/schily/lib -Wl,-R/opt/schily/lib -Wl,-R/opt/schily/lib  1>&5
configure:9169:1: warning: return type defaults to 'int' [-Wimplicit-int]
configure: In function 'main':
configure:9172:11: warning: implicit declaration of function 'exit' [-Wimplicit-function-declaration]
configure:9172:11: warning: incompatible implicit declaration of built-in function 'exit'
configure:9172:11: note: include '<stdlib.h>' or provide a declaration of 'exit'
configure:9173:14: warning: format '%d' expects argument of type 'int', but argument 3 has type 'long unsigned int' [-Wformat=]
configure:9174:3: warning: incompatible implicit declaration of built-in function 'exit'
configure:9174:3: note: include '<stdlib.h>' or provide a declaration of 'exit'
configure:9198: checking size of ptrdiff_t
configure:9223: gcc -o conftest   -O      -D_GNU_SOURCE   conftest.c -Llibs/x86_64-linux-gcc -L/opt/schily/lib -Wl,-R/opt/schily/lib -Wl,-R/opt/schily/lib  1>&5
configure:9214:1: warning: return type defaults to 'int' [-Wimplicit-int]
configure: In function 'main':
configure:9217:11: warning: implicit declaration of function 'exit' [-Wimplicit-function-declaration]
configure:9217:11: warning: incompatible implicit declaration of built-in function 'exit'
configure:9217:11: note: include '<stdlib.h>' or provide a declaration of 'exit'
configure:9218:14: warning: format '%d' expects argument of type 'int', but argument 3 has type 'long unsigned int' [-Wformat=]
configure:9219:3: warning: incompatible implicit declaration of built-in function 'exit'
configure:9219:3: note: include '<stdlib.h>' or provide a declaration of 'exit'
configure:9244: checking size of mode_t
configure:9269: gcc -o conftest   -O      -D_GNU_SOURCE   conftest.c -Llibs/x86_64-linux-gcc -L/opt/schily/lib -Wl,-R/opt/schily/lib -Wl,-R/opt/schily/lib  1>&5
configure:9260:1: warning: return type defaults to 'int' [-Wimplicit-int]
configure: In function 'main':
configure:9263:11: warning: implicit declaration of function 'exit' [-Wimplicit-function-declaration]
configure:9263:11: warning: incompatible implicit declaration of built-in function 'exit'
configure:9263:11: note: include '<stdlib.h>' or provide a declaration of 'exit'
configure:9264:14: warning: format '%d' expects argument of type 'int', but argument 3 has type 'long unsigned int' [-Wformat=]
configure:9265:3: warning: incompatible implicit declaration of built-in function 'exit'
configure:9265:3: note: include '<stdlib.h>' or provide a declaration of 'exit'
configure:9289: checking size of uid_t
configure:9314: gcc -o conftest   -O      -D_GNU_SOURCE   conftest.c -Llibs/x86_64-linux-gcc -L/opt/schily/lib -Wl,-R/opt/schily/lib -Wl,-R/opt/schily/lib  1>&5
configure:9305:1: warning: return type defaults to 'int' [-Wimplicit-int]
configure: In function 'main':
configure:9308:11: warning: implicit declaration of function 'exit' [-Wimplicit-function-declaration]
configure:9308:11: warning: incompatible implicit declaration of built-in function 'exit'
configure:9308:11: note: include '<stdlib.h>' or provide a declaration of 'exit'
configure:9309:14: warning: format '%d' expects argument of type 'int', but argument 3 has type 'long unsigned int' [-Wformat=]
configure:9310:3: warning: incompatible implicit declaration of built-in function 'exit'
configure:9310:3: note: include '<stdlib.h>' or provide a declaration of 'exit'
configure:9334: checking size of gid_t
configure:9359: gcc -o conftest   -O      -D_GNU_SOURCE   conftest.c -Llibs/x86_64-linux-gcc -L/opt/schily/lib -Wl,-R/opt/schily/lib -Wl,-R/opt/schily/lib  1>&5
configure:9350:1: warning: return type defaults to 'int' [-Wimplicit-int]
configure: In function 'main':
configure:9353:11: warning: implicit declaration of function 'exit' [-Wimplicit-function-declaration]
configure:9353:11: warning: incompatible implicit declaration of built-in function 'exit'
configure:9353:11: note: include '<stdlib.h>' or provide a declaration of 'exit'
configure:9354:14: warning: format '%d' expects argument of type 'int', but argument 3 has type 'long unsigned int' [-Wformat=]
configure:9355:3: warning: incompatible implicit declaration of built-in function 'exit'
configure:9355:3: note: include '<stdlib.h>' or provide a declaration of 'exit'
configure:9379: checking size of pid_t
configure:9404: gcc -o conftest   -O      -D_GNU_SOURCE   conftest.c -Llibs/x86_64-linux-gcc -L/opt/schily/lib -Wl,-R/opt/schily/lib -Wl,-R/opt/schily/lib  1>&5
configure:9395:1: warning: return type defaults to 'int' [-Wimplicit-int]
configure: In function 'main':
configure:9398:11: warning: implicit declaration of function 'exit' [-Wimplicit-function-declaration]
configure:9398:11: warning: incompatible implicit declaration of built-in function 'exit'
configure:9398:11: note: include '<stdlib.h>' or provide a declaration of 'exit'
configure:9399:14: warning: format '%d' expects argument of type 'int', but argument 3 has type 'long unsigned int' [-Wformat=]
configure:9400:3: warning: incompatible implicit declaration of built-in function 'exit'
configure:9400:3: note: include '<stdlib.h>' or provide a declaration of 'exit'
configure:9425: checking size of dev_t
configure:9450: gcc -o conftest   -O      -D_GNU_SOURCE   conftest.c -Llibs/x86_64-linux-gcc -L/opt/schily/lib -Wl,-R/opt/schily/lib -Wl,-R/opt/schily/lib  1>&5
configure:9441:1: warning: return type defaults to 'int' [-Wimplicit-int]
configure: In function 'main':
configure:9444:11: warning: implicit declaration of function 'exit' [-Wimplicit-function-declaration]
configure:9444:11: warning: incompatible implicit declaration of built-in function 'exit'
configure:9444:11: note: include '<stdlib.h>' or provide a declaration of 'exit'
configure:9445:14: warning: format '%d' expects argument of type 'int', but argument 3 has type 'long unsigned int' [-Wformat=]
configure:9446:3: warning: incompatible implicit declaration of built-in function 'exit'
configure:9446:3: note: include '<stdlib.h>' or provide a declaration of 'exit'
configure:9470: checking size of major_t
configure:9495: gcc -o conftest   -O      -D_GNU_SOURCE   conftest.c -Llibs/x86_64-linux-gcc -L/opt/schily/lib -Wl,-R/opt/schily/lib -Wl,-R/opt/schily/lib  1>&5
configure:9486:1: warning: return type defaults to 'int' [-Wimplicit-int]
configure: In function 'main':
configure:9489:11: warning: implicit declaration of function 'exit' [-Wimplicit-function-declaration]
configure:9489:11: warning: incompatible implicit declaration of built-in function 'exit'
configure:9489:11: note: include '<stdlib.h>' or provide a declaration of 'exit'
configure:9490:14: warning: format '%d' expects argument of type 'int', but argument 3 has type 'long unsigned int' [-Wformat=]
configure:9491:3: warning: incompatible implicit declaration of built-in function 'exit'
configure:9491:3: note: include '<stdlib.h>' or provide a declaration of 'exit'
configure:9515: checking size of minor_t
configure:9540: gcc -o conftest   -O      -D_GNU_SOURCE   conftest.c -Llibs/x86_64-linux-gcc -L/opt/schily/lib -Wl,-R/opt/schily/lib -Wl,-R/opt/schily/lib  1>&5
configure:9531:1: warning: return type defaults to 'int' [-Wimplicit-int]
configure: In function 'main':
configure:9534:11: warning: implicit declaration of function 'exit' [-Wimplicit-function-declaration]
configure:9534:11: warning: incompatible implicit declaration of built-in function 'exit'
configure:9534:11: note: include '<stdlib.h>' or provide a declaration of 'exit'
configure:9535:14: warning: format '%d' expects argument of type 'int', but argument 3 has type 'long unsigned int' [-Wformat=]
configure:9536:3: warning: incompatible implicit declaration of built-in function 'exit'
configure:9536:3: note: include '<stdlib.h>' or provide a declaration of 'exit'
configure:9561: checking size of time_t
configure:9591: gcc -o conftest   -O      -D_GNU_SOURCE   conftest.c -Llibs/x86_64-linux-gcc -L/opt/schily/lib -Wl,-R/opt/schily/lib -Wl,-R/opt/schily/lib  1>&5
configure:9582:1: warning: return type defaults to 'int' [-Wimplicit-int]
configure: In function 'main':
configure:9585:11: warning: implicit declaration of function 'exit' [-Wimplicit-function-declaration]
configure:9585:11: warning: incompatible implicit declaration of built-in function 'exit'
configure:9585:11: note: include '<stdlib.h>' or provide a declaration of 'exit'
configure:9586:14: warning: format '%d' expects argument of type 'int', but argument 3 has type 'long unsigned int' [-Wformat=]
configure:9587:3: warning: incompatible implicit declaration of built-in function 'exit'
configure:9587:3: note: include '<stdlib.h>' or provide a declaration of 'exit'
configure:9611: checking size of wchar
configure:9630: gcc -o conftest   -O      -D_GNU_SOURCE   conftest.c -Llibs/x86_64-linux-gcc -L/opt/schily/lib -Wl,-R/opt/schily/lib -Wl,-R/opt/schily/lib  1>&5
configure:9621:1: warning: return type defaults to 'int' [-Wimplicit-int]
configure: In function 'main':
configure:9624:11: warning: implicit declaration of function 'exit' [-Wimplicit-function-declaration]
configure:9624:11: warning: incompatible implicit declaration of built-in function 'exit'
configure:9624:11: note: include '<stdlib.h>' or provide a declaration of 'exit'
configure:9625:14: warning: format '%d' expects argument of type 'int', but argument 3 has type 'long unsigned int' [-Wformat=]
configure:9626:3: warning: incompatible implicit declaration of built-in function 'exit'
configure:9626:3: note: include '<stdlib.h>' or provide a declaration of 'exit'
configure:9650: checking size of wchar_t
configure:9678: gcc -o conftest   -O      -D_GNU_SOURCE   conftest.c -Llibs/x86_64-linux-gcc -L/opt/schily/lib -Wl,-R/opt/schily/lib -Wl,-R/opt/schily/lib  1>&5
configure:9669:1: warning: return type defaults to 'int' [-Wimplicit-int]
configure: In function 'main':
configure:9673:14: warning: format '%d' expects argument of type 'int', but argument 3 has type 'long unsigned int' [-Wformat=]
configure:9699: checking if char is unsigned
configure:9718: gcc -o conftest   -O      -D_GNU_SOURCE   conftest.c -Llibs/x86_64-linux-gcc -L/opt/schily/lib -Wl,-R/opt/schily/lib -Wl,-R/opt/schily/lib  1>&5
configure: In function 'main':
configure:9715:2: warning: implicit declaration of function 'exit' [-Wimplicit-function-declaration]
configure:9715:2: warning: incompatible implicit declaration of built-in function 'exit'
configure:9715:2: note: include '<stdlib.h>' or provide a declaration of 'exit'
configure: failed program was:
#line 9707 "configure"
#include "confdefs.h"

int
main()
{
	char c;

	c = -1;
	exit(c < 0);}
configure:9740: checking if va_list is an array
configure:9761: gcc -o conftest   -O      -D_GNU_SOURCE   conftest.c -Llibs/x86_64-linux-gcc -L/opt/schily/lib -Wl,-R/opt/schily/lib -Wl,-R/opt/schily/lib  1>&5
configure: In function 'main':
configure:9757:3: error: assignment to expression with array type
configure: failed program was:
#line 9745 "configure"
#include "confdefs.h"

#ifdef	HAVE_STDARG_H
#	include <stdarg.h>
#else
#	include <varargs.h>
#endif

int main() {

va_list a, b;

a = b;
; return 0; }
configure:9781: checking for f->_flags in FILE *
configure:9797: gcc -o conftest   -O      -D_GNU_SOURCE   conftest.c -Llibs/x86_64-linux-gcc -L/opt/schily/lib -Wl,-R/opt/schily/lib -Wl,-R/opt/schily/lib  1>&5
configure:9817: checking for f->_IO_buf_base in FILE *
configure:9833: gcc -o conftest   -O      -D_GNU_SOURCE   conftest.c -Llibs/x86_64-linux-gcc -L/opt/schily/lib -Wl,-R/opt/schily/lib -Wl,-R/opt/schily/lib  1>&5
configure:9853: checking for struct timeval in time.h or sys/time.h
configure:9876: gcc -c   -O      -D_GNU_SOURCE   conftest.c 1>&5
configure:9896: checking for struct timezone in time.h or sys/time.h
configure:9919: gcc -c   -O      -D_GNU_SOURCE   conftest.c 1>&5
configure:9939: checking for struct timespec in time.h or sys/time.h
configure:9962: gcc -c   -O      -D_GNU_SOURCE   conftest.c 1>&5
configure:9982: checking if struct mtget contains mt_type
configure:9995: gcc -c   -O      -D_GNU_SOURCE   conftest.c 1>&5
configure:10015: checking if struct mtget contains mt_model
configure:10028: gcc -c   -O      -D_GNU_SOURCE   conftest.c 1>&5
configure: In function 'main':
configure:10024:20: error: 'struct mtget' has no member named 'mt_model'; did you mean 'mt_type'?
configure: failed program was:
#line 10020 "configure"
#include "confdefs.h"
#include <sys/types.h>
#include <sys/mtio.h>
int main() {
struct  mtget t; t.mt_model = 0;
; return 0; }
configure:10048: checking if struct mtget contains mt_dsreg
configure:10061: gcc -c   -O      -D_GNU_SOURCE   conftest.c 1>&5
configure:10081: checking if struct mtget contains mt_dsreg1
configure:10094: gcc -c   -O      -D_GNU_SOURCE   conftest.c 1>&5
configure: In function 'main':
configure:10090:20: error: 'struct mtget' has no member named 'mt_dsreg1'; did you mean 'mt_dsreg'?
configure: failed program was:
#line 10086 "configure"
#include "confdefs.h"
#include <sys/types.h>
#include <sys/mtio.h>
int main() {
struct  mtget t; t.mt_dsreg1 = 0;
; return 0; }
configure:10114: checking if struct mtget contains mt_dsreg2
configure:10127: gcc -c   -O      -D_GNU_SOURCE   conftest.c 1>&5
configure: In function 'main':
configure:10123:20: error: 'struct mtget' has no member named 'mt_dsreg2'; did you mean 'mt_dsreg'?
configure: failed program was:
#line 10119 "configure"
#include "confdefs.h"
#include <sys/types.h>
#include <sys/mtio.h>
int main() {
struct  mtget t; t.mt_dsreg2 = 0;
; return 0; }
configure:10147: checking if struct mtget contains mt_gstat
configure:10160: gcc -c   -O      -D_GNU_SOURCE   conftest.c 1>&5
configure:10180: checking if struct mtget contains mt_erreg
configure:10193: gcc -c   -O      -D_GNU_SOURCE   conftest.c 1>&5
configure:10213: checking if struct mtget contains mt_resid
configure:10226: gcc -c   -O      -D_GNU_SOURCE   conftest.c 1>&5
configure:10246: checking if struct mtget contains mt_fileno
configure:10259: gcc -c   -O      -D_GNU_SOURCE   conftest.c 1>&5
configure:10279: checking if struct mtget contains mt_blkno
configure:10292: gcc -c   -O      -D_GNU_SOURCE   conftest.c 1>&5
configure:10312: checking if struct mtget contains mt_flags
configure:10325: gcc -c   -O      -D_GNU_SOURCE   conftest.c 1>&5
configure: In function 'main':
configure:10321:20: error: 'struct mtget' has no member named 'mt_flags'; did you mean 'mt_fileno'?
configure: failed program was:
#line 10317 "configure"
#include "confdefs.h"
#include <sys/types.h>
#include <sys/mtio.h>
int main() {
struct  mtget t; t.mt_flags = 0;
; return 0; }
configure:10345: checking if struct mtget contains mt_bf
configure:10358: gcc -c   -O      -D_GNU_SOURCE   conftest.c 1>&5
configure: In function 'main':
configure:10354:19: error: 'struct mtget' has no member named 'mt_bf'
configure: failed program was:
#line 10350 "configure"
#include "confdefs.h"
#include <sys/types.h>
#include <sys/mtio.h>
int main() {
struct  mtget t; t.mt_bf = 0;
; return 0; }
configure:10378: checking if struct rusage is declared in sys/resource.h
configure:10391: gcc -c   -O      -D_GNU_SOURCE   conftest.c 1>&5
configure:10411: checking if struct siginfo contains si_utime
configure:10424: gcc -c   -O      -D_GNU_SOURCE   conftest.c 1>&5
configure:10418:10: fatal error: sys/siginfo.h: No such file or directory
compilation terminated.
configure: failed program was:
#line 10416 "configure"
#include "confdefs.h"
#include <sys/types.h>
#include <sys/siginfo.h>
int main() {
struct  siginfo si; si.si_utime = 0;
; return 0; }
configure:10444: checking if struct sockaddr_storage is declared in socket.h
configure:10456: gcc -c   -O      -D_GNU_SOURCE   conftest.c 1>&5
configure: In function 'main':
configure:10452:48: warning: implicit declaration of function 'exit' [-Wimplicit-function-declaration]
configure:10452:48: warning: incompatible implicit declaration of built-in function 'exit'
configure:10452:48: note: include '<stdlib.h>' or provide a declaration of 'exit'
configure:10476: checking if an illegal declaration for union semun in sys/sem.h exists
configure:10490: gcc -c   -O      -D_GNU_SOURCE   conftest.c 1>&5
configure: In function 'main':
configure:10486:13: error: storage size of 's' isn't known
configure: failed program was:
#line 10481 "configure"
#include "confdefs.h"
#include <sys/types.h>
#include <sys/ipc.h>
#include <sys/sem.h>
int main() {
union semun s;
; return 0; }
configure:10510: checking if union wait is declared in wait.h or sys/wait.h
configure:10527: gcc -c   -O      -D_GNU_SOURCE   conftest.c 1>&5
configure: In function 'main':
configure:10523:12: error: storage size of 'w' isn't known
configure: failed program was:
#line 10515 "configure"
#include "confdefs.h"
#include <sys/types.h>
#if	defined(HAVE_WAIT_H)
#	include <wait.h>
#else
#include <sys/wait.h>
#endif
int main() {
union wait w;
; return 0; }
configure:10547: checking if union wait is used by default
configure:10587: checking if struct stat contains st_spare1
configure:10600: gcc -c   -O      -D_GNU_SOURCE   conftest.c 1>&5
configure: In function 'main':
configure:10596:19: error: 'struct stat' has no member named 'st_spare1'; did you mean 'st_size'?
configure: failed program was:
#line 10592 "configure"
#include "confdefs.h"
#include <sys/types.h>
#include <sys/stat.h>
int main() {
struct  stat s; s.st_spare1 = 0;
; return 0; }
configure:10620: checking if struct stat contains st_atimensec
configure:10633: gcc -c   -O      -D_GNU_SOURCE   conftest.c 1>&5
configure: In function 'main':
configure:10629:19: error: 'struct stat' has no member named 'st_atimensec'; did you mean 'st_atim'?
configure: failed program was:
#line 10625 "configure"
#include "confdefs.h"
#include <sys/types.h>
#include <sys/stat.h>
int main() {
struct  stat s; s.st_atimensec = 0;
; return 0; }
configure:10653: checking if struct stat contains st_atime_n
configure:10666: gcc -c   -O      -D_GNU_SOURCE   conftest.c 1>&5
configure: In function 'main':
configure:10662:19: error: 'struct stat' has no member named 'st_atime_n'; did you mean 'st_atim'?
configure: failed program was:
#line 10658 "configure"
#include "confdefs.h"
#include <sys/types.h>
#include <sys/stat.h>
int main() {
struct  stat s; s.st_atime_n = 0;
; return 0; }
configure:10686: checking if struct stat contains st_atim.tv_nsec
configure:10699: gcc -c   -O      -D_GNU_SOURCE   conftest.c 1>&5
configure:10719: checking if struct stat contains st_atim.st__tim.tv_nsec
configure:10732: gcc -c   -O      -D_GNU_SOURCE   conftest.c 1>&5
configure: In function 'main':
configure:10728:26: error: 'struct timespec' has no member named 'st__tim'
configure: failed program was:
#line 10724 "configure"
#include "confdefs.h"
#include <sys/types.h>
#include <sys/stat.h>
int main() {
struct  stat s; s.st_atim.st__tim.tv_nsec = 0;
; return 0; }
configure:10752: checking if struct stat contains st_atimespec.tv_nsec
configure:10765: gcc -c   -O      -D_GNU_SOURCE   conftest.c 1>&5
configure: In function 'main':
configure:10761:19: error: 'struct stat' has no member named 'st_atimespec'; did you mean 'st_atim'?
configure: failed program was:
#line 10757 "configure"
#include "confdefs.h"
#include <sys/types.h>
#include <sys/stat.h>
int main() {
struct  stat s; s.st_atimespec.tv_nsec = 0;
; return 0; }
configure:10785: checking for st_blksize in struct stat
configure:10798: gcc -c   -O      -D_GNU_SOURCE   conftest.c 1>&5
configure:10819: checking for st_blocks in struct stat
configure:10832: gcc -c   -O      -D_GNU_SOURCE   conftest.c 1>&5
configure:10855: checking if struct stat contains st_fstype
configure:10868: gcc -c   -O      -D_GNU_SOURCE   conftest.c 1>&5
configure: In function 'main':
configure:10864:19: error: 'struct stat' has no member named 'st_fstype'; did you mean 'st_size'?
configure: failed program was:
#line 10860 "configure"
#include "confdefs.h"
#include <sys/types.h>
#include <sys/stat.h>
int main() {
struct  stat s; s.st_fstype[0] = 0;
; return 0; }
configure:10888: checking if struct stat contains st_aclcnt
configure:10901: gcc -c   -O      -D_GNU_SOURCE   conftest.c 1>&5
configure: In function 'main':
configure:10897:19: error: 'struct stat' has no member named 'st_aclcnt'; did you mean 'st_nlink'?
configure: failed program was:
#line 10893 "configure"
#include "confdefs.h"
#include <sys/types.h>
#include <sys/stat.h>
int main() {
struct  stat s; s.st_aclcnt = 0;
; return 0; }
configure:10921: checking for st_rdev in struct stat
configure:10934: gcc -c   -O      -D_GNU_SOURCE   conftest.c 1>&5
configure:10955: checking if struct stat contains st_flag
configure:10968: gcc -c   -O      -D_GNU_SOURCE   conftest.c 1>&5
configure: In function 'main':
configure:10964:18: error: 'struct stat' has no member named 'st_flag'
configure: failed program was:
#line 10960 "configure"
#include "confdefs.h"
#include <sys/types.h>
#include <sys/stat.h>
int main() {
struct  stat s; s.st_flag = 0;
; return 0; }
configure:10988: checking if struct stat contains st_flags
configure:11001: gcc -c   -O      -D_GNU_SOURCE   conftest.c 1>&5
configure: In function 'main':
configure:10997:19: error: 'struct stat' has no member named 'st_flags'; did you mean 'st_nlink'?
configure: failed program was:
#line 10993 "configure"
#include "confdefs.h"
#include <sys/types.h>
#include <sys/stat.h>
int main() {
struct  stat s; s.st_flags = 0;
; return 0; }
configure:11021: checking if struct dirent contains d_ino
configure:11065: gcc -c   -O      -D_GNU_SOURCE   conftest.c 1>&5
configure:11085: checking if struct dirent contains d_type
configure:11129: gcc -c   -O      -D_GNU_SOURCE   conftest.c 1>&5
configure:11149: checking if DIR * contains dd_fd
configure:11161: gcc -c   -O      -D_GNU_SOURCE   conftest.c 1>&5
configure: In function 'main':
configure:11157:5: error: storage size of 'd' isn't known
configure:11157:21: warning: implicit declaration of function 'exit' [-Wimplicit-function-declaration]
configure:11157:21: warning: incompatible implicit declaration of built-in function 'exit'
configure:11157:21: note: include '<stdlib.h>' or provide a declaration of 'exit'
configure: failed program was:
#line 11154 "configure"
#include "confdefs.h"
#include <dirent.h>
int main() {
DIR d; d.dd_fd = 0; exit (d.dd_fd == 0);
; return 0; }
configure:11181: checking if struct utsname contains arch
configure:11193: gcc -c   -O      -D_GNU_SOURCE   conftest.c 1>&5
configure: In function 'main':
configure:11189:21: error: 'struct utsname' has no member named 'arch'
configure: failed program was:
#line 11186 "configure"
#include "confdefs.h"
#include <sys/utsname.h>
int main() {
struct  utsname u; u.arch[0] = 0;
; return 0; }
configure:11213: checking if struct utsname contains processor
configure:11225: gcc -c   -O      -D_GNU_SOURCE   conftest.c 1>&5
configure: In function 'main':
configure:11221:21: error: 'struct utsname' has no member named 'processor'
configure: failed program was:
#line 11218 "configure"
#include "confdefs.h"
#include <sys/utsname.h>
int main() {
struct  utsname u; u.processor[0] = 0;
; return 0; }
configure:11245: checking if struct utsname contains sysname_host
configure:11257: gcc -c   -O      -D_GNU_SOURCE   conftest.c 1>&5
configure: In function 'main':
configure:11253:22: error: 'struct utsname' has no member named 'sysname_host'; did you mean 'sysname'?
configure: failed program was:
#line 11250 "configure"
#include "confdefs.h"
#include <sys/utsname.h>
int main() {
struct  utsname u; u.sysname_host[0] = 0;
; return 0; }
configure:11277: checking if struct utsname contains release_host
configure:11289: gcc -c   -O      -D_GNU_SOURCE   conftest.c 1>&5
configure: In function 'main':
configure:11285:22: error: 'struct utsname' has no member named 'release_host'; did you mean 'release'?
configure: failed program was:
#line 11282 "configure"
#include "confdefs.h"
#include <sys/utsname.h>
int main() {
struct  utsname u; u.release_host[0] = 0;
; return 0; }
configure:11309: checking if struct utsname contains version_host
configure:11321: gcc -c   -O      -D_GNU_SOURCE   conftest.c 1>&5
configure: In function 'main':
configure:11317:22: error: 'struct utsname' has no member named 'version_host'; did you mean 'version'?
configure: failed program was:
#line 11314 "configure"
#include "confdefs.h"
#include <sys/utsname.h>
int main() {
struct  utsname u; u.version_host[0] = 0;
; return 0; }
configure:11342: checking whether iconv() uses const char **
configure:11349: gcc -E conftest.c
configure:11365: checking if stat is declared
configure:11379: gcc -c   -O      -D_GNU_SOURCE   conftest.c 1>&5
configure: In function 'main':
configure:11375:27: warning: implicit declaration of function 'exit' [-Wimplicit-function-declaration]
configure:11375:27: warning: incompatible implicit declaration of built-in function 'exit'
configure:11375:27: note: include '<stdlib.h>' or provide a declaration of 'exit'
configure:11400: checking if lstat is declared
configure:11414: gcc -c   -O      -D_GNU_SOURCE   conftest.c 1>&5
configure: In function 'main':
configure:11410:28: warning: implicit declaration of function 'exit' [-Wimplicit-function-declaration]
configure:11410:28: warning: incompatible implicit declaration of built-in function 'exit'
configure:11410:28: note: include '<stdlib.h>' or provide a declaration of 'exit'
configure:11436: checking for wait3 that fills in rusage
configure:11479: gcc -o conftest   -O      -D_GNU_SOURCE   conftest.c -Llibs/x86_64-linux-gcc -L/opt/schily/lib -Wl,-R/opt/schily/lib -Wl,-R/opt/schily/lib  1>&5
configure:11450:1: warning: return type defaults to 'int' [-Wimplicit-int]
configure: In function 'main':
configure:11463:11: warning: implicit declaration of function 'fork' [-Wimplicit-function-declaration]
configure:11465:5: warning: implicit declaration of function 'sleep' [-Wimplicit-function-declaration]
configure:11466:30: warning: implicit declaration of function 'getpid'; did you mean 'fgetpos'? [-Wimplicit-function-declaration]
configure:11467:5: warning: implicit declaration of function '_exit' [-Wimplicit-function-declaration]
configure:11467:5: warning: incompatible implicit declaration of built-in function '_exit'
configure:11470:5: warning: implicit declaration of function 'wait3' [-Wimplicit-function-declaration]
configure:11472:5: warning: implicit declaration of function 'exit' [-Wimplicit-function-declaration]
configure:11472:5: warning: incompatible implicit declaration of built-in function 'exit'
configure:11472:5: note: include '<stdlib.h>' or provide a declaration of 'exit'
configure:11502: checking for mlock
configure:11530: gcc -o conftest   -O      -D_GNU_SOURCE   conftest.c -Llibs/x86_64-linux-gcc -L/opt/schily/lib -Wl,-R/opt/schily/lib -Wl,-R/opt/schily/lib  1>&5
configure:11518:1: warning: return type defaults to 'int' [-Wimplicit-int]
configure: In function 'main':
configure:11520:6: warning: implicit declaration of function 'mlock' [-Wimplicit-function-declaration]
configure:11523:4: warning: implicit declaration of function 'exit' [-Wimplicit-function-declaration]
configure:11523:4: warning: incompatible implicit declaration of built-in function 'exit'
configure:11523:4: note: include '<stdlib.h>' or provide a declaration of 'exit'
configure:11524:3: warning: incompatible implicit declaration of built-in function 'exit'
configure:11524:3: note: include '<stdlib.h>' or provide a declaration of 'exit'
configure:11526:2: warning: incompatible implicit declaration of built-in function 'exit'
configure:11526:2: note: include '<stdlib.h>' or provide a declaration of 'exit'
configure:11553: checking for mlockall
configure:11584: gcc -o conftest   -O      -D_GNU_SOURCE   conftest.c -Llibs/x86_64-linux-gcc -L/opt/schily/lib -Wl,-R/opt/schily/lib -Wl,-R/opt/schily/lib  1>&5
configure: In function 'main':
configure:11576:4: warning: implicit declaration of function 'exit' [-Wimplicit-function-declaration]
configure:11576:4: warning: incompatible implicit declaration of built-in function 'exit'
configure:11576:4: note: include '<stdlib.h>' or provide a declaration of 'exit'
configure:11577:3: warning: incompatible implicit declaration of built-in function 'exit'
configure:11577:3: note: include '<stdlib.h>' or provide a declaration of 'exit'
configure:11579:2: warning: incompatible implicit declaration of built-in function 'exit'
configure:11579:2: note: include '<stdlib.h>' or provide a declaration of 'exit'
configure:11607: checking for va_copy
configure:11627: gcc -o conftest   -O      -D_GNU_SOURCE   conftest.c -Llibs/x86_64-linux-gcc -L/opt/schily/lib -Wl,-R/opt/schily/lib -Wl,-R/opt/schily/lib  1>&5
configure:11647: checking for __va_copy
configure:11667: gcc -o conftest   -O      -D_GNU_SOURCE   conftest.c -Llibs/x86_64-linux-gcc -L/opt/schily/lib -Wl,-R/opt/schily/lib -Wl,-R/opt/schily/lib  1>&5
configure:11687: checking for working ecvt() 
configure:11715: gcc -o conftest   -O      -D_GNU_SOURCE   conftest.c -Llibs/x86_64-linux-gcc -L/opt/schily/lib -Wl,-R/opt/schily/lib -Wl,-R/opt/schily/lib  1>&5
configure:11699:1: warning: return type defaults to 'int' [-Wimplicit-int]
configure:11699:1: warning: conflicting types for built-in function 'sprintf' [-Wbuiltin-declaration-mismatch]
configure: In function 'sprintf':
configure:11699:1: warning: number of arguments doesn't match built-in prototype
configure:11702:2: warning: implicit declaration of function 'strcpy' [-Wimplicit-function-declaration]
configure:11702:2: warning: incompatible implicit declaration of built-in function 'strcpy'
configure:11702:2: note: include '<string.h>' or provide a declaration of 'strcpy'
configure: In function 'main':
configure:11711:2: warning: implicit declaration of function 'exit' [-Wimplicit-function-declaration]
configure:11711:2: warning: incompatible implicit declaration of built-in function 'exit'
configure:11711:2: note: include '<stdlib.h>' or provide a declaration of 'exit'
configure:11711:8: warning: implicit declaration of function 'strcmp' [-Wimplicit-function-declaration]
configure:11737: checking for working fcvt() 
configure:11765: gcc -o conftest   -O      -D_GNU_SOURCE   conftest.c -Llibs/x86_64-linux-gcc -L/opt/schily/lib -Wl,-R/opt/schily/lib -Wl,-R/opt/schily/lib  1>&5
configure:11749:1: warning: return type defaults to 'int' [-Wimplicit-int]
configure:11749:1: warning: conflicting types for built-in function 'sprintf' [-Wbuiltin-declaration-mismatch]
configure: In function 'sprintf':
configure:11749:1: warning: number of arguments doesn't match built-in prototype
configure:11752:2: warning: implicit declaration of function 'strcpy' [-Wimplicit-function-declaration]
configure:11752:2: warning: incompatible implicit declaration of built-in function 'strcpy'
configure:11752:2: note: include '<string.h>' or provide a declaration of 'strcpy'
configure: In function 'main':
configure:11761:2: warning: implicit declaration of function 'exit' [-Wimplicit-function-declaration]
configure:11761:2: warning: incompatible implicit declaration of built-in function 'exit'
configure:11761:2: note: include '<stdlib.h>' or provide a declaration of 'exit'
configure:11761:8: warning: implicit declaration of function 'strcmp' [-Wimplicit-function-declaration]
configure:11787: checking for working gcvt() 
configure:11815: gcc -o conftest   -O      -D_GNU_SOURCE   conftest.c -Llibs/x86_64-linux-gcc -L/opt/schily/lib -Wl,-R/opt/schily/lib -Wl,-R/opt/schily/lib  1>&5
configure:11799:1: warning: return type defaults to 'int' [-Wimplicit-int]
configure:11799:1: warning: conflicting types for built-in function 'sprintf' [-Wbuiltin-declaration-mismatch]
configure: In function 'sprintf':
configure:11799:1: warning: number of arguments doesn't match built-in prototype
configure:11802:2: warning: implicit declaration of function 'strcpy' [-Wimplicit-function-declaration]
configure:11802:2: warning: incompatible implicit declaration of built-in function 'strcpy'
configure:11802:2: note: include '<string.h>' or provide a declaration of 'strcpy'
configure: In function 'main':
configure:11811:2: warning: implicit declaration of function 'exit' [-Wimplicit-function-declaration]
configure:11811:2: warning: incompatible implicit declaration of built-in function 'exit'
configure:11811:2: note: include '<stdlib.h>' or provide a declaration of 'exit'
configure:11811:8: warning: implicit declaration of function 'strcmp' [-Wimplicit-function-declaration]
configure:11837: checking for __dtoa
configure:11850: gcc -o conftest   -O      -D_GNU_SOURCE   conftest.c -Llibs/x86_64-linux-gcc -L/opt/schily/lib -Wl,-R/opt/schily/lib -Wl,-R/opt/schily/lib  1>&5
/tmp/cc9unHMY.o: In function `main':
conftest.c:(.text+0x37): undefined reference to `__dtoa'
collect2: error: ld returned 1 exit status
configure: failed program was:
#line 11842 "configure"
#include "confdefs.h"
extern  char *__dtoa();
int main() {
int decpt; int sign; char *ep; char *bp;
bp = __dtoa(0.0, 2, 6, &decpt, &sign, &ep);
; return 0; }
configure:11870: checking for __dtoa that needs result ptr
configure:11899: gcc -o conftest   -O      -D_GNU_SOURCE   conftest.c -Llibs/x86_64-linux-gcc -L/opt/schily/lib -Wl,-R/opt/schily/lib -Wl,-R/opt/schily/lib  1>&5
configure: In function 'main':
configure:11894:2: warning: implicit declaration of function 'exit' [-Wimplicit-function-declaration]
configure:11894:2: warning: incompatible implicit declaration of built-in function 'exit'
configure:11894:2: note: include '<stdlib.h>' or provide a declaration of 'exit'
configure: failed program was:
#line 11878 "configure"
#include "confdefs.h"

extern	char *__dtoa();
int
main()
{
#ifdef	HAVE_DTOA
	int	decpt, sign;
	char	*bp;
	char	*ep;
	char	*result;

	result = 0;
	bp = __dtoa(1.9, 2, 5, &decpt, &sign, &ep, &result);
	exit(result == 0);
#else
	exit(1);
#endif
}
configure:11921: checking if getpagesize is defined or function
configure:11941: gcc -o conftest   -O      -D_GNU_SOURCE   conftest.c -Llibs/x86_64-linux-gcc -L/opt/schily/lib -Wl,-R/opt/schily/lib -Wl,-R/opt/schily/lib  1>&5
configure: In function 'main':
configure:11936:2: warning: implicit declaration of function 'exit' [-Wimplicit-function-declaration]
configure:11936:2: warning: incompatible implicit declaration of built-in function 'exit'
configure:11936:2: note: include '<stdlib.h>' or provide a declaration of 'exit'
configure:11970: checking for unistd.h
configure:12006: checking for mmap that needs ptr to size
configure:12155: gcc -o conftest   -O      -D_GNU_SOURCE   conftest.c -Llibs/x86_64-linux-gcc -L/opt/schily/lib -Wl,-R/opt/schily/lib -Wl,-R/opt/schily/lib  1>&5
configure:12070:7: warning: conflicting types for built-in function 'malloc' [-Wbuiltin-declaration-mismatch]
configure: In function 'intr':
configure:12078:18: warning: passing argument 2 of 'signal' from incompatible pointer type [-Wincompatible-pointer-types]
In file included from configure:12018:0:
/usr/include/signal.h:88:23: note: expected '__sighandler_t {aka void (*)(int)}' but argument is of type 'int (*)()'
 extern __sighandler_t signal (int __sig, __sighandler_t __handler)
                       ^~~~~~
configure: In function 'main':
configure:12089:13: warning: implicit declaration of function 'getpagesize' [-Wimplicit-function-declaration]
configure:12096:3: warning: implicit declaration of function 'exit' [-Wimplicit-function-declaration]
configure:12096:3: warning: incompatible implicit declaration of built-in function 'exit'
configure:12096:3: note: include '<stdlib.h>' or provide a declaration of 'exit'
configure:12098:17: warning: implicit declaration of function 'rand' [-Wimplicit-function-declaration]
configure:12099:2: warning: implicit declaration of function 'umask' [-Wimplicit-function-declaration]
configure:12102:3: warning: incompatible implicit declaration of built-in function 'exit'
configure:12102:3: note: include '<stdlib.h>' or provide a declaration of 'exit'
configure:12103:6: warning: implicit declaration of function 'write' [-Wimplicit-function-declaration]
configure:12104:3: warning: incompatible implicit declaration of built-in function 'exit'
configure:12104:3: note: include '<stdlib.h>' or provide a declaration of 'exit'
configure:12105:2: warning: implicit declaration of function 'close' [-Wimplicit-function-declaration]
configure:12114:3: warning: incompatible implicit declaration of built-in function 'exit'
configure:12114:3: note: include '<stdlib.h>' or provide a declaration of 'exit'
configure:12126:18: warning: passing argument 2 of 'signal' from incompatible pointer type [-Wincompatible-pointer-types]
In file included from configure:12018:0:
/usr/include/signal.h:88:23: note: expected '__sighandler_t {aka void (*)(int)}' but argument is of type 'int (*)()'
 extern __sighandler_t signal (int __sig, __sighandler_t __handler)
                       ^~~~~~
configure:12133:3: warning: incompatible implicit declaration of built-in function 'exit'
configure:12133:3: note: include '<stdlib.h>' or provide a declaration of 'exit'
configure:12135:18: warning: passing argument 2 of 'signal' from incompatible pointer type [-Wincompatible-pointer-types]
In file included from configure:12018:0:
/usr/include/signal.h:88:23: note: expected '__sighandler_t {aka void (*)(int)}' but argument is of type 'int (*)()'
 extern __sighandler_t signal (int __sig, __sighandler_t __handler)
                       ^~~~~~
configure:12137:19: warning: passing argument 2 of 'mmap' makes integer from pointer without a cast [-Wint-conversion]
In file included from configure:12020:0:
/usr/include/x86_64-linux-gnu/sys/mman.h:57:14: note: expected 'size_t {aka long unsigned int}' but argument is of type 'int *'
 extern void *mmap (void *__addr, size_t __len, int __prot,
              ^~~~
configure:12142:3: warning: incompatible implicit declaration of built-in function 'exit'
configure:12142:3: note: include '<stdlib.h>' or provide a declaration of 'exit'
configure:12146:4: warning: incompatible implicit declaration of built-in function 'exit'
configure:12146:4: note: include '<stdlib.h>' or provide a declaration of 'exit'
configure:12149:2: warning: implicit declaration of function 'unlink'; did you mean 'munlock'? [-Wimplicit-function-declaration]
configure:12150:2: warning: incompatible implicit declaration of built-in function 'exit'
configure:12150:2: note: include '<stdlib.h>' or provide a declaration of 'exit'
configure: failed program was:
#line 12014 "configure"
#include "confdefs.h"

#include <sys/types.h>
#include <fcntl.h>
#include <signal.h>
#include <setjmp.h>
#include <sys/mman.h>

#ifndef MAP_FILE
#define MAP_FILE   0		/* Needed on Apollo Domain/OS */
#endif

/* This mess was copied from the GNU getpagesize.h.  */
#ifndef HAVE_GETPAGESIZE
# ifdef HAVE_UNISTD_H
#  include <unistd.h>
# endif

/* Assume that all systems that can run configure have sys/param.h.  */
# ifndef HAVE_SYS_PARAM_H
#  define HAVE_SYS_PARAM_H 1
# endif

# ifdef _SC_PAGESIZE
#  define getpagesize() sysconf(_SC_PAGESIZE)
# else /* no _SC_PAGESIZE */
#  ifdef HAVE_SYS_PARAM_H
#   include <sys/param.h>
#   ifdef EXEC_PAGESIZE
#    define getpagesize() EXEC_PAGESIZE
#   else /* no EXEC_PAGESIZE */
#    ifdef NBPG
#     define getpagesize() NBPG * CLSIZE
#     ifndef CLSIZE
#      define CLSIZE 1
#     endif /* no CLSIZE */
#    else /* no NBPG */
#     ifdef NBPC
#      define getpagesize() NBPC
#     else /* no NBPC */
#      ifdef PAGESIZE
#       define getpagesize() PAGESIZE
#      endif /* PAGESIZE */
#     endif /* no NBPC */
#    endif /* no NBPG */
#   endif /* no EXEC_PAGESIZE */
#  else /* no HAVE_SYS_PARAM_H */
#   define getpagesize() 8192	/* punt totally */
#  endif /* no HAVE_SYS_PARAM_H */
# endif /* no _SC_PAGESIZE */

#endif /* no HAVE_GETPAGESIZE */

#ifdef __cplusplus
extern "C" { void *malloc(unsigned); }
#else
char *malloc();
#endif

jmp_buf jenv;

int
intr()
{
	signal(SIGSEGV, intr);
	longjmp(jenv, 1);
}

int
main()
{
	char *data, *data2;
	int i, pagesize, ps;
	int fd;

	pagesize = getpagesize();

	/*
	 * First, make a file with some known garbage in it.
	 */
	data = malloc(pagesize);
	if (!data)
		exit(1);
	for (i = 0; i < pagesize; ++i)
		*(data + i) = rand();
	umask(0);
	fd = creat("conftestmmap", 0600);
	if (fd < 0)
		exit(1);
	if (write(fd, data, pagesize) != pagesize)
		exit(1);
	close(fd);

	/*
	 * Next, try to mmap the file at a fixed address which
	 * already has something else allocated at it.  If we can,
	 * also make sure that we see the same garbage.
	 */
	fd = open("conftestmmap", O_RDWR);
	if (fd < 0)
		exit(1);

	/*
	 * Keep a copy, Apollo modifies the value...
	 */
	ps = pagesize;

	/*
	 * Apollo mmap() is not a syscall but a library function and fails
	 * if it tries to dereference 'ps'. We must use setjmp in order to
	 * catch the failure.
	 */
	signal(SIGSEGV, intr);
	if (setjmp(jenv) == 0) {
		data2 = mmap(0, ps, PROT_READ, MAP_FILE | MAP_PRIVATE, fd, 0L);
	} else {
		data2 = (char *)-1;
	}
	if (data2 != (char *)-1)
		exit(1);

	signal(SIGSEGV, intr);
	if (setjmp(jenv) == 0) {
		data2 = mmap(0, &ps, PROT_READ, MAP_FILE | MAP_PRIVATE, fd, 0L);
	} else {
		data2 = (char *)-1;
	}
	if (data2 == (char *)-1)
		exit(1);

	for (i = 0; i < pagesize; ++i)
		if (*(data + i) != *(data2 + i))
			exit(1);

	close(fd);
	unlink("conftestmmap");
	exit(0);
}

configure:12181: checking for unistd.h
configure:12217: checking for working mmap
configure:12374: gcc -o conftest   -O      -D_GNU_SOURCE   conftest.c -Llibs/x86_64-linux-gcc -L/opt/schily/lib -Wl,-R/opt/schily/lib -Wl,-R/opt/schily/lib  1>&5
configure:12305:7: warning: conflicting types for built-in function 'malloc' [-Wbuiltin-declaration-mismatch]
configure: In function 'main':
configure:12315:13: warning: implicit declaration of function 'getpagesize' [-Wimplicit-function-declaration]
configure:12322:3: warning: implicit declaration of function 'exit' [-Wimplicit-function-declaration]
configure:12322:3: warning: incompatible implicit declaration of built-in function 'exit'
configure:12322:3: note: include '<stdlib.h>' or provide a declaration of 'exit'
configure:12324:17: warning: implicit declaration of function 'rand' [-Wimplicit-function-declaration]
configure:12325:2: warning: implicit declaration of function 'umask' [-Wimplicit-function-declaration]
configure:12328:3: warning: incompatible implicit declaration of built-in function 'exit'
configure:12328:3: note: include '<stdlib.h>' or provide a declaration of 'exit'
configure:12329:6: warning: implicit declaration of function 'write' [-Wimplicit-function-declaration]
configure:12330:3: warning: incompatible implicit declaration of built-in function 'exit'
configure:12330:3: note: include '<stdlib.h>' or provide a declaration of 'exit'
configure:12331:2: warning: implicit declaration of function 'close' [-Wimplicit-function-declaration]
configure:12340:3: warning: incompatible implicit declaration of built-in function 'exit'
configure:12340:3: note: include '<stdlib.h>' or provide a declaration of 'exit'
configure:12343:3: warning: incompatible implicit declaration of built-in function 'exit'
configure:12343:3: note: include '<stdlib.h>' or provide a declaration of 'exit'
configure:12344:24: warning: cast from pointer to integer of different size [-Wpointer-to-int-cast]
configure:12347:3: warning: incompatible implicit declaration of built-in function 'exit'
configure:12347:3: note: include '<stdlib.h>' or provide a declaration of 'exit'
configure:12350:4: warning: incompatible implicit declaration of built-in function 'exit'
configure:12350:4: note: include '<stdlib.h>' or provide a declaration of 'exit'
configure:12361:3: warning: incompatible implicit declaration of built-in function 'exit'
configure:12361:3: note: include '<stdlib.h>' or provide a declaration of 'exit'
configure:12362:6: warning: implicit declaration of function 'read'; did you mean 'creat'? [-Wimplicit-function-declaration]
configure:12363:3: warning: incompatible implicit declaration of built-in function 'exit'
configure:12363:3: note: include '<stdlib.h>' or provide a declaration of 'exit'
configure:12366:4: warning: incompatible implicit declaration of built-in function 'exit'
configure:12366:4: note: include '<stdlib.h>' or provide a declaration of 'exit'
configure:12368:2: warning: implicit declaration of function 'unlink'; did you mean 'munlock'? [-Wimplicit-function-declaration]
configure:12369:2: warning: incompatible implicit declaration of built-in function 'exit'
configure:12369:2: note: include '<stdlib.h>' or provide a declaration of 'exit'
configure:12400: checking for unistd.h
configure:12436: checking for mmap that needs ptr to size
configure:12608: checking if mmap works to get shared memory
configure:12688: gcc -o conftest   -O      -D_GNU_SOURCE   conftest.c -Llibs/x86_64-linux-gcc -L/opt/schily/lib -Wl,-R/opt/schily/lib -Wl,-R/opt/schily/lib  1>&5
configure: In function 'mkshare':
configure:12652:17: warning: implicit declaration of function 'exit' [-Wimplicit-function-declaration]
configure:12652:17: warning: incompatible implicit declaration of built-in function 'exit'
configure:12652:17: note: include '<stdlib.h>' or provide a declaration of 'exit'
configure:12653:9: warning: implicit declaration of function 'close' [-Wimplicit-function-declaration]
configure: In function 'main':
configure:12666:17: warning: implicit declaration of function 'fork' [-Wimplicit-function-declaration]
configure:12669:17: warning: implicit declaration of function 'printf' [-Wimplicit-function-declaration]
configure:12669:17: warning: incompatible implicit declaration of built-in function 'printf'
configure:12669:17: note: include '<stdio.h>' or provide a declaration of 'printf'
configure:12669:35: warning: incompatible implicit declaration of built-in function 'exit'
configure:12669:35: note: include '<stdlib.h>' or provide a declaration of 'exit'
configure:12673:17: warning: implicit declaration of function '_exit' [-Wimplicit-function-declaration]
configure:12673:17: warning: incompatible implicit declaration of built-in function '_exit'
configure:12676:17: warning: implicit declaration of function 'wait'; did you mean 'main'? [-Wimplicit-function-declaration]
configure:12677:17: warning: implicit declaration of function 'sleep'; did you mean 'select'? [-Wimplicit-function-declaration]
configure:12682:17: warning: incompatible implicit declaration of built-in function 'exit'
configure:12682:17: note: include '<stdlib.h>' or provide a declaration of 'exit'
configure:12683:9: warning: incompatible implicit declaration of built-in function 'exit'
configure:12683:9: note: include '<stdlib.h>' or provide a declaration of 'exit'
configure:12710: checking if shmget works to get shared memory
configure:12737: gcc -o conftest   -O      -D_GNU_SOURCE   conftest.c -Llibs/x86_64-linux-gcc -L/opt/schily/lib -Wl,-R/opt/schily/lib -Wl,-R/opt/schily/lib  1>&5
configure: In function 'main':
configure:12730:3: warning: implicit declaration of function 'exit' [-Wimplicit-function-declaration]
configure:12730:3: warning: incompatible implicit declaration of built-in function 'exit'
configure:12730:3: note: include '<stdlib.h>' or provide a declaration of 'exit'
configure:12732:9: warning: incompatible implicit declaration of built-in function 'exit'
configure:12732:9: note: include '<stdlib.h>' or provide a declaration of 'exit'
configure:12761: checking for working alloca.h
configure:12773: gcc -o conftest   -O      -D_GNU_SOURCE   conftest.c -Llibs/x86_64-linux-gcc -L/opt/schily/lib -Wl,-R/opt/schily/lib -Wl,-R/opt/schily/lib  1>&5
configure:12794: checking for alloca
configure:12827: gcc -o conftest   -O      -D_GNU_SOURCE   conftest.c -Llibs/x86_64-linux-gcc -L/opt/schily/lib -Wl,-R/opt/schily/lib -Wl,-R/opt/schily/lib  1>&5
configure:12993: checking if quotactl is an ioctl
configure:13006: gcc -o conftest   -O      -D_GNU_SOURCE   conftest.c -Llibs/x86_64-linux-gcc -L/opt/schily/lib -Wl,-R/opt/schily/lib -Wl,-R/opt/schily/lib  1>&5
configure:13000:10: fatal error: sys/fs/ufs_quota.h: No such file or directory
compilation terminated.
configure: failed program was:
#line 12998 "configure"
#include "confdefs.h"
#include <sys/types.h>
#include <sys/fs/ufs_quota.h>
int main() {
struct quotctl q; ioctl(0, Q_QUOTACTL, &q)
; return 0; }
configure:13026: checking for file locking via fcntl
configure:13042: gcc -o conftest   -O      -D_GNU_SOURCE   conftest.c -Llibs/x86_64-linux-gcc -L/opt/schily/lib -Wl,-R/opt/schily/lib -Wl,-R/opt/schily/lib  1>&5
configure:13062: checking for uname
configure:13075: gcc -o conftest   -O      -D_GNU_SOURCE   conftest.c -Llibs/x86_64-linux-gcc -L/opt/schily/lib -Wl,-R/opt/schily/lib -Wl,-R/opt/schily/lib  1>&5
configure:13097: checking for execl
configure:13125: gcc -o conftest   -O      -D_GNU_SOURCE   conftest.c -Llibs/x86_64-linux-gcc -L/opt/schily/lib -Wl,-R/opt/schily/lib -Wl,-R/opt/schily/lib  1>&5
configure:13109:6: warning: conflicting types for built-in function 'execl' [-Wbuiltin-declaration-mismatch]
configure:13151: checking for vfork.h
configure:13186: checking for working vfork
configure:13380: gcc -o conftest   -O      -D_GNU_SOURCE   conftest.c -Llibs/x86_64-linux-gcc -L/opt/schily/lib -Wl,-R/opt/schily/lib -Wl,-R/opt/schily/lib  1>&5
configure: In function 'sparc_address_test':
configure:13284:7: warning: ignoring return value of 'write', declared with attribute warn_unused_result [-Wunused-result]
configure:13408: checking for sys_siglist
configure:13426: gcc -o conftest   -O      -D_GNU_SOURCE   conftest.c -Llibs/x86_64-linux-gcc -L/opt/schily/lib -Wl,-R/opt/schily/lib -Wl,-R/opt/schily/lib  1>&5
configure: In function 'main':
configure:13422:2: warning: implicit declaration of function 'exit' [-Wimplicit-function-declaration]
configure:13422:2: warning: incompatible implicit declaration of built-in function 'exit'
configure:13422:2: note: include '<stdlib.h>' or provide a declaration of 'exit'
configure:13423:1: warning: incompatible implicit declaration of built-in function 'exit'
configure:13423:1: note: include '<stdlib.h>' or provide a declaration of 'exit'
configure:13448: checking for BSD compliant getpgrp
configure:13470: gcc -o conftest   -O      -D_GNU_SOURCE   conftest.c -Llibs/x86_64-linux-gcc -L/opt/schily/lib -Wl,-R/opt/schily/lib -Wl,-R/opt/schily/lib  1>&5
configure: In function 'main':
configure:13464:6: warning: implicit declaration of function 'getpgrp' [-Wimplicit-function-declaration]
configure:13465:38: warning: implicit declaration of function 'getpid' [-Wimplicit-function-declaration]
configure:13466:3: warning: implicit declaration of function 'exit' [-Wimplicit-function-declaration]
configure:13466:3: warning: incompatible implicit declaration of built-in function 'exit'
configure:13466:3: note: include '<stdlib.h>' or provide a declaration of 'exit'
configure:13467:1: warning: incompatible implicit declaration of built-in function 'exit'
configure:13467:1: note: include '<stdlib.h>' or provide a declaration of 'exit'
configure: failed program was:
#line 13456 "configure"
#include "confdefs.h"

int
main()
{ long p;
/*
 * POSIX getpgrp() has void parameter...
 */
	p = getpgrp(-1);
	if (p == getpgrp(1) && p == getpgrp(getpid()))
		exit(1);
exit(0);}
configure:13492: checking for BSD compliant setpgrp
configure:13517: gcc -o conftest   -O      -D_GNU_SOURCE   conftest.c -Llibs/x86_64-linux-gcc -L/opt/schily/lib -Wl,-R/opt/schily/lib -Wl,-R/opt/schily/lib  1>&5
configure: In function 'main':
configure:13512:5: warning: implicit declaration of function 'setpgrp' [-Wimplicit-function-declaration]
configure:13513:2: warning: implicit declaration of function 'exit' [-Wimplicit-function-declaration]
configure:13513:2: warning: incompatible implicit declaration of built-in function 'exit'
configure:13513:2: note: include '<stdlib.h>' or provide a declaration of 'exit'
configure:13514:1: warning: incompatible implicit declaration of built-in function 'exit'
configure:13514:1: note: include '<stdlib.h>' or provide a declaration of 'exit'
configure: failed program was:
#line 13500 "configure"
#include "confdefs.h"

#include <errno.h>
#ifndef	HAVE_ERRNO_DEF
extern	int	errno;
#endif
int
main()
{ errno = 0;
/*
 * Force illegal pid on BSD
 */
if (setpgrp(-1, 100) < 0 && errno == ESRCH)
	exit(0);
exit(1);}
configure:13539: checking for C99 compliant isinf
configure:13556: gcc -o conftest   -O      -D_GNU_SOURCE   conftest.c -Llibs/x86_64-linux-gcc -L/opt/schily/lib -Wl,-R/opt/schily/lib -Wl,-R/opt/schily/lib  1>&5
configure:13576: checking for C99 compliant isnan
configure:13593: gcc -o conftest   -O      -D_GNU_SOURCE   conftest.c -Llibs/x86_64-linux-gcc -L/opt/schily/lib -Wl,-R/opt/schily/lib -Wl,-R/opt/schily/lib  1>&5
configure:13613: checking for sigsetjmp
configure:13628: gcc -o conftest   -O      -D_GNU_SOURCE   conftest.c -Llibs/x86_64-linux-gcc -L/opt/schily/lib -Wl,-R/opt/schily/lib -Wl,-R/opt/schily/lib  1>&5
configure:13648: checking for siglongjmp
configure:13664: gcc -o conftest   -O      -D_GNU_SOURCE   conftest.c -Llibs/x86_64-linux-gcc -L/opt/schily/lib -Wl,-R/opt/schily/lib -Wl,-R/opt/schily/lib  1>&5
configure:13684: checking whether *printf() supports %jd
configure:13705: gcc -o conftest   -O      -D_GNU_SOURCE   conftest.c -Llibs/x86_64-linux-gcc -L/opt/schily/lib -Wl,-R/opt/schily/lib -Wl,-R/opt/schily/lib  1>&5
configure: In function 'main':
configure:13699:1: warning: implicit declaration of function 'sprintf' [-Wimplicit-function-declaration]
configure:13699:1: warning: incompatible implicit declaration of built-in function 'sprintf'
configure:13699:1: note: include '<stdio.h>' or provide a declaration of 'sprintf'
configure:13700:5: warning: implicit declaration of function 'strcmp' [-Wimplicit-function-declaration]
configure:13701:2: warning: implicit declaration of function 'exit' [-Wimplicit-function-declaration]
configure:13701:2: warning: incompatible implicit declaration of built-in function 'exit'
configure:13701:2: note: include '<stdlib.h>' or provide a declaration of 'exit'
configure:13702:1: warning: incompatible implicit declaration of built-in function 'exit'
configure:13702:1: note: include '<stdlib.h>' or provide a declaration of 'exit'
configure:13727: checking whether *printf() supports %zd
configure:13748: gcc -o conftest   -O      -D_GNU_SOURCE   conftest.c -Llibs/x86_64-linux-gcc -L/opt/schily/lib -Wl,-R/opt/schily/lib -Wl,-R/opt/schily/lib  1>&5
configure: In function 'main':
configure:13742:1: warning: implicit declaration of function 'sprintf' [-Wimplicit-function-declaration]
configure:13742:1: warning: incompatible implicit declaration of built-in function 'sprintf'
configure:13742:1: note: include '<stdio.h>' or provide a declaration of 'sprintf'
configure:13743:5: warning: implicit declaration of function 'strcmp' [-Wimplicit-function-declaration]
configure:13744:2: warning: implicit declaration of function 'exit' [-Wimplicit-function-declaration]
configure:13744:2: warning: incompatible implicit declaration of built-in function 'exit'
configure:13744:2: note: include '<stdlib.h>' or provide a declaration of 'exit'
configure:13745:1: warning: incompatible implicit declaration of built-in function 'exit'
configure:13745:1: note: include '<stdlib.h>' or provide a declaration of 'exit'
configure:13770: checking whether *printf() supports %lld
configure:13790: gcc -o conftest   -O      -D_GNU_SOURCE   conftest.c -Llibs/x86_64-linux-gcc -L/opt/schily/lib -Wl,-R/opt/schily/lib -Wl,-R/opt/schily/lib  1>&5
configure: In function 'main':
configure:13784:1: warning: implicit declaration of function 'sprintf' [-Wimplicit-function-declaration]
configure:13784:1: warning: incompatible implicit declaration of built-in function 'sprintf'
configure:13784:1: note: include '<stdio.h>' or provide a declaration of 'sprintf'
configure:13785:5: warning: implicit declaration of function 'strcmp' [-Wimplicit-function-declaration]
configure:13786:2: warning: implicit declaration of function 'exit' [-Wimplicit-function-declaration]
configure:13786:2: warning: incompatible implicit declaration of built-in function 'exit'
configure:13786:2: note: include '<stdlib.h>' or provide a declaration of 'exit'
configure:13787:1: warning: incompatible implicit declaration of built-in function 'exit'
configure:13787:1: note: include '<stdlib.h>' or provide a declaration of 'exit'
configure:13815: checking for stdlib.h
configure:13852: checking return type of signal handlers
configure:13893: checking if realloc() does implement realloc(NULL, size)
configure:13927: gcc -o conftest   -O      -D_GNU_SOURCE   conftest.c -Llibs/x86_64-linux-gcc -L/opt/schily/lib -Wl,-R/opt/schily/lib -Wl,-R/opt/schily/lib  1>&5
configure:13952: checking for stdlib.h
configure:13992: checking for unistd.h
configure:14032: checking for wait.h
configure:14069: checking for sys/wait.h that is POSIX.1 compatible
configure:14111: checking for halfway POSIX compliant waitid()
configure:14184: gcc -o conftest   -O      -D_GNU_SOURCE   conftest.c -Llibs/x86_64-linux-gcc -L/opt/schily/lib -Wl,-R/opt/schily/lib -Wl,-R/opt/schily/lib  1>&5
configure: failed program was:
#line 14119 "configure"
#include "confdefs.h"

#ifdef	HAVE_STDLIB_H
#include <stdlib.h>
#endif
#ifdef	HAVE_UNISTD_H
#include <unistd.h>
#endif
#if	defined(HAVE_WAIT_H)
#	include <wait.h>
#else
#include <sys/wait.h>
#endif
#include <signal.h>
/*
 * Non-standard compliant platforms may need 
 * #include <signal.h> or something similar
 * in addition to the include files above.
 */

int
main()
{
	siginfo_t	si;
	pid_t	pid;
	int	ret;

	if ((pid = fork()) < 0)
		exit(1);
	if (pid == 0) {
		_exit(1234567890);
	}
	ret = waitid(P_PID, pid, &si, WEXITED);
	if (ret < 0)
		exit(1);
	if (pid != si.si_pid)		/* Old Mac OS X has si.si_pid == 0 */
		exit(2);
	if (si.si_code != CLD_EXITED)	/* Old Mac OS X has si.si_code == 0 */
		exit(3);
	if ((si.si_status & 0xFFFF) != (1234567890 & 0xFFFF))
		exit(4);		/* Should deliver more than 8 bits */
					/* Linux only delivers 8 bits */
					/* Mac OS X delivers 24 bits */

	if ((pid = fork()) < 0)
		exit(1);
	if (pid == 0) {
		kill(getpid(), SIGTERM);
		sleep (1);
		_exit(1234567890);
	}
	ret = waitid(P_PID, pid, &si, WEXITED);
	if (ret < 0)
		exit(1);
	if (pid != si.si_pid)		/* Old Mac OS X has si.si_pid == 0 */
		exit(2);
	if (si.si_code != CLD_KILLED)	/* Old Mac OS X has si.si_code == 0 */
		exit(5);
	if (si.si_status != SIGTERM)	/* Mac OS X has si.si_status == 0 */
		exit(6);

	exit(0);
}
configure:14208: checking for access
configure:14236: gcc -o conftest   -O      -D_GNU_SOURCE   conftest.c -Llibs/x86_64-linux-gcc -L/opt/schily/lib -Wl,-R/opt/schily/lib -Wl,-R/opt/schily/lib  1>&5
configure:14208: checking for eaccess
configure:14236: gcc -o conftest   -O      -D_GNU_SOURCE   conftest.c -Llibs/x86_64-linux-gcc -L/opt/schily/lib -Wl,-R/opt/schily/lib -Wl,-R/opt/schily/lib  1>&5
configure:14208: checking for euidaccess
configure:14236: gcc -o conftest   -O      -D_GNU_SOURCE   conftest.c -Llibs/x86_64-linux-gcc -L/opt/schily/lib -Wl,-R/opt/schily/lib -Wl,-R/opt/schily/lib  1>&5
configure:14263: checking for memchr
configure:14291: gcc -o conftest   -O      -D_GNU_SOURCE   conftest.c -Llibs/x86_64-linux-gcc -L/opt/schily/lib -Wl,-R/opt/schily/lib -Wl,-R/opt/schily/lib  1>&5
configure:14275:6: warning: conflicting types for built-in function 'memchr' [-Wbuiltin-declaration-mismatch]
configure:14263: checking for memcmp
configure:14291: gcc -o conftest   -O      -D_GNU_SOURCE   conftest.c -Llibs/x86_64-linux-gcc -L/opt/schily/lib -Wl,-R/opt/schily/lib -Wl,-R/opt/schily/lib  1>&5
configure:14275:6: warning: conflicting types for built-in function 'memcmp' [-Wbuiltin-declaration-mismatch]
configure:14263: checking for memcpy
configure:14291: gcc -o conftest   -O      -D_GNU_SOURCE   conftest.c -Llibs/x86_64-linux-gcc -L/opt/schily/lib -Wl,-R/opt/schily/lib -Wl,-R/opt/schily/lib  1>&5
configure:14275:6: warning: conflicting types for built-in function 'memcpy' [-Wbuiltin-declaration-mismatch]
configure:14263: checking for memccpy
configure:14291: gcc -o conftest   -O      -D_GNU_SOURCE   conftest.c -Llibs/x86_64-linux-gcc -L/opt/schily/lib -Wl,-R/opt/schily/lib -Wl,-R/opt/schily/lib  1>&5
configure:14263: checking for memmove
configure:14291: gcc -o conftest   -O      -D_GNU_SOURCE   conftest.c -Llibs/x86_64-linux-gcc -L/opt/schily/lib -Wl,-R/opt/schily/lib -Wl,-R/opt/schily/lib  1>&5
configure:14275:6: warning: conflicting types for built-in function 'memmove' [-Wbuiltin-declaration-mismatch]
configure:14263: checking for memset
configure:14291: gcc -o conftest   -O      -D_GNU_SOURCE   conftest.c -Llibs/x86_64-linux-gcc -L/opt/schily/lib -Wl,-R/opt/schily/lib -Wl,-R/opt/schily/lib  1>&5
configure:14275:6: warning: conflicting types for built-in function 'memset' [-Wbuiltin-declaration-mismatch]
configure:14318: checking for brk
configure:14346: gcc -o conftest   -O      -D_GNU_SOURCE   conftest.c -Llibs/x86_64-linux-gcc -L/opt/schily/lib -Wl,-R/opt/schily/lib -Wl,-R/opt/schily/lib  1>&5
configure:14318: checking for sbrk
configure:14346: gcc -o conftest   -O      -D_GNU_SOURCE   conftest.c -Llibs/x86_64-linux-gcc -L/opt/schily/lib -Wl,-R/opt/schily/lib -Wl,-R/opt/schily/lib  1>&5
configure:14318: checking for strerror
configure:14346: gcc -o conftest   -O      -D_GNU_SOURCE   conftest.c -Llibs/x86_64-linux-gcc -L/opt/schily/lib -Wl,-R/opt/schily/lib -Wl,-R/opt/schily/lib  1>&5
configure:14318: checking for nice
configure:14346: gcc -o conftest   -O      -D_GNU_SOURCE   conftest.c -Llibs/x86_64-linux-gcc -L/opt/schily/lib -Wl,-R/opt/schily/lib -Wl,-R/opt/schily/lib  1>&5
configure:14318: checking for flock
configure:14346: gcc -o conftest   -O      -D_GNU_SOURCE   conftest.c -Llibs/x86_64-linux-gcc -L/opt/schily/lib -Wl,-R/opt/schily/lib -Wl,-R/opt/schily/lib  1>&5
configure:14318: checking for lockf
configure:14346: gcc -o conftest   -O      -D_GNU_SOURCE   conftest.c -Llibs/x86_64-linux-gcc -L/opt/schily/lib -Wl,-R/opt/schily/lib -Wl,-R/opt/schily/lib  1>&5
configure:14318: checking for fchdir
configure:14346: gcc -o conftest   -O      -D_GNU_SOURCE   conftest.c -Llibs/x86_64-linux-gcc -L/opt/schily/lib -Wl,-R/opt/schily/lib -Wl,-R/opt/schily/lib  1>&5
configure:14318: checking for statvfs
configure:14346: gcc -o conftest   -O      -D_GNU_SOURCE   conftest.c -Llibs/x86_64-linux-gcc -L/opt/schily/lib -Wl,-R/opt/schily/lib -Wl,-R/opt/schily/lib  1>&5
configure:14318: checking for quotactl
configure:14346: gcc -o conftest   -O      -D_GNU_SOURCE   conftest.c -Llibs/x86_64-linux-gcc -L/opt/schily/lib -Wl,-R/opt/schily/lib -Wl,-R/opt/schily/lib  1>&5
configure:14373: checking for realpath
configure:14401: gcc -o conftest   -O      -D_GNU_SOURCE   conftest.c -Llibs/x86_64-linux-gcc -L/opt/schily/lib -Wl,-R/opt/schily/lib -Wl,-R/opt/schily/lib  1>&5
configure:14373: checking for resolvepath
configure:14401: gcc -o conftest   -O      -D_GNU_SOURCE   conftest.c -Llibs/x86_64-linux-gcc -L/opt/schily/lib -Wl,-R/opt/schily/lib -Wl,-R/opt/schily/lib  1>&5
/tmp/cckjal2P.o: In function `main':
conftest.c:(.text+0xa): undefined reference to `resolvepath'
collect2: error: ld returned 1 exit status
configure: failed program was:
#line 14378 "configure"
#include "confdefs.h"
/* System header to define __stub macros and hopefully few prototypes,
    which can conflict with char resolvepath(); below.  */
#include <assert.h>
/* Override any gcc2 internal prototype to avoid an error.  */
/* We use char because int might match the return type of a gcc2
    builtin and then its argument prototype would still apply.  */
char resolvepath();

int main() {

/* The GNU C library defines this for functions which it implements
    to always fail with ENOSYS.  Some functions are actually named
    something starting with __ and the normal name is an alias.  */
#if defined (__stub_resolvepath) || defined (__stub___resolvepath)
choke me
#else
resolvepath();
#endif

; return 0; }
configure:14428: checking for dup
configure:14456: gcc -o conftest   -O      -D_GNU_SOURCE   conftest.c -Llibs/x86_64-linux-gcc -L/opt/schily/lib -Wl,-R/opt/schily/lib -Wl,-R/opt/schily/lib  1>&5
configure:14428: checking for dup2
configure:14456: gcc -o conftest   -O      -D_GNU_SOURCE   conftest.c -Llibs/x86_64-linux-gcc -L/opt/schily/lib -Wl,-R/opt/schily/lib -Wl,-R/opt/schily/lib  1>&5
configure:14483: checking for getcwd
configure:14511: gcc -o conftest   -O      -D_GNU_SOURCE   conftest.c -Llibs/x86_64-linux-gcc -L/opt/schily/lib -Wl,-R/opt/schily/lib -Wl,-R/opt/schily/lib  1>&5
configure:14483: checking for shmat
configure:14511: gcc -o conftest   -O      -D_GNU_SOURCE   conftest.c -Llibs/x86_64-linux-gcc -L/opt/schily/lib -Wl,-R/opt/schily/lib -Wl,-R/opt/schily/lib  1>&5
configure:14483: checking for semget
configure:14511: gcc -o conftest   -O      -D_GNU_SOURCE   conftest.c -Llibs/x86_64-linux-gcc -L/opt/schily/lib -Wl,-R/opt/schily/lib -Wl,-R/opt/schily/lib  1>&5
configure:14538: checking for lstat
configure:14566: gcc -o conftest   -O      -D_GNU_SOURCE   conftest.c -Llibs/x86_64-linux-gcc -L/opt/schily/lib -Wl,-R/opt/schily/lib -Wl,-R/opt/schily/lib  1>&5
configure:14538: checking for readlink
configure:14566: gcc -o conftest   -O      -D_GNU_SOURCE   conftest.c -Llibs/x86_64-linux-gcc -L/opt/schily/lib -Wl,-R/opt/schily/lib -Wl,-R/opt/schily/lib  1>&5
configure:14538: checking for symlink
configure:14566: gcc -o conftest   -O      -D_GNU_SOURCE   conftest.c -Llibs/x86_64-linux-gcc -L/opt/schily/lib -Wl,-R/opt/schily/lib -Wl,-R/opt/schily/lib  1>&5
configure:14538: checking for link
configure:14566: gcc -o conftest   -O      -D_GNU_SOURCE   conftest.c -Llibs/x86_64-linux-gcc -L/opt/schily/lib -Wl,-R/opt/schily/lib -Wl,-R/opt/schily/lib  1>&5
configure:14538: checking for rename
configure:14566: gcc -o conftest   -O      -D_GNU_SOURCE   conftest.c -Llibs/x86_64-linux-gcc -L/opt/schily/lib -Wl,-R/opt/schily/lib -Wl,-R/opt/schily/lib  1>&5
configure:14538: checking for mkfifo
configure:14566: gcc -o conftest   -O      -D_GNU_SOURCE   conftest.c -Llibs/x86_64-linux-gcc -L/opt/schily/lib -Wl,-R/opt/schily/lib -Wl,-R/opt/schily/lib  1>&5
configure:14538: checking for mknod
configure:14566: gcc -o conftest   -O      -D_GNU_SOURCE   conftest.c -Llibs/x86_64-linux-gcc -L/opt/schily/lib -Wl,-R/opt/schily/lib -Wl,-R/opt/schily/lib  1>&5
configure:14593: checking for setreuid
configure:14621: gcc -o conftest   -O      -D_GNU_SOURCE   conftest.c -Llibs/x86_64-linux-gcc -L/opt/schily/lib -Wl,-R/opt/schily/lib -Wl,-R/opt/schily/lib  1>&5
configure:14593: checking for setresuid
configure:14621: gcc -o conftest   -O      -D_GNU_SOURCE   conftest.c -Llibs/x86_64-linux-gcc -L/opt/schily/lib -Wl,-R/opt/schily/lib -Wl,-R/opt/schily/lib  1>&5
configure:14593: checking for seteuid
configure:14621: gcc -o conftest   -O      -D_GNU_SOURCE   conftest.c -Llibs/x86_64-linux-gcc -L/opt/schily/lib -Wl,-R/opt/schily/lib -Wl,-R/opt/schily/lib  1>&5
configure:14593: checking for setuid
configure:14621: gcc -o conftest   -O      -D_GNU_SOURCE   conftest.c -Llibs/x86_64-linux-gcc -L/opt/schily/lib -Wl,-R/opt/schily/lib -Wl,-R/opt/schily/lib  1>&5
configure:14648: checking for setregid
configure:14676: gcc -o conftest   -O      -D_GNU_SOURCE   conftest.c -Llibs/x86_64-linux-gcc -L/opt/schily/lib -Wl,-R/opt/schily/lib -Wl,-R/opt/schily/lib  1>&5
configure:14648: checking for setresgid
configure:14676: gcc -o conftest   -O      -D_GNU_SOURCE   conftest.c -Llibs/x86_64-linux-gcc -L/opt/schily/lib -Wl,-R/opt/schily/lib -Wl,-R/opt/schily/lib  1>&5
configure:14648: checking for setegid
configure:14676: gcc -o conftest   -O      -D_GNU_SOURCE   conftest.c -Llibs/x86_64-linux-gcc -L/opt/schily/lib -Wl,-R/opt/schily/lib -Wl,-R/opt/schily/lib  1>&5
configure:14648: checking for setgid
configure:14676: gcc -o conftest   -O      -D_GNU_SOURCE   conftest.c -Llibs/x86_64-linux-gcc -L/opt/schily/lib -Wl,-R/opt/schily/lib -Wl,-R/opt/schily/lib  1>&5
configure:14703: checking for getuid
configure:14731: gcc -o conftest   -O      -D_GNU_SOURCE   conftest.c -Llibs/x86_64-linux-gcc -L/opt/schily/lib -Wl,-R/opt/schily/lib -Wl,-R/opt/schily/lib  1>&5
configure:14703: checking for geteuid
configure:14731: gcc -o conftest   -O      -D_GNU_SOURCE   conftest.c -Llibs/x86_64-linux-gcc -L/opt/schily/lib -Wl,-R/opt/schily/lib -Wl,-R/opt/schily/lib  1>&5
configure:14703: checking for getgid
configure:14731: gcc -o conftest   -O      -D_GNU_SOURCE   conftest.c -Llibs/x86_64-linux-gcc -L/opt/schily/lib -Wl,-R/opt/schily/lib -Wl,-R/opt/schily/lib  1>&5
configure:14703: checking for getegid
configure:14731: gcc -o conftest   -O      -D_GNU_SOURCE   conftest.c -Llibs/x86_64-linux-gcc -L/opt/schily/lib -Wl,-R/opt/schily/lib -Wl,-R/opt/schily/lib  1>&5
configure:14758: checking for getpid
configure:14786: gcc -o conftest   -O      -D_GNU_SOURCE   conftest.c -Llibs/x86_64-linux-gcc -L/opt/schily/lib -Wl,-R/opt/schily/lib -Wl,-R/opt/schily/lib  1>&5
configure:14758: checking for getppid
configure:14786: gcc -o conftest   -O      -D_GNU_SOURCE   conftest.c -Llibs/x86_64-linux-gcc -L/opt/schily/lib -Wl,-R/opt/schily/lib -Wl,-R/opt/schily/lib  1>&5
configure:14813: checking for getpgid
configure:14841: gcc -o conftest   -O      -D_GNU_SOURCE   conftest.c -Llibs/x86_64-linux-gcc -L/opt/schily/lib -Wl,-R/opt/schily/lib -Wl,-R/opt/schily/lib  1>&5
configure:14813: checking for setpgid
configure:14841: gcc -o conftest   -O      -D_GNU_SOURCE   conftest.c -Llibs/x86_64-linux-gcc -L/opt/schily/lib -Wl,-R/opt/schily/lib -Wl,-R/opt/schily/lib  1>&5
configure:14813: checking for getsid
configure:14841: gcc -o conftest   -O      -D_GNU_SOURCE   conftest.c -Llibs/x86_64-linux-gcc -L/opt/schily/lib -Wl,-R/opt/schily/lib -Wl,-R/opt/schily/lib  1>&5
configure:14813: checking for setsid
configure:14841: gcc -o conftest   -O      -D_GNU_SOURCE   conftest.c -Llibs/x86_64-linux-gcc -L/opt/schily/lib -Wl,-R/opt/schily/lib -Wl,-R/opt/schily/lib  1>&5
configure:14868: checking for getpgrp
configure:14896: gcc -o conftest   -O      -D_GNU_SOURCE   conftest.c -Llibs/x86_64-linux-gcc -L/opt/schily/lib -Wl,-R/opt/schily/lib -Wl,-R/opt/schily/lib  1>&5
configure:14868: checking for setpgrp
configure:14896: gcc -o conftest   -O      -D_GNU_SOURCE   conftest.c -Llibs/x86_64-linux-gcc -L/opt/schily/lib -Wl,-R/opt/schily/lib -Wl,-R/opt/schily/lib  1>&5
configure:14923: checking for getpwnam
configure:14951: gcc -o conftest   -O      -D_GNU_SOURCE   conftest.c -Llibs/x86_64-linux-gcc -L/opt/schily/lib -Wl,-R/opt/schily/lib -Wl,-R/opt/schily/lib  1>&5
configure:14923: checking for getpwent
configure:14951: gcc -o conftest   -O      -D_GNU_SOURCE   conftest.c -Llibs/x86_64-linux-gcc -L/opt/schily/lib -Wl,-R/opt/schily/lib -Wl,-R/opt/schily/lib  1>&5
configure:14923: checking for getpwuid
configure:14951: gcc -o conftest   -O      -D_GNU_SOURCE   conftest.c -Llibs/x86_64-linux-gcc -L/opt/schily/lib -Wl,-R/opt/schily/lib -Wl,-R/opt/schily/lib  1>&5
configure:14923: checking for setpwent
configure:14951: gcc -o conftest   -O      -D_GNU_SOURCE   conftest.c -Llibs/x86_64-linux-gcc -L/opt/schily/lib -Wl,-R/opt/schily/lib -Wl,-R/opt/schily/lib  1>&5
configure:14923: checking for endpwent
configure:14951: gcc -o conftest   -O      -D_GNU_SOURCE   conftest.c -Llibs/x86_64-linux-gcc -L/opt/schily/lib -Wl,-R/opt/schily/lib -Wl,-R/opt/schily/lib  1>&5
configure:14978: checking for getgrnam
configure:15006: gcc -o conftest   -O      -D_GNU_SOURCE   conftest.c -Llibs/x86_64-linux-gcc -L/opt/schily/lib -Wl,-R/opt/schily/lib -Wl,-R/opt/schily/lib  1>&5
configure:14978: checking for getgrent
configure:15006: gcc -o conftest   -O      -D_GNU_SOURCE   conftest.c -Llibs/x86_64-linux-gcc -L/opt/schily/lib -Wl,-R/opt/schily/lib -Wl,-R/opt/schily/lib  1>&5
configure:14978: checking for getgrgid
configure:15006: gcc -o conftest   -O      -D_GNU_SOURCE   conftest.c -Llibs/x86_64-linux-gcc -L/opt/schily/lib -Wl,-R/opt/schily/lib -Wl,-R/opt/schily/lib  1>&5
configure:14978: checking for setgrent
configure:15006: gcc -o conftest   -O      -D_GNU_SOURCE   conftest.c -Llibs/x86_64-linux-gcc -L/opt/schily/lib -Wl,-R/opt/schily/lib -Wl,-R/opt/schily/lib  1>&5
configure:14978: checking for endgrent
configure:15006: gcc -o conftest   -O      -D_GNU_SOURCE   conftest.c -Llibs/x86_64-linux-gcc -L/opt/schily/lib -Wl,-R/opt/schily/lib -Wl,-R/opt/schily/lib  1>&5
configure:15033: checking for getspnam
configure:15061: gcc -o conftest   -O      -D_GNU_SOURCE   conftest.c -Llibs/x86_64-linux-gcc -L/opt/schily/lib -Wl,-R/opt/schily/lib -Wl,-R/opt/schily/lib  1>&5
configure:15033: checking for getspwnam
configure:15061: gcc -o conftest   -O      -D_GNU_SOURCE   conftest.c -Llibs/x86_64-linux-gcc -L/opt/schily/lib -Wl,-R/opt/schily/lib -Wl,-R/opt/schily/lib  1>&5
/tmp/ccST68PA.o: In function `main':
conftest.c:(.text+0xa): undefined reference to `getspwnam'
collect2: error: ld returned 1 exit status
configure: failed program was:
#line 15038 "configure"
#include "confdefs.h"
/* System header to define __stub macros and hopefully few prototypes,
    which can conflict with char getspwnam(); below.  */
#include <assert.h>
/* Override any gcc2 internal prototype to avoid an error.  */
/* We use char because int might match the return type of a gcc2
    builtin and then its argument prototype would still apply.  */
char getspwnam();

int main() {

/* The GNU C library defines this for functions which it implements
    to always fail with ENOSYS.  Some functions are actually named
    something starting with __ and the normal name is an alias.  */
#if defined (__stub_getspwnam) || defined (__stub___getspwnam)
choke me
#else
getspwnam();
#endif

; return 0; }
configure:15088: checking for getlogin
configure:15116: gcc -o conftest   -O      -D_GNU_SOURCE   conftest.c -Llibs/x86_64-linux-gcc -L/opt/schily/lib -Wl,-R/opt/schily/lib -Wl,-R/opt/schily/lib  1>&5
configure:15143: checking for sync
configure:15171: gcc -o conftest   -O      -D_GNU_SOURCE   conftest.c -Llibs/x86_64-linux-gcc -L/opt/schily/lib -Wl,-R/opt/schily/lib -Wl,-R/opt/schily/lib  1>&5
configure:15143: checking for fsync
configure:15171: gcc -o conftest   -O      -D_GNU_SOURCE   conftest.c -Llibs/x86_64-linux-gcc -L/opt/schily/lib -Wl,-R/opt/schily/lib -Wl,-R/opt/schily/lib  1>&5
configure:15143: checking for fork
configure:15171: gcc -o conftest   -O      -D_GNU_SOURCE   conftest.c -Llibs/x86_64-linux-gcc -L/opt/schily/lib -Wl,-R/opt/schily/lib -Wl,-R/opt/schily/lib  1>&5
configure:15155:6: warning: conflicting types for built-in function 'fork' [-Wbuiltin-declaration-mismatch]
configure:15143: checking for forkx
configure:15171: gcc -o conftest   -O      -D_GNU_SOURCE   conftest.c -Llibs/x86_64-linux-gcc -L/opt/schily/lib -Wl,-R/opt/schily/lib -Wl,-R/opt/schily/lib  1>&5
/tmp/ccdYVKYQ.o: In function `main':
conftest.c:(.text+0xa): undefined reference to `forkx'
collect2: error: ld returned 1 exit status
configure: failed program was:
#line 15148 "configure"
#include "confdefs.h"
/* System header to define __stub macros and hopefully few prototypes,
    which can conflict with char forkx(); below.  */
#include <assert.h>
/* Override any gcc2 internal prototype to avoid an error.  */
/* We use char because int might match the return type of a gcc2
    builtin and then its argument prototype would still apply.  */
char forkx();

int main() {

/* The GNU C library defines this for functions which it implements
    to always fail with ENOSYS.  Some functions are actually named
    something starting with __ and the normal name is an alias.  */
#if defined (__stub_forkx) || defined (__stub___forkx)
choke me
#else
forkx();
#endif

; return 0; }
configure:15143: checking for vforkx
configure:15171: gcc -o conftest   -O      -D_GNU_SOURCE   conftest.c -Llibs/x86_64-linux-gcc -L/opt/schily/lib -Wl,-R/opt/schily/lib -Wl,-R/opt/schily/lib  1>&5
/tmp/cccnNJlT.o: In function `main':
conftest.c:(.text+0xa): undefined reference to `vforkx'
collect2: error: ld returned 1 exit status
configure: failed program was:
#line 15148 "configure"
#include "confdefs.h"
/* System header to define __stub macros and hopefully few prototypes,
    which can conflict with char vforkx(); below.  */
#include <assert.h>
/* Override any gcc2 internal prototype to avoid an error.  */
/* We use char because int might match the return type of a gcc2
    builtin and then its argument prototype would still apply.  */
char vforkx();

int main() {

/* The GNU C library defines this for functions which it implements
    to always fail with ENOSYS.  Some functions are actually named
    something starting with __ and the normal name is an alias.  */
#if defined (__stub_vforkx) || defined (__stub___vforkx)
choke me
#else
vforkx();
#endif

; return 0; }
configure:15143: checking for forkall
configure:15171: gcc -o conftest   -O      -D_GNU_SOURCE   conftest.c -Llibs/x86_64-linux-gcc -L/opt/schily/lib -Wl,-R/opt/schily/lib -Wl,-R/opt/schily/lib  1>&5
/tmp/ccLTtVLV.o: In function `main':
conftest.c:(.text+0xa): undefined reference to `forkall'
collect2: error: ld returned 1 exit status
configure: failed program was:
#line 15148 "configure"
#include "confdefs.h"
/* System header to define __stub macros and hopefully few prototypes,
    which can conflict with char forkall(); below.  */
#include <assert.h>
/* Override any gcc2 internal prototype to avoid an error.  */
/* We use char because int might match the return type of a gcc2
    builtin and then its argument prototype would still apply.  */
char forkall();

int main() {

/* The GNU C library defines this for functions which it implements
    to always fail with ENOSYS.  Some functions are actually named
    something starting with __ and the normal name is an alias.  */
#if defined (__stub_forkall) || defined (__stub___forkall)
choke me
#else
forkall();
#endif

; return 0; }
configure:15143: checking for forkallx
configure:15171: gcc -o conftest   -O      -D_GNU_SOURCE   conftest.c -Llibs/x86_64-linux-gcc -L/opt/schily/lib -Wl,-R/opt/schily/lib -Wl,-R/opt/schily/lib  1>&5
/tmp/ccpJGD8X.o: In function `main':
conftest.c:(.text+0xa): undefined reference to `forkallx'
collect2: error: ld returned 1 exit status
configure: failed program was:
#line 15148 "configure"
#include "confdefs.h"
/* System header to define __stub macros and hopefully few prototypes,
    which can conflict with char forkallx(); below.  */
#include <assert.h>
/* Override any gcc2 internal prototype to avoid an error.  */
/* We use char because int might match the return type of a gcc2
    builtin and then its argument prototype would still apply.  */
char forkallx();

int main() {

/* The GNU C library defines this for functions which it implements
    to always fail with ENOSYS.  Some functions are actually named
    something starting with __ and the normal name is an alias.  */
#if defined (__stub_forkallx) || defined (__stub___forkallx)
choke me
#else
forkallx();
#endif

; return 0; }
configure:15143: checking for wait
configure:15171: gcc -o conftest   -O      -D_GNU_SOURCE   conftest.c -Llibs/x86_64-linux-gcc -L/opt/schily/lib -Wl,-R/opt/schily/lib -Wl,-R/opt/schily/lib  1>&5
configure:15143: checking for wait4
configure:15171: gcc -o conftest   -O      -D_GNU_SOURCE   conftest.c -Llibs/x86_64-linux-gcc -L/opt/schily/lib -Wl,-R/opt/schily/lib -Wl,-R/opt/schily/lib  1>&5
configure:15143: checking for wait6
configure:15171: gcc -o conftest   -O      -D_GNU_SOURCE   conftest.c -Llibs/x86_64-linux-gcc -L/opt/schily/lib -Wl,-R/opt/schily/lib -Wl,-R/opt/schily/lib  1>&5
/tmp/ccwPeXMW.o: In function `main':
conftest.c:(.text+0xa): undefined reference to `wait6'
collect2: error: ld returned 1 exit status
configure: failed program was:
#line 15148 "configure"
#include "confdefs.h"
/* System header to define __stub macros and hopefully few prototypes,
    which can conflict with char wait6(); below.  */
#include <assert.h>
/* Override any gcc2 internal prototype to avoid an error.  */
/* We use char because int might match the return type of a gcc2
    builtin and then its argument prototype would still apply.  */
char wait6();

int main() {

/* The GNU C library defines this for functions which it implements
    to always fail with ENOSYS.  Some functions are actually named
    something starting with __ and the normal name is an alias.  */
#if defined (__stub_wait6) || defined (__stub___wait6)
choke me
#else
wait6();
#endif

; return 0; }
configure:15143: checking for waitpid
configure:15171: gcc -o conftest   -O      -D_GNU_SOURCE   conftest.c -Llibs/x86_64-linux-gcc -L/opt/schily/lib -Wl,-R/opt/schily/lib -Wl,-R/opt/schily/lib  1>&5
configure:15143: checking for getrusage
configure:15171: gcc -o conftest   -O      -D_GNU_SOURCE   conftest.c -Llibs/x86_64-linux-gcc -L/opt/schily/lib -Wl,-R/opt/schily/lib -Wl,-R/opt/schily/lib  1>&5
configure:15143: checking for getrlimit
configure:15171: gcc -o conftest   -O      -D_GNU_SOURCE   conftest.c -Llibs/x86_64-linux-gcc -L/opt/schily/lib -Wl,-R/opt/schily/lib -Wl,-R/opt/schily/lib  1>&5
configure:15143: checking for setrlimit
configure:15171: gcc -o conftest   -O      -D_GNU_SOURCE   conftest.c -Llibs/x86_64-linux-gcc -L/opt/schily/lib -Wl,-R/opt/schily/lib -Wl,-R/opt/schily/lib  1>&5
configure:15143: checking for ulimit
configure:15171: gcc -o conftest   -O      -D_GNU_SOURCE   conftest.c -Llibs/x86_64-linux-gcc -L/opt/schily/lib -Wl,-R/opt/schily/lib -Wl,-R/opt/schily/lib  1>&5
configure:15198: checking for execl
configure:15198: checking for execle
configure:15226: gcc -o conftest   -O      -D_GNU_SOURCE   conftest.c -Llibs/x86_64-linux-gcc -L/opt/schily/lib -Wl,-R/opt/schily/lib -Wl,-R/opt/schily/lib  1>&5
configure:15210:6: warning: conflicting types for built-in function 'execle' [-Wbuiltin-declaration-mismatch]
configure:15198: checking for execlp
configure:15226: gcc -o conftest   -O      -D_GNU_SOURCE   conftest.c -Llibs/x86_64-linux-gcc -L/opt/schily/lib -Wl,-R/opt/schily/lib -Wl,-R/opt/schily/lib  1>&5
configure:15210:6: warning: conflicting types for built-in function 'execlp' [-Wbuiltin-declaration-mismatch]
configure:15198: checking for execv
configure:15226: gcc -o conftest   -O      -D_GNU_SOURCE   conftest.c -Llibs/x86_64-linux-gcc -L/opt/schily/lib -Wl,-R/opt/schily/lib -Wl,-R/opt/schily/lib  1>&5
configure:15210:6: warning: conflicting types for built-in function 'execv' [-Wbuiltin-declaration-mismatch]
configure:15198: checking for execve
configure:15226: gcc -o conftest   -O      -D_GNU_SOURCE   conftest.c -Llibs/x86_64-linux-gcc -L/opt/schily/lib -Wl,-R/opt/schily/lib -Wl,-R/opt/schily/lib  1>&5
configure:15210:6: warning: conflicting types for built-in function 'execve' [-Wbuiltin-declaration-mismatch]
configure:15198: checking for execvp
configure:15226: gcc -o conftest   -O      -D_GNU_SOURCE   conftest.c -Llibs/x86_64-linux-gcc -L/opt/schily/lib -Wl,-R/opt/schily/lib -Wl,-R/opt/schily/lib  1>&5
configure:15210:6: warning: conflicting types for built-in function 'execvp' [-Wbuiltin-declaration-mismatch]
configure:15253: checking for spawnl
configure:15281: gcc -o conftest   -O      -D_GNU_SOURCE   conftest.c -Llibs/x86_64-linux-gcc -L/opt/schily/lib -Wl,-R/opt/schily/lib -Wl,-R/opt/schily/lib  1>&5
/tmp/cccP2q5t.o: In function `main':
conftest.c:(.text+0xa): undefined reference to `spawnl'
collect2: error: ld returned 1 exit status
configure: failed program was:
#line 15258 "configure"
#include "confdefs.h"
/* System header to define __stub macros and hopefully few prototypes,
    which can conflict with char spawnl(); below.  */
#include <assert.h>
/* Override any gcc2 internal prototype to avoid an error.  */
/* We use char because int might match the return type of a gcc2
    builtin and then its argument prototype would still apply.  */
char spawnl();

int main() {

/* The GNU C library defines this for functions which it implements
    to always fail with ENOSYS.  Some functions are actually named
    something starting with __ and the normal name is an alias.  */
#if defined (__stub_spawnl) || defined (__stub___spawnl)
choke me
#else
spawnl();
#endif

; return 0; }
configure:15253: checking for spawnle
configure:15281: gcc -o conftest   -O      -D_GNU_SOURCE   conftest.c -Llibs/x86_64-linux-gcc -L/opt/schily/lib -Wl,-R/opt/schily/lib -Wl,-R/opt/schily/lib  1>&5
/tmp/cccrHFyw.o: In function `main':
conftest.c:(.text+0xa): undefined reference to `spawnle'
collect2: error: ld returned 1 exit status
configure: failed program was:
#line 15258 "configure"
#include "confdefs.h"
/* System header to define __stub macros and hopefully few prototypes,
    which can conflict with char spawnle(); below.  */
#include <assert.h>
/* Override any gcc2 internal prototype to avoid an error.  */
/* We use char because int might match the return type of a gcc2
    builtin and then its argument prototype would still apply.  */
char spawnle();

int main() {

/* The GNU C library defines this for functions which it implements
    to always fail with ENOSYS.  Some functions are actually named
    something starting with __ and the normal name is an alias.  */
#if defined (__stub_spawnle) || defined (__stub___spawnle)
choke me
#else
spawnle();
#endif

; return 0; }
configure:15253: checking for spawnlp
configure:15281: gcc -o conftest   -O      -D_GNU_SOURCE   conftest.c -Llibs/x86_64-linux-gcc -L/opt/schily/lib -Wl,-R/opt/schily/lib -Wl,-R/opt/schily/lib  1>&5
/tmp/cc82q0Yy.o: In function `main':
conftest.c:(.text+0xa): undefined reference to `spawnlp'
collect2: error: ld returned 1 exit status
configure: failed program was:
#line 15258 "configure"
#include "confdefs.h"
/* System header to define __stub macros and hopefully few prototypes,
    which can conflict with char spawnlp(); below.  */
#include <assert.h>
/* Override any gcc2 internal prototype to avoid an error.  */
/* We use char because int might match the return type of a gcc2
    builtin and then its argument prototype would still apply.  */
char spawnlp();

int main() {

/* The GNU C library defines this for functions which it implements
    to always fail with ENOSYS.  Some functions are actually named
    something starting with __ and the normal name is an alias.  */
#if defined (__stub_spawnlp) || defined (__stub___spawnlp)
choke me
#else
spawnlp();
#endif

; return 0; }
configure:15253: checking for spawnlpe
configure:15281: gcc -o conftest   -O      -D_GNU_SOURCE   conftest.c -Llibs/x86_64-linux-gcc -L/opt/schily/lib -Wl,-R/opt/schily/lib -Wl,-R/opt/schily/lib  1>&5
/tmp/ccyuwriB.o: In function `main':
conftest.c:(.text+0xa): undefined reference to `spawnlpe'
collect2: error: ld returned 1 exit status
configure: failed program was:
#line 15258 "configure"
#include "confdefs.h"
/* System header to define __stub macros and hopefully few prototypes,
    which can conflict with char spawnlpe(); below.  */
#include <assert.h>
/* Override any gcc2 internal prototype to avoid an error.  */
/* We use char because int might match the return type of a gcc2
    builtin and then its argument prototype would still apply.  */
char spawnlpe();

int main() {

/* The GNU C library defines this for functions which it implements
    to always fail with ENOSYS.  Some functions are actually named
    something starting with __ and the normal name is an alias.  */
#if defined (__stub_spawnlpe) || defined (__stub___spawnlpe)
choke me
#else
spawnlpe();
#endif

; return 0; }
configure:15308: checking for spawnv
configure:15336: gcc -o conftest   -O      -D_GNU_SOURCE   conftest.c -Llibs/x86_64-linux-gcc -L/opt/schily/lib -Wl,-R/opt/schily/lib -Wl,-R/opt/schily/lib  1>&5
/tmp/ccnhbmLD.o: In function `main':
conftest.c:(.text+0xa): undefined reference to `spawnv'
collect2: error: ld returned 1 exit status
configure: failed program was:
#line 15313 "configure"
#include "confdefs.h"
/* System header to define __stub macros and hopefully few prototypes,
    which can conflict with char spawnv(); below.  */
#include <assert.h>
/* Override any gcc2 internal prototype to avoid an error.  */
/* We use char because int might match the return type of a gcc2
    builtin and then its argument prototype would still apply.  */
char spawnv();

int main() {

/* The GNU C library defines this for functions which it implements
    to always fail with ENOSYS.  Some functions are actually named
    something starting with __ and the normal name is an alias.  */
#if defined (__stub_spawnv) || defined (__stub___spawnv)
choke me
#else
spawnv();
#endif

; return 0; }
configure:15308: checking for spawnve
configure:15336: gcc -o conftest   -O      -D_GNU_SOURCE   conftest.c -Llibs/x86_64-linux-gcc -L/opt/schily/lib -Wl,-R/opt/schily/lib -Wl,-R/opt/schily/lib  1>&5
/tmp/ccVWhshG.o: In function `main':
conftest.c:(.text+0xa): undefined reference to `spawnve'
collect2: error: ld returned 1 exit status
configure: failed program was:
#line 15313 "configure"
#include "confdefs.h"
/* System header to define __stub macros and hopefully few prototypes,
    which can conflict with char spawnve(); below.  */
#include <assert.h>
/* Override any gcc2 internal prototype to avoid an error.  */
/* We use char because int might match the return type of a gcc2
    builtin and then its argument prototype would still apply.  */
char spawnve();

int main() {

/* The GNU C library defines this for functions which it implements
    to always fail with ENOSYS.  Some functions are actually named
    something starting with __ and the normal name is an alias.  */
#if defined (__stub_spawnve) || defined (__stub___spawnve)
choke me
#else
spawnve();
#endif

; return 0; }
configure:15308: checking for spawnvp
configure:15336: gcc -o conftest   -O      -D_GNU_SOURCE   conftest.c -Llibs/x86_64-linux-gcc -L/opt/schily/lib -Wl,-R/opt/schily/lib -Wl,-R/opt/schily/lib  1>&5
/tmp/cc3147EI.o: In function `main':
conftest.c:(.text+0xa): undefined reference to `spawnvp'
collect2: error: ld returned 1 exit status
configure: failed program was:
#line 15313 "configure"
#include "confdefs.h"
/* System header to define __stub macros and hopefully few prototypes,
    which can conflict with char spawnvp(); below.  */
#include <assert.h>
/* Override any gcc2 internal prototype to avoid an error.  */
/* We use char because int might match the return type of a gcc2
    builtin and then its argument prototype would still apply.  */
char spawnvp();

int main() {

/* The GNU C library defines this for functions which it implements
    to always fail with ENOSYS.  Some functions are actually named
    something starting with __ and the normal name is an alias.  */
#if defined (__stub_spawnvp) || defined (__stub___spawnvp)
choke me
#else
spawnvp();
#endif

; return 0; }
configure:15308: checking for spawnvpe
configure:15336: gcc -o conftest   -O      -D_GNU_SOURCE   conftest.c -Llibs/x86_64-linux-gcc -L/opt/schily/lib -Wl,-R/opt/schily/lib -Wl,-R/opt/schily/lib  1>&5
/tmp/ccEt8b3K.o: In function `main':
conftest.c:(.text+0xa): undefined reference to `spawnvpe'
collect2: error: ld returned 1 exit status
configure: failed program was:
#line 15313 "configure"
#include "confdefs.h"
/* System header to define __stub macros and hopefully few prototypes,
    which can conflict with char spawnvpe(); below.  */
#include <assert.h>
/* Override any gcc2 internal prototype to avoid an error.  */
/* We use char because int might match the return type of a gcc2
    builtin and then its argument prototype would still apply.  */
char spawnvpe();

int main() {

/* The GNU C library defines this for functions which it implements
    to always fail with ENOSYS.  Some functions are actually named
    something starting with __ and the normal name is an alias.  */
#if defined (__stub_spawnvpe) || defined (__stub___spawnvpe)
choke me
#else
spawnvpe();
#endif

; return 0; }
configure:15363: checking for cwait
configure:15391: gcc -o conftest   -O      -D_GNU_SOURCE   conftest.c -Llibs/x86_64-linux-gcc -L/opt/schily/lib -Wl,-R/opt/schily/lib -Wl,-R/opt/schily/lib  1>&5
/tmp/cc6T01jM.o: In function `main':
conftest.c:(.text+0xa): undefined reference to `cwait'
collect2: error: ld returned 1 exit status
configure: failed program was:
#line 15368 "configure"
#include "confdefs.h"
/* System header to define __stub macros and hopefully few prototypes,
    which can conflict with char cwait(); below.  */
#include <assert.h>
/* Override any gcc2 internal prototype to avoid an error.  */
/* We use char because int might match the return type of a gcc2
    builtin and then its argument prototype would still apply.  */
char cwait();

int main() {

/* The GNU C library defines this for functions which it implements
    to always fail with ENOSYS.  Some functions are actually named
    something starting with __ and the normal name is an alias.  */
#if defined (__stub_cwait) || defined (__stub___cwait)
choke me
#else
cwait();
#endif

; return 0; }
configure:15418: checking for getexecname
configure:15446: gcc -o conftest   -O      -D_GNU_SOURCE   conftest.c -Llibs/x86_64-linux-gcc -L/opt/schily/lib -Wl,-R/opt/schily/lib -Wl,-R/opt/schily/lib  1>&5
/tmp/ccTpWwOO.o: In function `main':
conftest.c:(.text+0xa): undefined reference to `getexecname'
collect2: error: ld returned 1 exit status
configure: failed program was:
#line 15423 "configure"
#include "confdefs.h"
/* System header to define __stub macros and hopefully few prototypes,
    which can conflict with char getexecname(); below.  */
#include <assert.h>
/* Override any gcc2 internal prototype to avoid an error.  */
/* We use char because int might match the return type of a gcc2
    builtin and then its argument prototype would still apply.  */
char getexecname();

int main() {

/* The GNU C library defines this for functions which it implements
    to always fail with ENOSYS.  Some functions are actually named
    something starting with __ and the normal name is an alias.  */
#if defined (__stub_getexecname) || defined (__stub___getexecname)
choke me
#else
getexecname();
#endif

; return 0; }
configure:15473: checking for getprogname
configure:15501: gcc -o conftest   -O      -D_GNU_SOURCE   conftest.c -Llibs/x86_64-linux-gcc -L/opt/schily/lib -Wl,-R/opt/schily/lib -Wl,-R/opt/schily/lib  1>&5
/tmp/ccvolciR.o: In function `main':
conftest.c:(.text+0xa): undefined reference to `getprogname'
collect2: error: ld returned 1 exit status
configure: failed program was:
#line 15478 "configure"
#include "confdefs.h"
/* System header to define __stub macros and hopefully few prototypes,
    which can conflict with char getprogname(); below.  */
#include <assert.h>
/* Override any gcc2 internal prototype to avoid an error.  */
/* We use char because int might match the return type of a gcc2
    builtin and then its argument prototype would still apply.  */
char getprogname();

int main() {

/* The GNU C library defines this for functions which it implements
    to always fail with ENOSYS.  Some functions are actually named
    something starting with __ and the normal name is an alias.  */
#if defined (__stub_getprogname) || defined (__stub___getprogname)
choke me
#else
getprogname();
#endif

; return 0; }
configure:15473: checking for setprogname
configure:15501: gcc -o conftest   -O      -D_GNU_SOURCE   conftest.c -Llibs/x86_64-linux-gcc -L/opt/schily/lib -Wl,-R/opt/schily/lib -Wl,-R/opt/schily/lib  1>&5
/tmp/ccOTjXKT.o: In function `main':
conftest.c:(.text+0xa): undefined reference to `setprogname'
collect2: error: ld returned 1 exit status
configure: failed program was:
#line 15478 "configure"
#include "confdefs.h"
/* System header to define __stub macros and hopefully few prototypes,
    which can conflict with char setprogname(); below.  */
#include <assert.h>
/* Override any gcc2 internal prototype to avoid an error.  */
/* We use char because int might match the return type of a gcc2
    builtin and then its argument prototype would still apply.  */
char setprogname();

int main() {

/* The GNU C library defines this for functions which it implements
    to always fail with ENOSYS.  Some functions are actually named
    something starting with __ and the normal name is an alias.  */
#if defined (__stub_setprogname) || defined (__stub___setprogname)
choke me
#else
setprogname();
#endif

; return 0; }
configure:15528: checking for proc_pidpath
configure:15556: gcc -o conftest   -O      -D_GNU_SOURCE   conftest.c -Llibs/x86_64-linux-gcc -L/opt/schily/lib -Wl,-R/opt/schily/lib -Wl,-R/opt/schily/lib  1>&5
/tmp/ccZsBTcW.o: In function `main':
conftest.c:(.text+0xa): undefined reference to `proc_pidpath'
collect2: error: ld returned 1 exit status
configure: failed program was:
#line 15533 "configure"
#include "confdefs.h"
/* System header to define __stub macros and hopefully few prototypes,
    which can conflict with char proc_pidpath(); below.  */
#include <assert.h>
/* Override any gcc2 internal prototype to avoid an error.  */
/* We use char because int might match the return type of a gcc2
    builtin and then its argument prototype would still apply.  */
char proc_pidpath();

int main() {

/* The GNU C library defines this for functions which it implements
    to always fail with ENOSYS.  Some functions are actually named
    something starting with __ and the normal name is an alias.  */
#if defined (__stub_proc_pidpath) || defined (__stub___proc_pidpath)
choke me
#else
proc_pidpath();
#endif

; return 0; }
configure:15583: checking for getloadavg
configure:15611: gcc -o conftest   -O      -D_GNU_SOURCE   conftest.c -Llibs/x86_64-linux-gcc -L/opt/schily/lib -Wl,-R/opt/schily/lib -Wl,-R/opt/schily/lib  1>&5
configure:15638: checking for gethostid
configure:15666: gcc -o conftest   -O      -D_GNU_SOURCE   conftest.c -Llibs/x86_64-linux-gcc -L/opt/schily/lib -Wl,-R/opt/schily/lib -Wl,-R/opt/schily/lib  1>&5
configure:15638: checking for gethostname
configure:15666: gcc -o conftest   -O      -D_GNU_SOURCE   conftest.c -Llibs/x86_64-linux-gcc -L/opt/schily/lib -Wl,-R/opt/schily/lib -Wl,-R/opt/schily/lib  1>&5
configure:15638: checking for getdomainname
configure:15666: gcc -o conftest   -O      -D_GNU_SOURCE   conftest.c -Llibs/x86_64-linux-gcc -L/opt/schily/lib -Wl,-R/opt/schily/lib -Wl,-R/opt/schily/lib  1>&5
configure:15638: checking for getdtablesize
configure:15666: gcc -o conftest   -O      -D_GNU_SOURCE   conftest.c -Llibs/x86_64-linux-gcc -L/opt/schily/lib -Wl,-R/opt/schily/lib -Wl,-R/opt/schily/lib  1>&5
configure:15693: checking for gettimeofday
configure:15721: gcc -o conftest   -O      -D_GNU_SOURCE   conftest.c -Llibs/x86_64-linux-gcc -L/opt/schily/lib -Wl,-R/opt/schily/lib -Wl,-R/opt/schily/lib  1>&5
configure:15693: checking for settimeofday
configure:15721: gcc -o conftest   -O      -D_GNU_SOURCE   conftest.c -Llibs/x86_64-linux-gcc -L/opt/schily/lib -Wl,-R/opt/schily/lib -Wl,-R/opt/schily/lib  1>&5
configure:15693: checking for time
configure:15721: gcc -o conftest   -O      -D_GNU_SOURCE   conftest.c -Llibs/x86_64-linux-gcc -L/opt/schily/lib -Wl,-R/opt/schily/lib -Wl,-R/opt/schily/lib  1>&5
configure:15693: checking for stime
configure:15721: gcc -o conftest   -O      -D_GNU_SOURCE   conftest.c -Llibs/x86_64-linux-gcc -L/opt/schily/lib -Wl,-R/opt/schily/lib -Wl,-R/opt/schily/lib  1>&5
configure:15693: checking for gethrtime
configure:15721: gcc -o conftest   -O      -D_GNU_SOURCE   conftest.c -Llibs/x86_64-linux-gcc -L/opt/schily/lib -Wl,-R/opt/schily/lib -Wl,-R/opt/schily/lib  1>&5
/tmp/ccKh2Z6c.o: In function `main':
conftest.c:(.text+0xa): undefined reference to `gethrtime'
collect2: error: ld returned 1 exit status
configure: failed program was:
#line 15698 "configure"
#include "confdefs.h"
/* System header to define __stub macros and hopefully few prototypes,
    which can conflict with char gethrtime(); below.  */
#include <assert.h>
/* Override any gcc2 internal prototype to avoid an error.  */
/* We use char because int might match the return type of a gcc2
    builtin and then its argument prototype would still apply.  */
char gethrtime();

int main() {

/* The GNU C library defines this for functions which it implements
    to always fail with ENOSYS.  Some functions are actually named
    something starting with __ and the normal name is an alias.  */
#if defined (__stub_gethrtime) || defined (__stub___gethrtime)
choke me
#else
gethrtime();
#endif

; return 0; }
configure:15748: checking for ftime
configure:15776: gcc -o conftest   -O      -D_GNU_SOURCE   conftest.c -Llibs/x86_64-linux-gcc -L/opt/schily/lib -Wl,-R/opt/schily/lib -Wl,-R/opt/schily/lib  1>&5
configure:15748: checking for tzset
configure:15776: gcc -o conftest   -O      -D_GNU_SOURCE   conftest.c -Llibs/x86_64-linux-gcc -L/opt/schily/lib -Wl,-R/opt/schily/lib -Wl,-R/opt/schily/lib  1>&5
configure:15748: checking for mktime
configure:15776: gcc -o conftest   -O      -D_GNU_SOURCE   conftest.c -Llibs/x86_64-linux-gcc -L/opt/schily/lib -Wl,-R/opt/schily/lib -Wl,-R/opt/schily/lib  1>&5
configure:15748: checking for gmtime
configure:15776: gcc -o conftest   -O      -D_GNU_SOURCE   conftest.c -Llibs/x86_64-linux-gcc -L/opt/schily/lib -Wl,-R/opt/schily/lib -Wl,-R/opt/schily/lib  1>&5
configure:15748: checking for localtime
configure:15776: gcc -o conftest   -O      -D_GNU_SOURCE   conftest.c -Llibs/x86_64-linux-gcc -L/opt/schily/lib -Wl,-R/opt/schily/lib -Wl,-R/opt/schily/lib  1>&5
configure:15748: checking for timegm
configure:15776: gcc -o conftest   -O      -D_GNU_SOURCE   conftest.c -Llibs/x86_64-linux-gcc -L/opt/schily/lib -Wl,-R/opt/schily/lib -Wl,-R/opt/schily/lib  1>&5
configure:15748: checking for timelocal
configure:15776: gcc -o conftest   -O      -D_GNU_SOURCE   conftest.c -Llibs/x86_64-linux-gcc -L/opt/schily/lib -Wl,-R/opt/schily/lib -Wl,-R/opt/schily/lib  1>&5
configure:15803: checking for ctime
configure:15831: gcc -o conftest   -O      -D_GNU_SOURCE   conftest.c -Llibs/x86_64-linux-gcc -L/opt/schily/lib -Wl,-R/opt/schily/lib -Wl,-R/opt/schily/lib  1>&5
configure:15803: checking for cftime
configure:15831: gcc -o conftest   -O      -D_GNU_SOURCE   conftest.c -Llibs/x86_64-linux-gcc -L/opt/schily/lib -Wl,-R/opt/schily/lib -Wl,-R/opt/schily/lib  1>&5
/tmp/ccZUDsHD.o: In function `main':
conftest.c:(.text+0xa): undefined reference to `cftime'
collect2: error: ld returned 1 exit status
configure: failed program was:
#line 15808 "configure"
#include "confdefs.h"
/* System header to define __stub macros and hopefully few prototypes,
    which can conflict with char cftime(); below.  */
#include <assert.h>
/* Override any gcc2 internal prototype to avoid an error.  */
/* We use char because int might match the return type of a gcc2
    builtin and then its argument prototype would still apply.  */
char cftime();

int main() {

/* The GNU C library defines this for functions which it implements
    to always fail with ENOSYS.  Some functions are actually named
    something starting with __ and the normal name is an alias.  */
#if defined (__stub_cftime) || defined (__stub___cftime)
choke me
#else
cftime();
#endif

; return 0; }
configure:15803: checking for ascftime
configure:15831: gcc -o conftest   -O      -D_GNU_SOURCE   conftest.c -Llibs/x86_64-linux-gcc -L/opt/schily/lib -Wl,-R/opt/schily/lib -Wl,-R/opt/schily/lib  1>&5
/tmp/ccHaPmdG.o: In function `main':
conftest.c:(.text+0xa): undefined reference to `ascftime'
collect2: error: ld returned 1 exit status
configure: failed program was:
#line 15808 "configure"
#include "confdefs.h"
/* System header to define __stub macros and hopefully few prototypes,
    which can conflict with char ascftime(); below.  */
#include <assert.h>
/* Override any gcc2 internal prototype to avoid an error.  */
/* We use char because int might match the return type of a gcc2
    builtin and then its argument prototype would still apply.  */
char ascftime();

int main() {

/* The GNU C library defines this for functions which it implements
    to always fail with ENOSYS.  Some functions are actually named
    something starting with __ and the normal name is an alias.  */
#if defined (__stub_ascftime) || defined (__stub___ascftime)
choke me
#else
ascftime();
#endif

; return 0; }
configure:15803: checking for strftime
configure:15831: gcc -o conftest   -O      -D_GNU_SOURCE   conftest.c -Llibs/x86_64-linux-gcc -L/opt/schily/lib -Wl,-R/opt/schily/lib -Wl,-R/opt/schily/lib  1>&5
configure:15815:6: warning: conflicting types for built-in function 'strftime' [-Wbuiltin-declaration-mismatch]
configure:15858: checking for poll
configure:15886: gcc -o conftest   -O      -D_GNU_SOURCE   conftest.c -Llibs/x86_64-linux-gcc -L/opt/schily/lib -Wl,-R/opt/schily/lib -Wl,-R/opt/schily/lib  1>&5
configure:15858: checking for select
configure:15886: gcc -o conftest   -O      -D_GNU_SOURCE   conftest.c -Llibs/x86_64-linux-gcc -L/opt/schily/lib -Wl,-R/opt/schily/lib -Wl,-R/opt/schily/lib  1>&5
configure:15858: checking for isastream
configure:15886: gcc -o conftest   -O      -D_GNU_SOURCE   conftest.c -Llibs/x86_64-linux-gcc -L/opt/schily/lib -Wl,-R/opt/schily/lib -Wl,-R/opt/schily/lib  1>&5
configure:15913: checking for chown
configure:15941: gcc -o conftest   -O      -D_GNU_SOURCE   conftest.c -Llibs/x86_64-linux-gcc -L/opt/schily/lib -Wl,-R/opt/schily/lib -Wl,-R/opt/schily/lib  1>&5
configure:15913: checking for fchown
configure:15941: gcc -o conftest   -O      -D_GNU_SOURCE   conftest.c -Llibs/x86_64-linux-gcc -L/opt/schily/lib -Wl,-R/opt/schily/lib -Wl,-R/opt/schily/lib  1>&5
configure:15913: checking for lchown
configure:15941: gcc -o conftest   -O      -D_GNU_SOURCE   conftest.c -Llibs/x86_64-linux-gcc -L/opt/schily/lib -Wl,-R/opt/schily/lib -Wl,-R/opt/schily/lib  1>&5
configure:15913: checking for chmod
configure:15941: gcc -o conftest   -O      -D_GNU_SOURCE   conftest.c -Llibs/x86_64-linux-gcc -L/opt/schily/lib -Wl,-R/opt/schily/lib -Wl,-R/opt/schily/lib  1>&5
configure:15913: checking for fchmod
configure:15941: gcc -o conftest   -O      -D_GNU_SOURCE   conftest.c -Llibs/x86_64-linux-gcc -L/opt/schily/lib -Wl,-R/opt/schily/lib -Wl,-R/opt/schily/lib  1>&5
configure:15913: checking for lchmod
configure:15941: gcc -o conftest   -O      -D_GNU_SOURCE   conftest.c -Llibs/x86_64-linux-gcc -L/opt/schily/lib -Wl,-R/opt/schily/lib -Wl,-R/opt/schily/lib  1>&5
configure: In function 'main':
configure:15933:1: error: unknown type name 'choke'
configure: failed program was:
#line 15918 "configure"
#include "confdefs.h"
/* System header to define __stub macros and hopefully few prototypes,
    which can conflict with char lchmod(); below.  */
#include <assert.h>
/* Override any gcc2 internal prototype to avoid an error.  */
/* We use char because int might match the return type of a gcc2
    builtin and then its argument prototype would still apply.  */
char lchmod();

int main() {

/* The GNU C library defines this for functions which it implements
    to always fail with ENOSYS.  Some functions are actually named
    something starting with __ and the normal name is an alias.  */
#if defined (__stub_lchmod) || defined (__stub___lchmod)
choke me
#else
lchmod();
#endif

; return 0; }
configure:15913: checking for times
configure:15941: gcc -o conftest   -O      -D_GNU_SOURCE   conftest.c -Llibs/x86_64-linux-gcc -L/opt/schily/lib -Wl,-R/opt/schily/lib -Wl,-R/opt/schily/lib  1>&5
configure:15913: checking for utime
configure:15941: gcc -o conftest   -O      -D_GNU_SOURCE   conftest.c -Llibs/x86_64-linux-gcc -L/opt/schily/lib -Wl,-R/opt/schily/lib -Wl,-R/opt/schily/lib  1>&5
configure:15913: checking for utimes
configure:15941: gcc -o conftest   -O      -D_GNU_SOURCE   conftest.c -Llibs/x86_64-linux-gcc -L/opt/schily/lib -Wl,-R/opt/schily/lib -Wl,-R/opt/schily/lib  1>&5
configure:15913: checking for futimes
configure:15941: gcc -o conftest   -O      -D_GNU_SOURCE   conftest.c -Llibs/x86_64-linux-gcc -L/opt/schily/lib -Wl,-R/opt/schily/lib -Wl,-R/opt/schily/lib  1>&5
configure:15913: checking for lutimes
configure:15941: gcc -o conftest   -O      -D_GNU_SOURCE   conftest.c -Llibs/x86_64-linux-gcc -L/opt/schily/lib -Wl,-R/opt/schily/lib -Wl,-R/opt/schily/lib  1>&5
configure:15968: checking for utimens
configure:15996: gcc -o conftest   -O      -D_GNU_SOURCE   conftest.c -Llibs/x86_64-linux-gcc -L/opt/schily/lib -Wl,-R/opt/schily/lib -Wl,-R/opt/schily/lib  1>&5
/tmp/ccG9lwid.o: In function `main':
conftest.c:(.text+0xa): undefined reference to `utimens'
collect2: error: ld returned 1 exit status
configure: failed program was:
#line 15973 "configure"
#include "confdefs.h"
/* System header to define __stub macros and hopefully few prototypes,
    which can conflict with char utimens(); below.  */
#include <assert.h>
/* Override any gcc2 internal prototype to avoid an error.  */
/* We use char because int might match the return type of a gcc2
    builtin and then its argument prototype would still apply.  */
char utimens();

int main() {

/* The GNU C library defines this for functions which it implements
    to always fail with ENOSYS.  Some functions are actually named
    something starting with __ and the normal name is an alias.  */
#if defined (__stub_utimens) || defined (__stub___utimens)
choke me
#else
utimens();
#endif

; return 0; }
configure:15968: checking for lutimens
configure:15996: gcc -o conftest   -O      -D_GNU_SOURCE   conftest.c -Llibs/x86_64-linux-gcc -L/opt/schily/lib -Wl,-R/opt/schily/lib -Wl,-R/opt/schily/lib  1>&5
/tmp/cce0kOKf.o: In function `main':
conftest.c:(.text+0xa): undefined reference to `lutimens'
collect2: error: ld returned 1 exit status
configure: failed program was:
#line 15973 "configure"
#include "confdefs.h"
/* System header to define __stub macros and hopefully few prototypes,
    which can conflict with char lutimens(); below.  */
#include <assert.h>
/* Override any gcc2 internal prototype to avoid an error.  */
/* We use char because int might match the return type of a gcc2
    builtin and then its argument prototype would still apply.  */
char lutimens();

int main() {

/* The GNU C library defines this for functions which it implements
    to always fail with ENOSYS.  Some functions are actually named
    something starting with __ and the normal name is an alias.  */
#if defined (__stub_lutimens) || defined (__stub___lutimens)
choke me
#else
lutimens();
#endif

; return 0; }
configure:16023: checking for futimens
configure:16051: gcc -o conftest   -O      -D_GNU_SOURCE   conftest.c -Llibs/x86_64-linux-gcc -L/opt/schily/lib -Wl,-R/opt/schily/lib -Wl,-R/opt/schily/lib  1>&5
configure:16023: checking for utimensat
configure:16051: gcc -o conftest   -O      -D_GNU_SOURCE   conftest.c -Llibs/x86_64-linux-gcc -L/opt/schily/lib -Wl,-R/opt/schily/lib -Wl,-R/opt/schily/lib  1>&5
configure:16078: checking for ioctl
configure:16106: gcc -o conftest   -O      -D_GNU_SOURCE   conftest.c -Llibs/x86_64-linux-gcc -L/opt/schily/lib -Wl,-R/opt/schily/lib -Wl,-R/opt/schily/lib  1>&5
configure:16078: checking for fcntl
configure:16106: gcc -o conftest   -O      -D_GNU_SOURCE   conftest.c -Llibs/x86_64-linux-gcc -L/opt/schily/lib -Wl,-R/opt/schily/lib -Wl,-R/opt/schily/lib  1>&5
configure:16133: checking for qecvt
configure:16161: gcc -o conftest   -O      -D_GNU_SOURCE   conftest.c -Llibs/x86_64-linux-gcc -L/opt/schily/lib -Wl,-R/opt/schily/lib -Wl,-R/opt/schily/lib  1>&5
configure:16133: checking for qfcvt
configure:16161: gcc -o conftest   -O      -D_GNU_SOURCE   conftest.c -Llibs/x86_64-linux-gcc -L/opt/schily/lib -Wl,-R/opt/schily/lib -Wl,-R/opt/schily/lib  1>&5
configure:16133: checking for qgcvt
configure:16161: gcc -o conftest   -O      -D_GNU_SOURCE   conftest.c -Llibs/x86_64-linux-gcc -L/opt/schily/lib -Wl,-R/opt/schily/lib -Wl,-R/opt/schily/lib  1>&5
configure:16188: checking for _qecvt
configure:16216: gcc -o conftest   -O      -D_GNU_SOURCE   conftest.c -Llibs/x86_64-linux-gcc -L/opt/schily/lib -Wl,-R/opt/schily/lib -Wl,-R/opt/schily/lib  1>&5
/tmp/ccDaFNsy.o: In function `main':
conftest.c:(.text+0xa): undefined reference to `_qecvt'
collect2: error: ld returned 1 exit status
configure: failed program was:
#line 16193 "configure"
#include "confdefs.h"
/* System header to define __stub macros and hopefully few prototypes,
    which can conflict with char _qecvt(); below.  */
#include <assert.h>
/* Override any gcc2 internal prototype to avoid an error.  */
/* We use char because int might match the return type of a gcc2
    builtin and then its argument prototype would still apply.  */
char _qecvt();

int main() {

/* The GNU C library defines this for functions which it implements
    to always fail with ENOSYS.  Some functions are actually named
    something starting with __ and the normal name is an alias.  */
#if defined (__stub__qecvt) || defined (__stub____qecvt)
choke me
#else
_qecvt();
#endif

; return 0; }
configure:16188: checking for _qfcvt
configure:16216: gcc -o conftest   -O      -D_GNU_SOURCE   conftest.c -Llibs/x86_64-linux-gcc -L/opt/schily/lib -Wl,-R/opt/schily/lib -Wl,-R/opt/schily/lib  1>&5
/tmp/ccwoWbRA.o: In function `main':
conftest.c:(.text+0xa): undefined reference to `_qfcvt'
collect2: error: ld returned 1 exit status
configure: failed program was:
#line 16193 "configure"
#include "confdefs.h"
/* System header to define __stub macros and hopefully few prototypes,
    which can conflict with char _qfcvt(); below.  */
#include <assert.h>
/* Override any gcc2 internal prototype to avoid an error.  */
/* We use char because int might match the return type of a gcc2
    builtin and then its argument prototype would still apply.  */
char _qfcvt();

int main() {

/* The GNU C library defines this for functions which it implements
    to always fail with ENOSYS.  Some functions are actually named
    something starting with __ and the normal name is an alias.  */
#if defined (__stub__qfcvt) || defined (__stub____qfcvt)
choke me
#else
_qfcvt();
#endif

; return 0; }
configure:16188: checking for _qgcvt
configure:16216: gcc -o conftest   -O      -D_GNU_SOURCE   conftest.c -Llibs/x86_64-linux-gcc -L/opt/schily/lib -Wl,-R/opt/schily/lib -Wl,-R/opt/schily/lib  1>&5
/tmp/ccRyGwhD.o: In function `main':
conftest.c:(.text+0xa): undefined reference to `_qgcvt'
collect2: error: ld returned 1 exit status
configure: failed program was:
#line 16193 "configure"
#include "confdefs.h"
/* System header to define __stub macros and hopefully few prototypes,
    which can conflict with char _qgcvt(); below.  */
#include <assert.h>
/* Override any gcc2 internal prototype to avoid an error.  */
/* We use char because int might match the return type of a gcc2
    builtin and then its argument prototype would still apply.  */
char _qgcvt();

int main() {

/* The GNU C library defines this for functions which it implements
    to always fail with ENOSYS.  Some functions are actually named
    something starting with __ and the normal name is an alias.  */
#if defined (__stub__qgcvt) || defined (__stub____qgcvt)
choke me
#else
_qgcvt();
#endif

; return 0; }
configure:16243: checking for _qecvt_r
configure:16271: gcc -o conftest   -O      -D_GNU_SOURCE   conftest.c -Llibs/x86_64-linux-gcc -L/opt/schily/lib -Wl,-R/opt/schily/lib -Wl,-R/opt/schily/lib  1>&5
/tmp/ccG2loJF.o: In function `main':
conftest.c:(.text+0xa): undefined reference to `_qecvt_r'
collect2: error: ld returned 1 exit status
configure: failed program was:
#line 16248 "configure"
#include "confdefs.h"
/* System header to define __stub macros and hopefully few prototypes,
    which can conflict with char _qecvt_r(); below.  */
#include <assert.h>
/* Override any gcc2 internal prototype to avoid an error.  */
/* We use char because int might match the return type of a gcc2
    builtin and then its argument prototype would still apply.  */
char _qecvt_r();

int main() {

/* The GNU C library defines this for functions which it implements
    to always fail with ENOSYS.  Some functions are actually named
    something starting with __ and the normal name is an alias.  */
#if defined (__stub__qecvt_r) || defined (__stub____qecvt_r)
choke me
#else
_qecvt_r();
#endif

; return 0; }
configure:16243: checking for _qfcvt_r
configure:16271: gcc -o conftest   -O      -D_GNU_SOURCE   conftest.c -Llibs/x86_64-linux-gcc -L/opt/schily/lib -Wl,-R/opt/schily/lib -Wl,-R/opt/schily/lib  1>&5
/tmp/ccIjEojI.o: In function `main':
conftest.c:(.text+0xa): undefined reference to `_qfcvt_r'
collect2: error: ld returned 1 exit status
configure: failed program was:
#line 16248 "configure"
#include "confdefs.h"
/* System header to define __stub macros and hopefully few prototypes,
    which can conflict with char _qfcvt_r(); below.  */
#include <assert.h>
/* Override any gcc2 internal prototype to avoid an error.  */
/* We use char because int might match the return type of a gcc2
    builtin and then its argument prototype would still apply.  */
char _qfcvt_r();

int main() {

/* The GNU C library defines this for functions which it implements
    to always fail with ENOSYS.  Some functions are actually named
    something starting with __ and the normal name is an alias.  */
#if defined (__stub__qfcvt_r) || defined (__stub____qfcvt_r)
choke me
#else
_qfcvt_r();
#endif

; return 0; }
configure:16243: checking for _qgcvt_r
configure:16271: gcc -o conftest   -O      -D_GNU_SOURCE   conftest.c -Llibs/x86_64-linux-gcc -L/opt/schily/lib -Wl,-R/opt/schily/lib -Wl,-R/opt/schily/lib  1>&5
/tmp/ccuTbXNK.o: In function `main':
conftest.c:(.text+0xa): undefined reference to `_qgcvt_r'
collect2: error: ld returned 1 exit status
configure: failed program was:
#line 16248 "configure"
#include "confdefs.h"
/* System header to define __stub macros and hopefully few prototypes,
    which can conflict with char _qgcvt_r(); below.  */
#include <assert.h>
/* Override any gcc2 internal prototype to avoid an error.  */
/* We use char because int might match the return type of a gcc2
    builtin and then its argument prototype would still apply.  */
char _qgcvt_r();

int main() {

/* The GNU C library defines this for functions which it implements
    to always fail with ENOSYS.  Some functions are actually named
    something starting with __ and the normal name is an alias.  */
#if defined (__stub__qgcvt_r) || defined (__stub____qgcvt_r)
choke me
#else
_qgcvt_r();
#endif

; return 0; }
configure:16298: checking for _ldecvt
configure:16326: gcc -o conftest   -O      -D_GNU_SOURCE   conftest.c -Llibs/x86_64-linux-gcc -L/opt/schily/lib -Wl,-R/opt/schily/lib -Wl,-R/opt/schily/lib  1>&5
/tmp/cciPE3mN.o: In function `main':
conftest.c:(.text+0xa): undefined reference to `_ldecvt'
collect2: error: ld returned 1 exit status
configure: failed program was:
#line 16303 "configure"
#include "confdefs.h"
/* System header to define __stub macros and hopefully few prototypes,
    which can conflict with char _ldecvt(); below.  */
#include <assert.h>
/* Override any gcc2 internal prototype to avoid an error.  */
/* We use char because int might match the return type of a gcc2
    builtin and then its argument prototype would still apply.  */
char _ldecvt();

int main() {

/* The GNU C library defines this for functions which it implements
    to always fail with ENOSYS.  Some functions are actually named
    something starting with __ and the normal name is an alias.  */
#if defined (__stub__ldecvt) || defined (__stub____ldecvt)
choke me
#else
_ldecvt();
#endif

; return 0; }
configure:16298: checking for _ldfcvt
configure:16326: gcc -o conftest   -O      -D_GNU_SOURCE   conftest.c -Llibs/x86_64-linux-gcc -L/opt/schily/lib -Wl,-R/opt/schily/lib -Wl,-R/opt/schily/lib  1>&5
/tmp/ccqcHNWP.o: In function `main':
conftest.c:(.text+0xa): undefined reference to `_ldfcvt'
collect2: error: ld returned 1 exit status
configure: failed program was:
#line 16303 "configure"
#include "confdefs.h"
/* System header to define __stub macros and hopefully few prototypes,
    which can conflict with char _ldfcvt(); below.  */
#include <assert.h>
/* Override any gcc2 internal prototype to avoid an error.  */
/* We use char because int might match the return type of a gcc2
    builtin and then its argument prototype would still apply.  */
char _ldfcvt();

int main() {

/* The GNU C library defines this for functions which it implements
    to always fail with ENOSYS.  Some functions are actually named
    something starting with __ and the normal name is an alias.  */
#if defined (__stub__ldfcvt) || defined (__stub____ldfcvt)
choke me
#else
_ldfcvt();
#endif

; return 0; }
configure:16298: checking for _ldgcvt
configure:16326: gcc -o conftest   -O      -D_GNU_SOURCE   conftest.c -Llibs/x86_64-linux-gcc -L/opt/schily/lib -Wl,-R/opt/schily/lib -Wl,-R/opt/schily/lib  1>&5
/tmp/ccWavHqS.o: In function `main':
conftest.c:(.text+0xa): undefined reference to `_ldgcvt'
collect2: error: ld returned 1 exit status
configure: failed program was:
#line 16303 "configure"
#include "confdefs.h"
/* System header to define __stub macros and hopefully few prototypes,
    which can conflict with char _ldgcvt(); below.  */
#include <assert.h>
/* Override any gcc2 internal prototype to avoid an error.  */
/* We use char because int might match the return type of a gcc2
    builtin and then its argument prototype would still apply.  */
char _ldgcvt();

int main() {

/* The GNU C library defines this for functions which it implements
    to always fail with ENOSYS.  Some functions are actually named
    something starting with __ and the normal name is an alias.  */
#if defined (__stub__ldgcvt) || defined (__stub____ldgcvt)
choke me
#else
_ldgcvt();
#endif

; return 0; }
configure:16353: checking for ecvt_r
configure:16381: gcc -o conftest   -O      -D_GNU_SOURCE   conftest.c -Llibs/x86_64-linux-gcc -L/opt/schily/lib -Wl,-R/opt/schily/lib -Wl,-R/opt/schily/lib  1>&5
configure:16353: checking for fcvt_r
configure:16381: gcc -o conftest   -O      -D_GNU_SOURCE   conftest.c -Llibs/x86_64-linux-gcc -L/opt/schily/lib -Wl,-R/opt/schily/lib -Wl,-R/opt/schily/lib  1>&5
configure:16353: checking for gcvt_r
configure:16381: gcc -o conftest   -O      -D_GNU_SOURCE   conftest.c -Llibs/x86_64-linux-gcc -L/opt/schily/lib -Wl,-R/opt/schily/lib -Wl,-R/opt/schily/lib  1>&5
/tmp/ccNE8nCZ.o: In function `main':
conftest.c:(.text+0xa): undefined reference to `gcvt_r'
collect2: error: ld returned 1 exit status
configure: failed program was:
#line 16358 "configure"
#include "confdefs.h"
/* System header to define __stub macros and hopefully few prototypes,
    which can conflict with char gcvt_r(); below.  */
#include <assert.h>
/* Override any gcc2 internal prototype to avoid an error.  */
/* We use char because int might match the return type of a gcc2
    builtin and then its argument prototype would still apply.  */
char gcvt_r();

int main() {

/* The GNU C library defines this for functions which it implements
    to always fail with ENOSYS.  Some functions are actually named
    something starting with __ and the normal name is an alias.  */
#if defined (__stub_gcvt_r) || defined (__stub___gcvt_r)
choke me
#else
gcvt_r();
#endif

; return 0; }
configure:16408: checking for _ldecvt_r
configure:16436: gcc -o conftest   -O      -D_GNU_SOURCE   conftest.c -Llibs/x86_64-linux-gcc -L/opt/schily/lib -Wl,-R/opt/schily/lib -Wl,-R/opt/schily/lib  1>&5
/tmp/ccPcDV11.o: In function `main':
conftest.c:(.text+0xa): undefined reference to `_ldecvt_r'
collect2: error: ld returned 1 exit status
configure: failed program was:
#line 16413 "configure"
#include "confdefs.h"
/* System header to define __stub macros and hopefully few prototypes,
    which can conflict with char _ldecvt_r(); below.  */
#include <assert.h>
/* Override any gcc2 internal prototype to avoid an error.  */
/* We use char because int might match the return type of a gcc2
    builtin and then its argument prototype would still apply.  */
char _ldecvt_r();

int main() {

/* The GNU C library defines this for functions which it implements
    to always fail with ENOSYS.  Some functions are actually named
    something starting with __ and the normal name is an alias.  */
#if defined (__stub__ldecvt_r) || defined (__stub____ldecvt_r)
choke me
#else
_ldecvt_r();
#endif

; return 0; }
configure:16408: checking for _ldfcvt_r
configure:16436: gcc -o conftest   -O      -D_GNU_SOURCE   conftest.c -Llibs/x86_64-linux-gcc -L/opt/schily/lib -Wl,-R/opt/schily/lib -Wl,-R/opt/schily/lib  1>&5
/tmp/ccuQLiz5.o: In function `main':
conftest.c:(.text+0xa): undefined reference to `_ldfcvt_r'
collect2: error: ld returned 1 exit status
configure: failed program was:
#line 16413 "configure"
#include "confdefs.h"
/* System header to define __stub macros and hopefully few prototypes,
    which can conflict with char _ldfcvt_r(); below.  */
#include <assert.h>
/* Override any gcc2 internal prototype to avoid an error.  */
/* We use char because int might match the return type of a gcc2
    builtin and then its argument prototype would still apply.  */
char _ldfcvt_r();

int main() {

/* The GNU C library defines this for functions which it implements
    to always fail with ENOSYS.  Some functions are actually named
    something starting with __ and the normal name is an alias.  */
#if defined (__stub__ldfcvt_r) || defined (__stub____ldfcvt_r)
choke me
#else
_ldfcvt_r();
#endif

; return 0; }
configure:16408: checking for _ldgcvt_r
configure:16436: gcc -o conftest   -O      -D_GNU_SOURCE   conftest.c -Llibs/x86_64-linux-gcc -L/opt/schily/lib -Wl,-R/opt/schily/lib -Wl,-R/opt/schily/lib  1>&5
/tmp/ccYe7ZZ7.o: In function `main':
conftest.c:(.text+0xa): undefined reference to `_ldgcvt_r'
collect2: error: ld returned 1 exit status
configure: failed program was:
#line 16413 "configure"
#include "confdefs.h"
/* System header to define __stub macros and hopefully few prototypes,
    which can conflict with char _ldgcvt_r(); below.  */
#include <assert.h>
/* Override any gcc2 internal prototype to avoid an error.  */
/* We use char because int might match the return type of a gcc2
    builtin and then its argument prototype would still apply.  */
char _ldgcvt_r();

int main() {

/* The GNU C library defines this for functions which it implements
    to always fail with ENOSYS.  Some functions are actually named
    something starting with __ and the normal name is an alias.  */
#if defined (__stub__ldgcvt_r) || defined (__stub____ldgcvt_r)
choke me
#else
_ldgcvt_r();
#endif

; return 0; }
configure:16463: checking for econvert
configure:16491: gcc -o conftest   -O      -D_GNU_SOURCE   conftest.c -Llibs/x86_64-linux-gcc -L/opt/schily/lib -Wl,-R/opt/schily/lib -Wl,-R/opt/schily/lib  1>&5
/tmp/ccZWuUna.o: In function `main':
conftest.c:(.text+0xa): undefined reference to `econvert'
collect2: error: ld returned 1 exit status
configure: failed program was:
#line 16468 "configure"
#include "confdefs.h"
/* System header to define __stub macros and hopefully few prototypes,
    which can conflict with char econvert(); below.  */
#include <assert.h>
/* Override any gcc2 internal prototype to avoid an error.  */
/* We use char because int might match the return type of a gcc2
    builtin and then its argument prototype would still apply.  */
char econvert();

int main() {

/* The GNU C library defines this for functions which it implements
    to always fail with ENOSYS.  Some functions are actually named
    something starting with __ and the normal name is an alias.  */
#if defined (__stub_econvert) || defined (__stub___econvert)
choke me
#else
econvert();
#endif

; return 0; }
configure:16463: checking for fconvert
configure:16491: gcc -o conftest   -O      -D_GNU_SOURCE   conftest.c -Llibs/x86_64-linux-gcc -L/opt/schily/lib -Wl,-R/opt/schily/lib -Wl,-R/opt/schily/lib  1>&5
/tmp/cckHUYz5.o: In function `main':
conftest.c:(.text+0xa): undefined reference to `fconvert'
collect2: error: ld returned 1 exit status
configure: failed program was:
#line 16468 "configure"
#include "confdefs.h"
/* System header to define __stub macros and hopefully few prototypes,
    which can conflict with char fconvert(); below.  */
#include <assert.h>
/* Override any gcc2 internal prototype to avoid an error.  */
/* We use char because int might match the return type of a gcc2
    builtin and then its argument prototype would still apply.  */
char fconvert();

int main() {

/* The GNU C library defines this for functions which it implements
    to always fail with ENOSYS.  Some functions are actually named
    something starting with __ and the normal name is an alias.  */
#if defined (__stub_fconvert) || defined (__stub___fconvert)
choke me
#else
fconvert();
#endif

; return 0; }
configure:16463: checking for gconvert
configure:16491: gcc -o conftest   -O      -D_GNU_SOURCE   conftest.c -Llibs/x86_64-linux-gcc -L/opt/schily/lib -Wl,-R/opt/schily/lib -Wl,-R/opt/schily/lib  1>&5
/tmp/cc3ZCKp6.o: In function `main':
conftest.c:(.text+0xa): undefined reference to `gconvert'
collect2: error: ld returned 1 exit status
configure: failed program was:
#line 16468 "configure"
#include "confdefs.h"
/* System header to define __stub macros and hopefully few prototypes,
    which can conflict with char gconvert(); below.  */
#include <assert.h>
/* Override any gcc2 internal prototype to avoid an error.  */
/* We use char because int might match the return type of a gcc2
    builtin and then its argument prototype would still apply.  */
char gconvert();

int main() {

/* The GNU C library defines this for functions which it implements
    to always fail with ENOSYS.  Some functions are actually named
    something starting with __ and the normal name is an alias.  */
#if defined (__stub_gconvert) || defined (__stub___gconvert)
choke me
#else
gconvert();
#endif

; return 0; }
configure:16518: checking for qeconvert
configure:16546: gcc -o conftest   -O      -D_GNU_SOURCE   conftest.c -Llibs/x86_64-linux-gcc -L/opt/schily/lib -Wl,-R/opt/schily/lib -Wl,-R/opt/schily/lib  1>&5
/tmp/ccAzREp9.o: In function `main':
conftest.c:(.text+0xa): undefined reference to `qeconvert'
collect2: error: ld returned 1 exit status
configure: failed program was:
#line 16523 "configure"
#include "confdefs.h"
/* System header to define __stub macros and hopefully few prototypes,
    which can conflict with char qeconvert(); below.  */
#include <assert.h>
/* Override any gcc2 internal prototype to avoid an error.  */
/* We use char because int might match the return type of a gcc2
    builtin and then its argument prototype would still apply.  */
char qeconvert();

int main() {

/* The GNU C library defines this for functions which it implements
    to always fail with ENOSYS.  Some functions are actually named
    something starting with __ and the normal name is an alias.  */
#if defined (__stub_qeconvert) || defined (__stub___qeconvert)
choke me
#else
qeconvert();
#endif

; return 0; }
configure:16518: checking for qfconvert
configure:16546: gcc -o conftest   -O      -D_GNU_SOURCE   conftest.c -Llibs/x86_64-linux-gcc -L/opt/schily/lib -Wl,-R/opt/schily/lib -Wl,-R/opt/schily/lib  1>&5
/tmp/cc9Zu2Me.o: In function `main':
conftest.c:(.text+0xa): undefined reference to `qfconvert'
collect2: error: ld returned 1 exit status
configure: failed program was:
#line 16523 "configure"
#include "confdefs.h"
/* System header to define __stub macros and hopefully few prototypes,
    which can conflict with char qfconvert(); below.  */
#include <assert.h>
/* Override any gcc2 internal prototype to avoid an error.  */
/* We use char because int might match the return type of a gcc2
    builtin and then its argument prototype would still apply.  */
char qfconvert();

int main() {

/* The GNU C library defines this for functions which it implements
    to always fail with ENOSYS.  Some functions are actually named
    something starting with __ and the normal name is an alias.  */
#if defined (__stub_qfconvert) || defined (__stub___qfconvert)
choke me
#else
qfconvert();
#endif

; return 0; }
configure:16518: checking for qgconvert
configure:16546: gcc -o conftest   -O      -D_GNU_SOURCE   conftest.c -Llibs/x86_64-linux-gcc -L/opt/schily/lib -Wl,-R/opt/schily/lib -Wl,-R/opt/schily/lib  1>&5
/tmp/ccsImETh.o: In function `main':
conftest.c:(.text+0xa): undefined reference to `qgconvert'
collect2: error: ld returned 1 exit status
configure: failed program was:
#line 16523 "configure"
#include "confdefs.h"
/* System header to define __stub macros and hopefully few prototypes,
    which can conflict with char qgconvert(); below.  */
#include <assert.h>
/* Override any gcc2 internal prototype to avoid an error.  */
/* We use char because int might match the return type of a gcc2
    builtin and then its argument prototype would still apply.  */
char qgconvert();

int main() {

/* The GNU C library defines this for functions which it implements
    to always fail with ENOSYS.  Some functions are actually named
    something starting with __ and the normal name is an alias.  */
#if defined (__stub_qgconvert) || defined (__stub___qgconvert)
choke me
#else
qgconvert();
#endif

; return 0; }
configure:16573: checking for isinf
configure:16601: gcc -o conftest   -O      -D_GNU_SOURCE   conftest.c -Llibs/x86_64-linux-gcc -L/opt/schily/lib -Wl,-R/opt/schily/lib -Wl,-R/opt/schily/lib  1>&5
configure:16585:6: warning: conflicting types for built-in function 'isinf' [-Wbuiltin-declaration-mismatch]
configure:16573: checking for isnan
configure:16601: gcc -o conftest   -O      -D_GNU_SOURCE   conftest.c -Llibs/x86_64-linux-gcc -L/opt/schily/lib -Wl,-R/opt/schily/lib -Wl,-R/opt/schily/lib  1>&5
configure:16585:6: warning: conflicting types for built-in function 'isnan' [-Wbuiltin-declaration-mismatch]
configure:16628: checking for getc_unlocked
configure:16656: gcc -o conftest   -O      -D_GNU_SOURCE   conftest.c -Llibs/x86_64-linux-gcc -L/opt/schily/lib -Wl,-R/opt/schily/lib -Wl,-R/opt/schily/lib  1>&5
configure:16628: checking for getchar_unlocked
configure:16656: gcc -o conftest   -O      -D_GNU_SOURCE   conftest.c -Llibs/x86_64-linux-gcc -L/opt/schily/lib -Wl,-R/opt/schily/lib -Wl,-R/opt/schily/lib  1>&5
configure:16628: checking for putc_unlocked
configure:16656: gcc -o conftest   -O      -D_GNU_SOURCE   conftest.c -Llibs/x86_64-linux-gcc -L/opt/schily/lib -Wl,-R/opt/schily/lib -Wl,-R/opt/schily/lib  1>&5
configure:16640:6: warning: conflicting types for built-in function 'putc_unlocked' [-Wbuiltin-declaration-mismatch]
configure:16628: checking for putchar_unlocked
configure:16656: gcc -o conftest   -O      -D_GNU_SOURCE   conftest.c -Llibs/x86_64-linux-gcc -L/opt/schily/lib -Wl,-R/opt/schily/lib -Wl,-R/opt/schily/lib  1>&5
configure:16640:6: warning: conflicting types for built-in function 'putchar_unlocked' [-Wbuiltin-declaration-mismatch]
configure:16683: checking for flockfile
configure:16711: gcc -o conftest   -O      -D_GNU_SOURCE   conftest.c -Llibs/x86_64-linux-gcc -L/opt/schily/lib -Wl,-R/opt/schily/lib -Wl,-R/opt/schily/lib  1>&5
configure:16683: checking for funlockfile
configure:16711: gcc -o conftest   -O      -D_GNU_SOURCE   conftest.c -Llibs/x86_64-linux-gcc -L/opt/schily/lib -Wl,-R/opt/schily/lib -Wl,-R/opt/schily/lib  1>&5
configure:16683: checking for ftrylockfile
configure:16711: gcc -o conftest   -O      -D_GNU_SOURCE   conftest.c -Llibs/x86_64-linux-gcc -L/opt/schily/lib -Wl,-R/opt/schily/lib -Wl,-R/opt/schily/lib  1>&5
configure:16738: checking for rand
configure:16766: gcc -o conftest   -O      -D_GNU_SOURCE   conftest.c -Llibs/x86_64-linux-gcc -L/opt/schily/lib -Wl,-R/opt/schily/lib -Wl,-R/opt/schily/lib  1>&5
configure:16738: checking for drand48
configure:16766: gcc -o conftest   -O      -D_GNU_SOURCE   conftest.c -Llibs/x86_64-linux-gcc -L/opt/schily/lib -Wl,-R/opt/schily/lib -Wl,-R/opt/schily/lib  1>&5
configure:16793: checking for strtol
configure:16821: gcc -o conftest   -O      -D_GNU_SOURCE   conftest.c -Llibs/x86_64-linux-gcc -L/opt/schily/lib -Wl,-R/opt/schily/lib -Wl,-R/opt/schily/lib  1>&5
configure:16793: checking for strtoll
configure:16821: gcc -o conftest   -O      -D_GNU_SOURCE   conftest.c -Llibs/x86_64-linux-gcc -L/opt/schily/lib -Wl,-R/opt/schily/lib -Wl,-R/opt/schily/lib  1>&5
configure:16793: checking for strtoul
configure:16821: gcc -o conftest   -O      -D_GNU_SOURCE   conftest.c -Llibs/x86_64-linux-gcc -L/opt/schily/lib -Wl,-R/opt/schily/lib -Wl,-R/opt/schily/lib  1>&5
configure:16793: checking for strtoull
configure:16821: gcc -o conftest   -O      -D_GNU_SOURCE   conftest.c -Llibs/x86_64-linux-gcc -L/opt/schily/lib -Wl,-R/opt/schily/lib -Wl,-R/opt/schily/lib  1>&5
configure:16793: checking for strtod
configure:16821: gcc -o conftest   -O      -D_GNU_SOURCE   conftest.c -Llibs/x86_64-linux-gcc -L/opt/schily/lib -Wl,-R/opt/schily/lib -Wl,-R/opt/schily/lib  1>&5
configure:16848: checking for setpriority
configure:16876: gcc -o conftest   -O      -D_GNU_SOURCE   conftest.c -Llibs/x86_64-linux-gcc -L/opt/schily/lib -Wl,-R/opt/schily/lib -Wl,-R/opt/schily/lib  1>&5
configure:16848: checking for DosSetPriority
configure:16876: gcc -o conftest   -O      -D_GNU_SOURCE   conftest.c -Llibs/x86_64-linux-gcc -L/opt/schily/lib -Wl,-R/opt/schily/lib -Wl,-R/opt/schily/lib  1>&5
/tmp/ccc4EGG6.o: In function `main':
conftest.c:(.text+0xa): undefined reference to `DosSetPriority'
collect2: error: ld returned 1 exit status
configure: failed program was:
#line 16853 "configure"
#include "confdefs.h"
/* System header to define __stub macros and hopefully few prototypes,
    which can conflict with char DosSetPriority(); below.  */
#include <assert.h>
/* Override any gcc2 internal prototype to avoid an error.  */
/* We use char because int might match the return type of a gcc2
    builtin and then its argument prototype would still apply.  */
char DosSetPriority();

int main() {

/* The GNU C library defines this for functions which it implements
    to always fail with ENOSYS.  Some functions are actually named
    something starting with __ and the normal name is an alias.  */
#if defined (__stub_DosSetPriority) || defined (__stub___DosSetPriority)
choke me
#else
DosSetPriority();
#endif

; return 0; }
configure:16903: checking for DosAllocSharedMem
configure:16931: gcc -o conftest   -O      -D_GNU_SOURCE   conftest.c -Llibs/x86_64-linux-gcc -L/opt/schily/lib -Wl,-R/opt/schily/lib -Wl,-R/opt/schily/lib  1>&5
/tmp/ccbRdf78.o: In function `main':
conftest.c:(.text+0xa): undefined reference to `DosAllocSharedMem'
collect2: error: ld returned 1 exit status
configure: failed program was:
#line 16908 "configure"
#include "confdefs.h"
/* System header to define __stub macros and hopefully few prototypes,
    which can conflict with char DosAllocSharedMem(); below.  */
#include <assert.h>
/* Override any gcc2 internal prototype to avoid an error.  */
/* We use char because int might match the return type of a gcc2
    builtin and then its argument prototype would still apply.  */
char DosAllocSharedMem();

int main() {

/* The GNU C library defines this for functions which it implements
    to always fail with ENOSYS.  Some functions are actually named
    something starting with __ and the normal name is an alias.  */
#if defined (__stub_DosAllocSharedMem) || defined (__stub___DosAllocSharedMem)
choke me
#else
DosAllocSharedMem();
#endif

; return 0; }
configure:16958: checking for getdelim
configure:16986: gcc -o conftest   -O      -D_GNU_SOURCE   conftest.c -Llibs/x86_64-linux-gcc -L/opt/schily/lib -Wl,-R/opt/schily/lib -Wl,-R/opt/schily/lib  1>&5
configure:17013: checking for seekdir
configure:17041: gcc -o conftest   -O      -D_GNU_SOURCE   conftest.c -Llibs/x86_64-linux-gcc -L/opt/schily/lib -Wl,-R/opt/schily/lib -Wl,-R/opt/schily/lib  1>&5
configure:17013: checking for fdopendir
configure:17041: gcc -o conftest   -O      -D_GNU_SOURCE   conftest.c -Llibs/x86_64-linux-gcc -L/opt/schily/lib -Wl,-R/opt/schily/lib -Wl,-R/opt/schily/lib  1>&5
configure:17068: checking for openat
configure:17096: gcc -o conftest   -O      -D_GNU_SOURCE   conftest.c -Llibs/x86_64-linux-gcc -L/opt/schily/lib -Wl,-R/opt/schily/lib -Wl,-R/opt/schily/lib  1>&5
configure:17068: checking for fstatat
configure:17096: gcc -o conftest   -O      -D_GNU_SOURCE   conftest.c -Llibs/x86_64-linux-gcc -L/opt/schily/lib -Wl,-R/opt/schily/lib -Wl,-R/opt/schily/lib  1>&5
configure:17068: checking for fchownat
configure:17096: gcc -o conftest   -O      -D_GNU_SOURCE   conftest.c -Llibs/x86_64-linux-gcc -L/opt/schily/lib -Wl,-R/opt/schily/lib -Wl,-R/opt/schily/lib  1>&5
configure:17068: checking for futimesat
configure:17096: gcc -o conftest   -O      -D_GNU_SOURCE   conftest.c -Llibs/x86_64-linux-gcc -L/opt/schily/lib -Wl,-R/opt/schily/lib -Wl,-R/opt/schily/lib  1>&5
configure:17068: checking for renameat
configure:17096: gcc -o conftest   -O      -D_GNU_SOURCE   conftest.c -Llibs/x86_64-linux-gcc -L/opt/schily/lib -Wl,-R/opt/schily/lib -Wl,-R/opt/schily/lib  1>&5
configure:17068: checking for unlinkat
configure:17096: gcc -o conftest   -O      -D_GNU_SOURCE   conftest.c -Llibs/x86_64-linux-gcc -L/opt/schily/lib -Wl,-R/opt/schily/lib -Wl,-R/opt/schily/lib  1>&5
configure:17123: checking for attropen
configure:17151: gcc -o conftest   -O      -D_GNU_SOURCE   conftest.c -Llibs/x86_64-linux-gcc -L/opt/schily/lib -Wl,-R/opt/schily/lib -Wl,-R/opt/schily/lib  1>&5
/tmp/ccj7iCcv.o: In function `main':
conftest.c:(.text+0xa): undefined reference to `attropen'
collect2: error: ld returned 1 exit status
configure: failed program was:
#line 17128 "configure"
#include "confdefs.h"
/* System header to define __stub macros and hopefully few prototypes,
    which can conflict with char attropen(); below.  */
#include <assert.h>
/* Override any gcc2 internal prototype to avoid an error.  */
/* We use char because int might match the return type of a gcc2
    builtin and then its argument prototype would still apply.  */
char attropen();

int main() {

/* The GNU C library defines this for functions which it implements
    to always fail with ENOSYS.  Some functions are actually named
    something starting with __ and the normal name is an alias.  */
#if defined (__stub_attropen) || defined (__stub___attropen)
choke me
#else
attropen();
#endif

; return 0; }
configure:17178: checking for __accessat
configure:17206: gcc -o conftest   -O      -D_GNU_SOURCE   conftest.c -Llibs/x86_64-linux-gcc -L/opt/schily/lib -Wl,-R/opt/schily/lib -Wl,-R/opt/schily/lib  1>&5
/tmp/ccqdeAKA.o: In function `main':
conftest.c:(.text+0xa): undefined reference to `__accessat'
collect2: error: ld returned 1 exit status
configure: failed program was:
#line 17183 "configure"
#include "confdefs.h"
/* System header to define __stub macros and hopefully few prototypes,
    which can conflict with char __accessat(); below.  */
#include <assert.h>
/* Override any gcc2 internal prototype to avoid an error.  */
/* We use char because int might match the return type of a gcc2
    builtin and then its argument prototype would still apply.  */
char __accessat();

int main() {

/* The GNU C library defines this for functions which it implements
    to always fail with ENOSYS.  Some functions are actually named
    something starting with __ and the normal name is an alias.  */
#if defined (__stub___accessat) || defined (__stub_____accessat)
choke me
#else
__accessat();
#endif

; return 0; }
configure:17233: checking for accessat
configure:17261: gcc -o conftest   -O      -D_GNU_SOURCE   conftest.c -Llibs/x86_64-linux-gcc -L/opt/schily/lib -Wl,-R/opt/schily/lib -Wl,-R/opt/schily/lib  1>&5
/tmp/ccZPMT3C.o: In function `main':
conftest.c:(.text+0xa): undefined reference to `accessat'
collect2: error: ld returned 1 exit status
configure: failed program was:
#line 17238 "configure"
#include "confdefs.h"
/* System header to define __stub macros and hopefully few prototypes,
    which can conflict with char accessat(); below.  */
#include <assert.h>
/* Override any gcc2 internal prototype to avoid an error.  */
/* We use char because int might match the return type of a gcc2
    builtin and then its argument prototype would still apply.  */
char accessat();

int main() {

/* The GNU C library defines this for functions which it implements
    to always fail with ENOSYS.  Some functions are actually named
    something starting with __ and the normal name is an alias.  */
#if defined (__stub_accessat) || defined (__stub___accessat)
choke me
#else
accessat();
#endif

; return 0; }
configure:17288: checking for mkdirat
configure:17316: gcc -o conftest   -O      -D_GNU_SOURCE   conftest.c -Llibs/x86_64-linux-gcc -L/opt/schily/lib -Wl,-R/opt/schily/lib -Wl,-R/opt/schily/lib  1>&5
configure:17288: checking for faccessat
configure:17316: gcc -o conftest   -O      -D_GNU_SOURCE   conftest.c -Llibs/x86_64-linux-gcc -L/opt/schily/lib -Wl,-R/opt/schily/lib -Wl,-R/opt/schily/lib  1>&5
configure:17288: checking for fchmodat
configure:17316: gcc -o conftest   -O      -D_GNU_SOURCE   conftest.c -Llibs/x86_64-linux-gcc -L/opt/schily/lib -Wl,-R/opt/schily/lib -Wl,-R/opt/schily/lib  1>&5
configure:17288: checking for linkat
configure:17316: gcc -o conftest   -O      -D_GNU_SOURCE   conftest.c -Llibs/x86_64-linux-gcc -L/opt/schily/lib -Wl,-R/opt/schily/lib -Wl,-R/opt/schily/lib  1>&5
configure:17288: checking for mkfifoat
configure:17316: gcc -o conftest   -O      -D_GNU_SOURCE   conftest.c -Llibs/x86_64-linux-gcc -L/opt/schily/lib -Wl,-R/opt/schily/lib -Wl,-R/opt/schily/lib  1>&5
configure:17288: checking for mknodat
configure:17316: gcc -o conftest   -O      -D_GNU_SOURCE   conftest.c -Llibs/x86_64-linux-gcc -L/opt/schily/lib -Wl,-R/opt/schily/lib -Wl,-R/opt/schily/lib  1>&5
configure:17288: checking for readlinkat
configure:17316: gcc -o conftest   -O      -D_GNU_SOURCE   conftest.c -Llibs/x86_64-linux-gcc -L/opt/schily/lib -Wl,-R/opt/schily/lib -Wl,-R/opt/schily/lib  1>&5
configure:17288: checking for symlinkat
configure:17316: gcc -o conftest   -O      -D_GNU_SOURCE   conftest.c -Llibs/x86_64-linux-gcc -L/opt/schily/lib -Wl,-R/opt/schily/lib -Wl,-R/opt/schily/lib  1>&5
configure:17343: checking for pipe
configure:17371: gcc -o conftest   -O      -D_GNU_SOURCE   conftest.c -Llibs/x86_64-linux-gcc -L/opt/schily/lib -Wl,-R/opt/schily/lib -Wl,-R/opt/schily/lib  1>&5
configure:17343: checking for _pipe
configure:17371: gcc -o conftest   -O      -D_GNU_SOURCE   conftest.c -Llibs/x86_64-linux-gcc -L/opt/schily/lib -Wl,-R/opt/schily/lib -Wl,-R/opt/schily/lib  1>&5
/tmp/cctSeTO6.o: In function `main':
conftest.c:(.text+0xa): undefined reference to `_pipe'
collect2: error: ld returned 1 exit status
configure: failed program was:
#line 17348 "configure"
#include "confdefs.h"
/* System header to define __stub macros and hopefully few prototypes,
    which can conflict with char _pipe(); below.  */
#include <assert.h>
/* Override any gcc2 internal prototype to avoid an error.  */
/* We use char because int might match the return type of a gcc2
    builtin and then its argument prototype would still apply.  */
char _pipe();

int main() {

/* The GNU C library defines this for functions which it implements
    to always fail with ENOSYS.  Some functions are actually named
    something starting with __ and the normal name is an alias.  */
#if defined (__stub__pipe) || defined (__stub____pipe)
choke me
#else
_pipe();
#endif

; return 0; }
configure:17398: checking for popen
configure:17426: gcc -o conftest   -O      -D_GNU_SOURCE   conftest.c -Llibs/x86_64-linux-gcc -L/opt/schily/lib -Wl,-R/opt/schily/lib -Wl,-R/opt/schily/lib  1>&5
configure:17398: checking for pclose
configure:17426: gcc -o conftest   -O      -D_GNU_SOURCE   conftest.c -Llibs/x86_64-linux-gcc -L/opt/schily/lib -Wl,-R/opt/schily/lib -Wl,-R/opt/schily/lib  1>&5
configure:17398: checking for _popen
configure:17426: gcc -o conftest   -O      -D_GNU_SOURCE   conftest.c -Llibs/x86_64-linux-gcc -L/opt/schily/lib -Wl,-R/opt/schily/lib -Wl,-R/opt/schily/lib  1>&5
/tmp/ccKQXggd.o: In function `main':
conftest.c:(.text+0xa): undefined reference to `_popen'
collect2: error: ld returned 1 exit status
configure: failed program was:
#line 17403 "configure"
#include "confdefs.h"
/* System header to define __stub macros and hopefully few prototypes,
    which can conflict with char _popen(); below.  */
#include <assert.h>
/* Override any gcc2 internal prototype to avoid an error.  */
/* We use char because int might match the return type of a gcc2
    builtin and then its argument prototype would still apply.  */
char _popen();

int main() {

/* The GNU C library defines this for functions which it implements
    to always fail with ENOSYS.  Some functions are actually named
    something starting with __ and the normal name is an alias.  */
#if defined (__stub__popen) || defined (__stub____popen)
choke me
#else
_popen();
#endif

; return 0; }
configure:17398: checking for _pclose
configure:17426: gcc -o conftest   -O      -D_GNU_SOURCE   conftest.c -Llibs/x86_64-linux-gcc -L/opt/schily/lib -Wl,-R/opt/schily/lib -Wl,-R/opt/schily/lib  1>&5
/tmp/cci20Svg.o: In function `main':
conftest.c:(.text+0xa): undefined reference to `_pclose'
collect2: error: ld returned 1 exit status
configure: failed program was:
#line 17403 "configure"
#include "confdefs.h"
/* System header to define __stub macros and hopefully few prototypes,
    which can conflict with char _pclose(); below.  */
#include <assert.h>
/* Override any gcc2 internal prototype to avoid an error.  */
/* We use char because int might match the return type of a gcc2
    builtin and then its argument prototype would still apply.  */
char _pclose();

int main() {

/* The GNU C library defines this for functions which it implements
    to always fail with ENOSYS.  Some functions are actually named
    something starting with __ and the normal name is an alias.  */
#if defined (__stub__pclose) || defined (__stub____pclose)
choke me
#else
_pclose();
#endif

; return 0; }
configure:17453: checking for closefrom
configure:17481: gcc -o conftest   -O      -D_GNU_SOURCE   conftest.c -Llibs/x86_64-linux-gcc -L/opt/schily/lib -Wl,-R/opt/schily/lib -Wl,-R/opt/schily/lib  1>&5
/tmp/ccwnGdOi.o: In function `main':
conftest.c:(.text+0xa): undefined reference to `closefrom'
collect2: error: ld returned 1 exit status
configure: failed program was:
#line 17458 "configure"
#include "confdefs.h"
/* System header to define __stub macros and hopefully few prototypes,
    which can conflict with char closefrom(); below.  */
#include <assert.h>
/* Override any gcc2 internal prototype to avoid an error.  */
/* We use char because int might match the return type of a gcc2
    builtin and then its argument prototype would still apply.  */
char closefrom();

int main() {

/* The GNU C library defines this for functions which it implements
    to always fail with ENOSYS.  Some functions are actually named
    something starting with __ and the normal name is an alias.  */
#if defined (__stub_closefrom) || defined (__stub___closefrom)
choke me
#else
closefrom();
#endif

; return 0; }
configure:17508: checking for strsignal
configure:17536: gcc -o conftest   -O      -D_GNU_SOURCE   conftest.c -Llibs/x86_64-linux-gcc -L/opt/schily/lib -Wl,-R/opt/schily/lib -Wl,-R/opt/schily/lib  1>&5
configure:17508: checking for str2sig
configure:17536: gcc -o conftest   -O      -D_GNU_SOURCE   conftest.c -Llibs/x86_64-linux-gcc -L/opt/schily/lib -Wl,-R/opt/schily/lib -Wl,-R/opt/schily/lib  1>&5
/tmp/ccAh3uVe.o: In function `main':
conftest.c:(.text+0xa): undefined reference to `str2sig'
collect2: error: ld returned 1 exit status
configure: failed program was:
#line 17513 "configure"
#include "confdefs.h"
/* System header to define __stub macros and hopefully few prototypes,
    which can conflict with char str2sig(); below.  */
#include <assert.h>
/* Override any gcc2 internal prototype to avoid an error.  */
/* We use char because int might match the return type of a gcc2
    builtin and then its argument prototype would still apply.  */
char str2sig();

int main() {

/* The GNU C library defines this for functions which it implements
    to always fail with ENOSYS.  Some functions are actually named
    something starting with __ and the normal name is an alias.  */
#if defined (__stub_str2sig) || defined (__stub___str2sig)
choke me
#else
str2sig();
#endif

; return 0; }
configure:17508: checking for sig2str
configure:17536: gcc -o conftest   -O      -D_GNU_SOURCE   conftest.c -Llibs/x86_64-linux-gcc -L/opt/schily/lib -Wl,-R/opt/schily/lib -Wl,-R/opt/schily/lib  1>&5
/tmp/ccH4Qhfi.o: In function `main':
conftest.c:(.text+0xa): undefined reference to `sig2str'
collect2: error: ld returned 1 exit status
configure: failed program was:
#line 17513 "configure"
#include "confdefs.h"
/* System header to define __stub macros and hopefully few prototypes,
    which can conflict with char sig2str(); below.  */
#include <assert.h>
/* Override any gcc2 internal prototype to avoid an error.  */
/* We use char because int might match the return type of a gcc2
    builtin and then its argument prototype would still apply.  */
char sig2str();

int main() {

/* The GNU C library defines this for functions which it implements
    to always fail with ENOSYS.  Some functions are actually named
    something starting with __ and the normal name is an alias.  */
#if defined (__stub_sig2str) || defined (__stub___sig2str)
choke me
#else
sig2str();
#endif

; return 0; }
configure:17563: checking for kill
configure:17591: gcc -o conftest   -O      -D_GNU_SOURCE   conftest.c -Llibs/x86_64-linux-gcc -L/opt/schily/lib -Wl,-R/opt/schily/lib -Wl,-R/opt/schily/lib  1>&5
configure:17563: checking for killpg
configure:17591: gcc -o conftest   -O      -D_GNU_SOURCE   conftest.c -Llibs/x86_64-linux-gcc -L/opt/schily/lib -Wl,-R/opt/schily/lib -Wl,-R/opt/schily/lib  1>&5
configure:17618: checking for signal
configure:17646: gcc -o conftest   -O      -D_GNU_SOURCE   conftest.c -Llibs/x86_64-linux-gcc -L/opt/schily/lib -Wl,-R/opt/schily/lib -Wl,-R/opt/schily/lib  1>&5
configure:17618: checking for sighold
configure:17646: gcc -o conftest   -O      -D_GNU_SOURCE   conftest.c -Llibs/x86_64-linux-gcc -L/opt/schily/lib -Wl,-R/opt/schily/lib -Wl,-R/opt/schily/lib  1>&5
configure:17618: checking for sigrelse
configure:17646: gcc -o conftest   -O      -D_GNU_SOURCE   conftest.c -Llibs/x86_64-linux-gcc -L/opt/schily/lib -Wl,-R/opt/schily/lib -Wl,-R/opt/schily/lib  1>&5
configure:17618: checking for sigignore
configure:17646: gcc -o conftest   -O      -D_GNU_SOURCE   conftest.c -Llibs/x86_64-linux-gcc -L/opt/schily/lib -Wl,-R/opt/schily/lib -Wl,-R/opt/schily/lib  1>&5
configure:17618: checking for sigpause
configure:17646: gcc -o conftest   -O      -D_GNU_SOURCE   conftest.c -Llibs/x86_64-linux-gcc -L/opt/schily/lib -Wl,-R/opt/schily/lib -Wl,-R/opt/schily/lib  1>&5
configure:17618: checking for sigprocmask
configure:17646: gcc -o conftest   -O      -D_GNU_SOURCE   conftest.c -Llibs/x86_64-linux-gcc -L/opt/schily/lib -Wl,-R/opt/schily/lib -Wl,-R/opt/schily/lib  1>&5
configure:17618: checking for sigsetmask
configure:17646: gcc -o conftest   -O      -D_GNU_SOURCE   conftest.c -Llibs/x86_64-linux-gcc -L/opt/schily/lib -Wl,-R/opt/schily/lib -Wl,-R/opt/schily/lib  1>&5
configure:17618: checking for sigset
configure:17646: gcc -o conftest   -O      -D_GNU_SOURCE   conftest.c -Llibs/x86_64-linux-gcc -L/opt/schily/lib -Wl,-R/opt/schily/lib -Wl,-R/opt/schily/lib  1>&5
configure:17618: checking for sigaltstack
configure:17646: gcc -o conftest   -O      -D_GNU_SOURCE   conftest.c -Llibs/x86_64-linux-gcc -L/opt/schily/lib -Wl,-R/opt/schily/lib -Wl,-R/opt/schily/lib  1>&5
configure:17618: checking for sigblock
configure:17646: gcc -o conftest   -O      -D_GNU_SOURCE   conftest.c -Llibs/x86_64-linux-gcc -L/opt/schily/lib -Wl,-R/opt/schily/lib -Wl,-R/opt/schily/lib  1>&5
configure:17673: checking for alarm
configure:17701: gcc -o conftest   -O      -D_GNU_SOURCE   conftest.c -Llibs/x86_64-linux-gcc -L/opt/schily/lib -Wl,-R/opt/schily/lib -Wl,-R/opt/schily/lib  1>&5
configure:17673: checking for sleep
configure:17701: gcc -o conftest   -O      -D_GNU_SOURCE   conftest.c -Llibs/x86_64-linux-gcc -L/opt/schily/lib -Wl,-R/opt/schily/lib -Wl,-R/opt/schily/lib  1>&5
configure:17673: checking for usleep
configure:17701: gcc -o conftest   -O      -D_GNU_SOURCE   conftest.c -Llibs/x86_64-linux-gcc -L/opt/schily/lib -Wl,-R/opt/schily/lib -Wl,-R/opt/schily/lib  1>&5
configure:17673: checking for yield
configure:17701: gcc -o conftest   -O      -D_GNU_SOURCE   conftest.c -Llibs/x86_64-linux-gcc -L/opt/schily/lib -Wl,-R/opt/schily/lib -Wl,-R/opt/schily/lib  1>&5
/tmp/ccUUihJ9.o: In function `main':
conftest.c:(.text+0xa): undefined reference to `yield'
collect2: error: ld returned 1 exit status
configure: failed program was:
#line 17678 "configure"
#include "confdefs.h"
/* System header to define __stub macros and hopefully few prototypes,
    which can conflict with char yield(); below.  */
#include <assert.h>
/* Override any gcc2 internal prototype to avoid an error.  */
/* We use char because int might match the return type of a gcc2
    builtin and then its argument prototype would still apply.  */
char yield();

int main() {

/* The GNU C library defines this for functions which it implements
    to always fail with ENOSYS.  Some functions are actually named
    something starting with __ and the normal name is an alias.  */
#if defined (__stub_yield) || defined (__stub___yield)
choke me
#else
yield();
#endif

; return 0; }
configure:17728: checking for atexit
configure:17756: gcc -o conftest   -O      -D_GNU_SOURCE   conftest.c -Llibs/x86_64-linux-gcc -L/opt/schily/lib -Wl,-R/opt/schily/lib -Wl,-R/opt/schily/lib  1>&5
configure:17728: checking for on_exit
configure:17756: gcc -o conftest   -O      -D_GNU_SOURCE   conftest.c -Llibs/x86_64-linux-gcc -L/opt/schily/lib -Wl,-R/opt/schily/lib -Wl,-R/opt/schily/lib  1>&5
configure:17781: checking if tcgetattr is defined or function
configure:17801: gcc -o conftest   -O      -D_GNU_SOURCE   conftest.c -Llibs/x86_64-linux-gcc -L/opt/schily/lib -Wl,-R/opt/schily/lib -Wl,-R/opt/schily/lib  1>&5
configure: In function 'main':
configure:17796:2: warning: implicit declaration of function 'exit' [-Wimplicit-function-declaration]
configure:17796:2: warning: incompatible implicit declaration of built-in function 'exit'
configure:17796:2: note: include '<stdlib.h>' or provide a declaration of 'exit'
configure:17827: checking if tcsetattr is defined or function
configure:17847: gcc -o conftest   -O      -D_GNU_SOURCE   conftest.c -Llibs/x86_64-linux-gcc -L/opt/schily/lib -Wl,-R/opt/schily/lib -Wl,-R/opt/schily/lib  1>&5
configure: In function 'main':
configure:17842:2: warning: implicit declaration of function 'exit' [-Wimplicit-function-declaration]
configure:17842:2: warning: incompatible implicit declaration of built-in function 'exit'
configure:17842:2: note: include '<stdlib.h>' or provide a declaration of 'exit'
configure:17875: checking for tcgetpgrp
configure:17903: gcc -o conftest   -O      -D_GNU_SOURCE   conftest.c -Llibs/x86_64-linux-gcc -L/opt/schily/lib -Wl,-R/opt/schily/lib -Wl,-R/opt/schily/lib  1>&5
configure:17875: checking for tcsetpgrp
configure:17903: gcc -o conftest   -O      -D_GNU_SOURCE   conftest.c -Llibs/x86_64-linux-gcc -L/opt/schily/lib -Wl,-R/opt/schily/lib -Wl,-R/opt/schily/lib  1>&5
configure:17875: checking for tcgetsid
configure:17903: gcc -o conftest   -O      -D_GNU_SOURCE   conftest.c -Llibs/x86_64-linux-gcc -L/opt/schily/lib -Wl,-R/opt/schily/lib -Wl,-R/opt/schily/lib  1>&5
configure:17930: checking for getenv
configure:17958: gcc -o conftest   -O      -D_GNU_SOURCE   conftest.c -Llibs/x86_64-linux-gcc -L/opt/schily/lib -Wl,-R/opt/schily/lib -Wl,-R/opt/schily/lib  1>&5
configure:17930: checking for putenv
configure:17958: gcc -o conftest   -O      -D_GNU_SOURCE   conftest.c -Llibs/x86_64-linux-gcc -L/opt/schily/lib -Wl,-R/opt/schily/lib -Wl,-R/opt/schily/lib  1>&5
configure:17930: checking for setenv
configure:17958: gcc -o conftest   -O      -D_GNU_SOURCE   conftest.c -Llibs/x86_64-linux-gcc -L/opt/schily/lib -Wl,-R/opt/schily/lib -Wl,-R/opt/schily/lib  1>&5
configure:17930: checking for unsetenv
configure:17958: gcc -o conftest   -O      -D_GNU_SOURCE   conftest.c -Llibs/x86_64-linux-gcc -L/opt/schily/lib -Wl,-R/opt/schily/lib -Wl,-R/opt/schily/lib  1>&5
configure:17985: checking for snprintf
configure:18013: gcc -o conftest   -O      -D_GNU_SOURCE   conftest.c -Llibs/x86_64-linux-gcc -L/opt/schily/lib -Wl,-R/opt/schily/lib -Wl,-R/opt/schily/lib  1>&5
configure:17997:6: warning: conflicting types for built-in function 'snprintf' [-Wbuiltin-declaration-mismatch]
configure:17985: checking for strcasecmp
configure:18013: gcc -o conftest   -O      -D_GNU_SOURCE   conftest.c -Llibs/x86_64-linux-gcc -L/opt/schily/lib -Wl,-R/opt/schily/lib -Wl,-R/opt/schily/lib  1>&5
configure:17997:6: warning: conflicting types for built-in function 'strcasecmp' [-Wbuiltin-declaration-mismatch]
configure:17985: checking for strncasecmp
configure:18013: gcc -o conftest   -O      -D_GNU_SOURCE   conftest.c -Llibs/x86_64-linux-gcc -L/opt/schily/lib -Wl,-R/opt/schily/lib -Wl,-R/opt/schily/lib  1>&5
configure:17997:6: warning: conflicting types for built-in function 'strncasecmp' [-Wbuiltin-declaration-mismatch]
configure:18040: checking for vprintf
configure:18068: gcc -o conftest   -O      -D_GNU_SOURCE   conftest.c -Llibs/x86_64-linux-gcc -L/opt/schily/lib -Wl,-R/opt/schily/lib -Wl,-R/opt/schily/lib  1>&5
configure:18052:6: warning: conflicting types for built-in function 'vprintf' [-Wbuiltin-declaration-mismatch]
configure:18040: checking for vfprintf
configure:18068: gcc -o conftest   -O      -D_GNU_SOURCE   conftest.c -Llibs/x86_64-linux-gcc -L/opt/schily/lib -Wl,-R/opt/schily/lib -Wl,-R/opt/schily/lib  1>&5
configure:18052:6: warning: conflicting types for built-in function 'vfprintf' [-Wbuiltin-declaration-mismatch]
configure:18040: checking for vsprintf
configure:18068: gcc -o conftest   -O      -D_GNU_SOURCE   conftest.c -Llibs/x86_64-linux-gcc -L/opt/schily/lib -Wl,-R/opt/schily/lib -Wl,-R/opt/schily/lib  1>&5
configure:18052:6: warning: conflicting types for built-in function 'vsprintf' [-Wbuiltin-declaration-mismatch]
configure:18040: checking for vsnprintf
configure:18068: gcc -o conftest   -O      -D_GNU_SOURCE   conftest.c -Llibs/x86_64-linux-gcc -L/opt/schily/lib -Wl,-R/opt/schily/lib -Wl,-R/opt/schily/lib  1>&5
configure:18052:6: warning: conflicting types for built-in function 'vsnprintf' [-Wbuiltin-declaration-mismatch]
configure:18096: checking if strcat is defined or function
configure:18116: gcc -o conftest   -O      -D_GNU_SOURCE   conftest.c -Llibs/x86_64-linux-gcc -L/opt/schily/lib -Wl,-R/opt/schily/lib -Wl,-R/opt/schily/lib  1>&5
configure: In function 'main':
configure:18111:2: warning: implicit declaration of function 'exit' [-Wimplicit-function-declaration]
configure:18111:2: warning: incompatible implicit declaration of built-in function 'exit'
configure:18111:2: note: include '<stdlib.h>' or provide a declaration of 'exit'
configure:18096: checking if strncat is defined or function
configure:18116: gcc -o conftest   -O      -D_GNU_SOURCE   conftest.c -Llibs/x86_64-linux-gcc -L/opt/schily/lib -Wl,-R/opt/schily/lib -Wl,-R/opt/schily/lib  1>&5
configure: In function 'main':
configure:18111:2: warning: implicit declaration of function 'exit' [-Wimplicit-function-declaration]
configure:18111:2: warning: incompatible implicit declaration of built-in function 'exit'
configure:18111:2: note: include '<stdlib.h>' or provide a declaration of 'exit'
configure:18096: checking if strcmp is defined or function
configure:18116: gcc -o conftest   -O      -D_GNU_SOURCE   conftest.c -Llibs/x86_64-linux-gcc -L/opt/schily/lib -Wl,-R/opt/schily/lib -Wl,-R/opt/schily/lib  1>&5
configure: In function 'main':
configure:18111:2: warning: implicit declaration of function 'exit' [-Wimplicit-function-declaration]
configure:18111:2: warning: incompatible implicit declaration of built-in function 'exit'
configure:18111:2: note: include '<stdlib.h>' or provide a declaration of 'exit'
configure:18096: checking if strncmp is defined or function
configure:18116: gcc -o conftest   -O      -D_GNU_SOURCE   conftest.c -Llibs/x86_64-linux-gcc -L/opt/schily/lib -Wl,-R/opt/schily/lib -Wl,-R/opt/schily/lib  1>&5
configure: In function 'main':
configure:18111:2: warning: implicit declaration of function 'exit' [-Wimplicit-function-declaration]
configure:18111:2: warning: incompatible implicit declaration of built-in function 'exit'
configure:18111:2: note: include '<stdlib.h>' or provide a declaration of 'exit'
configure:18096: checking if strcpy is defined or function
configure:18116: gcc -o conftest   -O      -D_GNU_SOURCE   conftest.c -Llibs/x86_64-linux-gcc -L/opt/schily/lib -Wl,-R/opt/schily/lib -Wl,-R/opt/schily/lib  1>&5
configure: In function 'main':
configure:18111:2: warning: implicit declaration of function 'exit' [-Wimplicit-function-declaration]
configure:18111:2: warning: incompatible implicit declaration of built-in function 'exit'
configure:18111:2: note: include '<stdlib.h>' or provide a declaration of 'exit'
configure:18096: checking if strlcat is defined or function
configure:18116: gcc -o conftest   -O      -D_GNU_SOURCE   conftest.c -Llibs/x86_64-linux-gcc -L/opt/schily/lib -Wl,-R/opt/schily/lib -Wl,-R/opt/schily/lib  1>&5
configure: In function 'main':
configure:18110:21: error: 'strlcat' undeclared (first use in this function); did you mean 'strncat'?
configure:18110:21: note: each undeclared identifier is reported only once for each function it appears in
configure:18111:2: warning: implicit declaration of function 'exit' [-Wimplicit-function-declaration]
configure:18111:2: warning: incompatible implicit declaration of built-in function 'exit'
configure:18111:2: note: include '<stdlib.h>' or provide a declaration of 'exit'
configure: failed program was:
#line 18101 "configure"
#include "confdefs.h"

#ifdef	HAVE_STRING_H
#include <string.h>
#endif

int main() {

#ifndef strlcat
	char *p = (char *) strlcat;
	exit (p != (char *)0 && *p != 0);
#endif
; return 0; }
configure:18096: checking if strlcpy is defined or function
configure:18116: gcc -o conftest   -O      -D_GNU_SOURCE   conftest.c -Llibs/x86_64-linux-gcc -L/opt/schily/lib -Wl,-R/opt/schily/lib -Wl,-R/opt/schily/lib  1>&5
configure: In function 'main':
configure:18110:21: error: 'strlcpy' undeclared (first use in this function); did you mean 'strncpy'?
configure:18110:21: note: each undeclared identifier is reported only once for each function it appears in
configure:18111:2: warning: implicit declaration of function 'exit' [-Wimplicit-function-declaration]
configure:18111:2: warning: incompatible implicit declaration of built-in function 'exit'
configure:18111:2: note: include '<stdlib.h>' or provide a declaration of 'exit'
configure: failed program was:
#line 18101 "configure"
#include "confdefs.h"

#ifdef	HAVE_STRING_H
#include <string.h>
#endif

int main() {

#ifndef strlcpy
	char *p = (char *) strlcpy;
	exit (p != (char *)0 && *p != 0);
#endif
; return 0; }
configure:18096: checking if strncpy is defined or function
configure:18116: gcc -o conftest   -O      -D_GNU_SOURCE   conftest.c -Llibs/x86_64-linux-gcc -L/opt/schily/lib -Wl,-R/opt/schily/lib -Wl,-R/opt/schily/lib  1>&5
configure: In function 'main':
configure:18111:2: warning: implicit declaration of function 'exit' [-Wimplicit-function-declaration]
configure:18111:2: warning: incompatible implicit declaration of built-in function 'exit'
configure:18111:2: note: include '<stdlib.h>' or provide a declaration of 'exit'
configure:18096: checking if strdup is defined or function
configure:18116: gcc -o conftest   -O      -D_GNU_SOURCE   conftest.c -Llibs/x86_64-linux-gcc -L/opt/schily/lib -Wl,-R/opt/schily/lib -Wl,-R/opt/schily/lib  1>&5
configure: In function 'main':
configure:18111:2: warning: implicit declaration of function 'exit' [-Wimplicit-function-declaration]
configure:18111:2: warning: incompatible implicit declaration of built-in function 'exit'
configure:18111:2: note: include '<stdlib.h>' or provide a declaration of 'exit'
configure:18096: checking if strndup is defined or function
configure:18116: gcc -o conftest   -O      -D_GNU_SOURCE   conftest.c -Llibs/x86_64-linux-gcc -L/opt/schily/lib -Wl,-R/opt/schily/lib -Wl,-R/opt/schily/lib  1>&5
configure: In function 'main':
configure:18111:2: warning: implicit declaration of function 'exit' [-Wimplicit-function-declaration]
configure:18111:2: warning: incompatible implicit declaration of built-in function 'exit'
configure:18111:2: note: include '<stdlib.h>' or provide a declaration of 'exit'
configure:18096: checking if strlen is defined or function
configure:18116: gcc -o conftest   -O      -D_GNU_SOURCE   conftest.c -Llibs/x86_64-linux-gcc -L/opt/schily/lib -Wl,-R/opt/schily/lib -Wl,-R/opt/schily/lib  1>&5
configure: In function 'main':
configure:18111:2: warning: implicit declaration of function 'exit' [-Wimplicit-function-declaration]
configure:18111:2: warning: incompatible implicit declaration of built-in function 'exit'
configure:18111:2: note: include '<stdlib.h>' or provide a declaration of 'exit'
configure:18096: checking if strnlen is defined or function
configure:18116: gcc -o conftest   -O      -D_GNU_SOURCE   conftest.c -Llibs/x86_64-linux-gcc -L/opt/schily/lib -Wl,-R/opt/schily/lib -Wl,-R/opt/schily/lib  1>&5
configure: In function 'main':
configure:18111:2: warning: implicit declaration of function 'exit' [-Wimplicit-function-declaration]
configure:18111:2: warning: incompatible implicit declaration of built-in function 'exit'
configure:18111:2: note: include '<stdlib.h>' or provide a declaration of 'exit'
configure:18096: checking if strchr is defined or function
configure:18116: gcc -o conftest   -O      -D_GNU_SOURCE   conftest.c -Llibs/x86_64-linux-gcc -L/opt/schily/lib -Wl,-R/opt/schily/lib -Wl,-R/opt/schily/lib  1>&5
configure: In function 'main':
configure:18111:2: warning: implicit declaration of function 'exit' [-Wimplicit-function-declaration]
configure:18111:2: warning: incompatible implicit declaration of built-in function 'exit'
configure:18111:2: note: include '<stdlib.h>' or provide a declaration of 'exit'
configure:18096: checking if strrchr is defined or function
configure:18116: gcc -o conftest   -O      -D_GNU_SOURCE   conftest.c -Llibs/x86_64-linux-gcc -L/opt/schily/lib -Wl,-R/opt/schily/lib -Wl,-R/opt/schily/lib  1>&5
configure: In function 'main':
configure:18111:2: warning: implicit declaration of function 'exit' [-Wimplicit-function-declaration]
configure:18111:2: warning: incompatible implicit declaration of built-in function 'exit'
configure:18111:2: note: include '<stdlib.h>' or provide a declaration of 'exit'
configure:18096: checking if strstr is defined or function
configure:18116: gcc -o conftest   -O      -D_GNU_SOURCE   conftest.c -Llibs/x86_64-linux-gcc -L/opt/schily/lib -Wl,-R/opt/schily/lib -Wl,-R/opt/schily/lib  1>&5
configure: In function 'main':
configure:18111:2: warning: implicit declaration of function 'exit' [-Wimplicit-function-declaration]
configure:18111:2: warning: incompatible implicit declaration of built-in function 'exit'
configure:18111:2: note: include '<stdlib.h>' or provide a declaration of 'exit'
configure:18096: checking if strspn is defined or function
configure:18116: gcc -o conftest   -O      -D_GNU_SOURCE   conftest.c -Llibs/x86_64-linux-gcc -L/opt/schily/lib -Wl,-R/opt/schily/lib -Wl,-R/opt/schily/lib  1>&5
configure: In function 'main':
configure:18111:2: warning: implicit declaration of function 'exit' [-Wimplicit-function-declaration]
configure:18111:2: warning: incompatible implicit declaration of built-in function 'exit'
configure:18111:2: note: include '<stdlib.h>' or provide a declaration of 'exit'
configure:18096: checking if strcspn is defined or function
configure:18116: gcc -o conftest   -O      -D_GNU_SOURCE   conftest.c -Llibs/x86_64-linux-gcc -L/opt/schily/lib -Wl,-R/opt/schily/lib -Wl,-R/opt/schily/lib  1>&5
configure: In function 'main':
configure:18111:2: warning: implicit declaration of function 'exit' [-Wimplicit-function-declaration]
configure:18111:2: warning: incompatible implicit declaration of built-in function 'exit'
configure:18111:2: note: include '<stdlib.h>' or provide a declaration of 'exit'
configure:18145: checking if wcscat is defined or function
configure:18165: gcc -o conftest   -O      -D_GNU_SOURCE   conftest.c -Llibs/x86_64-linux-gcc -L/opt/schily/lib -Wl,-R/opt/schily/lib -Wl,-R/opt/schily/lib  1>&5
configure: In function 'main':
configure:18160:2: warning: implicit declaration of function 'exit' [-Wimplicit-function-declaration]
configure:18160:2: warning: incompatible implicit declaration of built-in function 'exit'
configure:18160:2: note: include '<stdlib.h>' or provide a declaration of 'exit'
configure:18145: checking if wcsncat is defined or function
configure:18165: gcc -o conftest   -O      -D_GNU_SOURCE   conftest.c -Llibs/x86_64-linux-gcc -L/opt/schily/lib -Wl,-R/opt/schily/lib -Wl,-R/opt/schily/lib  1>&5
configure: In function 'main':
configure:18160:2: warning: implicit declaration of function 'exit' [-Wimplicit-function-declaration]
configure:18160:2: warning: incompatible implicit declaration of built-in function 'exit'
configure:18160:2: note: include '<stdlib.h>' or provide a declaration of 'exit'
configure:18145: checking if wcscmp is defined or function
configure:18165: gcc -o conftest   -O      -D_GNU_SOURCE   conftest.c -Llibs/x86_64-linux-gcc -L/opt/schily/lib -Wl,-R/opt/schily/lib -Wl,-R/opt/schily/lib  1>&5
configure: In function 'main':
configure:18160:2: warning: implicit declaration of function 'exit' [-Wimplicit-function-declaration]
configure:18160:2: warning: incompatible implicit declaration of built-in function 'exit'
configure:18160:2: note: include '<stdlib.h>' or provide a declaration of 'exit'
configure:18145: checking if wcsncmp is defined or function
configure:18165: gcc -o conftest   -O      -D_GNU_SOURCE   conftest.c -Llibs/x86_64-linux-gcc -L/opt/schily/lib -Wl,-R/opt/schily/lib -Wl,-R/opt/schily/lib  1>&5
configure: In function 'main':
configure:18160:2: warning: implicit declaration of function 'exit' [-Wimplicit-function-declaration]
configure:18160:2: warning: incompatible implicit declaration of built-in function 'exit'
configure:18160:2: note: include '<stdlib.h>' or provide a declaration of 'exit'
configure:18145: checking if wcscpy is defined or function
configure:18165: gcc -o conftest   -O      -D_GNU_SOURCE   conftest.c -Llibs/x86_64-linux-gcc -L/opt/schily/lib -Wl,-R/opt/schily/lib -Wl,-R/opt/schily/lib  1>&5
configure: In function 'main':
configure:18160:2: warning: implicit declaration of function 'exit' [-Wimplicit-function-declaration]
configure:18160:2: warning: incompatible implicit declaration of built-in function 'exit'
configure:18160:2: note: include '<stdlib.h>' or provide a declaration of 'exit'
configure:18145: checking if wcslcat is defined or function
configure:18165: gcc -o conftest   -O      -D_GNU_SOURCE   conftest.c -Llibs/x86_64-linux-gcc -L/opt/schily/lib -Wl,-R/opt/schily/lib -Wl,-R/opt/schily/lib  1>&5
configure: In function 'main':
configure:18159:21: error: 'wcslcat' undeclared (first use in this function); did you mean 'wcsncat'?
configure:18159:21: note: each undeclared identifier is reported only once for each function it appears in
configure:18160:2: warning: implicit declaration of function 'exit' [-Wimplicit-function-declaration]
configure:18160:2: warning: incompatible implicit declaration of built-in function 'exit'
configure:18160:2: note: include '<stdlib.h>' or provide a declaration of 'exit'
configure: failed program was:
#line 18150 "configure"
#include "confdefs.h"

#ifdef	HAVE_WCHAR_H
#include <wchar.h>
#endif

int main() {

#ifndef wcslcat
	char *p = (char *) wcslcat;
	exit (p != (char *)0 && *p != 0);
#endif
; return 0; }
configure:18145: checking if wcslcpy is defined or function
configure:18165: gcc -o conftest   -O      -D_GNU_SOURCE   conftest.c -Llibs/x86_64-linux-gcc -L/opt/schily/lib -Wl,-R/opt/schily/lib -Wl,-R/opt/schily/lib  1>&5
configure: In function 'main':
configure:18159:21: error: 'wcslcpy' undeclared (first use in this function); did you mean 'wcsncpy'?
configure:18159:21: note: each undeclared identifier is reported only once for each function it appears in
configure:18160:2: warning: implicit declaration of function 'exit' [-Wimplicit-function-declaration]
configure:18160:2: warning: incompatible implicit declaration of built-in function 'exit'
configure:18160:2: note: include '<stdlib.h>' or provide a declaration of 'exit'
configure: failed program was:
#line 18150 "configure"
#include "confdefs.h"

#ifdef	HAVE_WCHAR_H
#include <wchar.h>
#endif

int main() {

#ifndef wcslcpy
	char *p = (char *) wcslcpy;
	exit (p != (char *)0 && *p != 0);
#endif
; return 0; }
configure:18145: checking if wcsncpy is defined or function
configure:18165: gcc -o conftest   -O      -D_GNU_SOURCE   conftest.c -Llibs/x86_64-linux-gcc -L/opt/schily/lib -Wl,-R/opt/schily/lib -Wl,-R/opt/schily/lib  1>&5
configure: In function 'main':
configure:18160:2: warning: implicit declaration of function 'exit' [-Wimplicit-function-declaration]
configure:18160:2: warning: incompatible implicit declaration of built-in function 'exit'
configure:18160:2: note: include '<stdlib.h>' or provide a declaration of 'exit'
configure:18145: checking if wcsdup is defined or function
configure:18165: gcc -o conftest   -O      -D_GNU_SOURCE   conftest.c -Llibs/x86_64-linux-gcc -L/opt/schily/lib -Wl,-R/opt/schily/lib -Wl,-R/opt/schily/lib  1>&5
configure: In function 'main':
configure:18160:2: warning: implicit declaration of function 'exit' [-Wimplicit-function-declaration]
configure:18160:2: warning: incompatible implicit declaration of built-in function 'exit'
configure:18160:2: note: include '<stdlib.h>' or provide a declaration of 'exit'
configure:18145: checking if wcsndup is defined or function
configure:18165: gcc -o conftest   -O      -D_GNU_SOURCE   conftest.c -Llibs/x86_64-linux-gcc -L/opt/schily/lib -Wl,-R/opt/schily/lib -Wl,-R/opt/schily/lib  1>&5
configure: In function 'main':
configure:18159:21: error: 'wcsndup' undeclared (first use in this function); did you mean 'wcsdup'?
configure:18159:21: note: each undeclared identifier is reported only once for each function it appears in
configure:18160:2: warning: implicit declaration of function 'exit' [-Wimplicit-function-declaration]
configure:18160:2: warning: incompatible implicit declaration of built-in function 'exit'
configure:18160:2: note: include '<stdlib.h>' or provide a declaration of 'exit'
configure: failed program was:
#line 18150 "configure"
#include "confdefs.h"

#ifdef	HAVE_WCHAR_H
#include <wchar.h>
#endif

int main() {

#ifndef wcsndup
	char *p = (char *) wcsndup;
	exit (p != (char *)0 && *p != 0);
#endif
; return 0; }
configure:18145: checking if wcslen is defined or function
configure:18165: gcc -o conftest   -O      -D_GNU_SOURCE   conftest.c -Llibs/x86_64-linux-gcc -L/opt/schily/lib -Wl,-R/opt/schily/lib -Wl,-R/opt/schily/lib  1>&5
configure: In function 'main':
configure:18160:2: warning: implicit declaration of function 'exit' [-Wimplicit-function-declaration]
configure:18160:2: warning: incompatible implicit declaration of built-in function 'exit'
configure:18160:2: note: include '<stdlib.h>' or provide a declaration of 'exit'
configure:18145: checking if wcsnlen is defined or function
configure:18165: gcc -o conftest   -O      -D_GNU_SOURCE   conftest.c -Llibs/x86_64-linux-gcc -L/opt/schily/lib -Wl,-R/opt/schily/lib -Wl,-R/opt/schily/lib  1>&5
configure: In function 'main':
configure:18160:2: warning: implicit declaration of function 'exit' [-Wimplicit-function-declaration]
configure:18160:2: warning: incompatible implicit declaration of built-in function 'exit'
configure:18160:2: note: include '<stdlib.h>' or provide a declaration of 'exit'
configure:18145: checking if wcschr is defined or function
configure:18165: gcc -o conftest   -O      -D_GNU_SOURCE   conftest.c -Llibs/x86_64-linux-gcc -L/opt/schily/lib -Wl,-R/opt/schily/lib -Wl,-R/opt/schily/lib  1>&5
configure: In function 'main':
configure:18160:2: warning: implicit declaration of function 'exit' [-Wimplicit-function-declaration]
configure:18160:2: warning: incompatible implicit declaration of built-in function 'exit'
configure:18160:2: note: include '<stdlib.h>' or provide a declaration of 'exit'
configure:18145: checking if wcsrchr is defined or function
configure:18165: gcc -o conftest   -O      -D_GNU_SOURCE   conftest.c -Llibs/x86_64-linux-gcc -L/opt/schily/lib -Wl,-R/opt/schily/lib -Wl,-R/opt/schily/lib  1>&5
configure: In function 'main':
configure:18160:2: warning: implicit declaration of function 'exit' [-Wimplicit-function-declaration]
configure:18160:2: warning: incompatible implicit declaration of built-in function 'exit'
configure:18160:2: note: include '<stdlib.h>' or provide a declaration of 'exit'
configure:18145: checking if wcsstr is defined or function
configure:18165: gcc -o conftest   -O      -D_GNU_SOURCE   conftest.c -Llibs/x86_64-linux-gcc -L/opt/schily/lib -Wl,-R/opt/schily/lib -Wl,-R/opt/schily/lib  1>&5
configure: In function 'main':
configure:18160:2: warning: implicit declaration of function 'exit' [-Wimplicit-function-declaration]
configure:18160:2: warning: incompatible implicit declaration of built-in function 'exit'
configure:18160:2: note: include '<stdlib.h>' or provide a declaration of 'exit'
configure:18145: checking if wcsspn is defined or function
configure:18165: gcc -o conftest   -O      -D_GNU_SOURCE   conftest.c -Llibs/x86_64-linux-gcc -L/opt/schily/lib -Wl,-R/opt/schily/lib -Wl,-R/opt/schily/lib  1>&5
configure: In function 'main':
configure:18160:2: warning: implicit declaration of function 'exit' [-Wimplicit-function-declaration]
configure:18160:2: warning: incompatible implicit declaration of built-in function 'exit'
configure:18160:2: note: include '<stdlib.h>' or provide a declaration of 'exit'
configure:18145: checking if wcscspn is defined or function
configure:18165: gcc -o conftest   -O      -D_GNU_SOURCE   conftest.c -Llibs/x86_64-linux-gcc -L/opt/schily/lib -Wl,-R/opt/schily/lib -Wl,-R/opt/schily/lib  1>&5
configure: In function 'main':
configure:18160:2: warning: implicit declaration of function 'exit' [-Wimplicit-function-declaration]
configure:18160:2: warning: incompatible implicit declaration of built-in function 'exit'
configure:18160:2: note: include '<stdlib.h>' or provide a declaration of 'exit'
configure:18195: checking for wcwidth
configure:18223: gcc -o conftest   -O      -D_GNU_SOURCE   conftest.c -Llibs/x86_64-linux-gcc -L/opt/schily/lib -Wl,-R/opt/schily/lib -Wl,-R/opt/schily/lib  1>&5
configure:18195: checking for wcswidth
configure:18223: gcc -o conftest   -O      -D_GNU_SOURCE   conftest.c -Llibs/x86_64-linux-gcc -L/opt/schily/lib -Wl,-R/opt/schily/lib -Wl,-R/opt/schily/lib  1>&5
configure:18195: checking for wctype
configure:18223: gcc -o conftest   -O      -D_GNU_SOURCE   conftest.c -Llibs/x86_64-linux-gcc -L/opt/schily/lib -Wl,-R/opt/schily/lib -Wl,-R/opt/schily/lib  1>&5
configure:18195: checking for iswctype
configure:18223: gcc -o conftest   -O      -D_GNU_SOURCE   conftest.c -Llibs/x86_64-linux-gcc -L/opt/schily/lib -Wl,-R/opt/schily/lib -Wl,-R/opt/schily/lib  1>&5
configure:18195: checking for wcstol
configure:18223: gcc -o conftest   -O      -D_GNU_SOURCE   conftest.c -Llibs/x86_64-linux-gcc -L/opt/schily/lib -Wl,-R/opt/schily/lib -Wl,-R/opt/schily/lib  1>&5
configure:18195: checking for wcstoll
configure:18223: gcc -o conftest   -O      -D_GNU_SOURCE   conftest.c -Llibs/x86_64-linux-gcc -L/opt/schily/lib -Wl,-R/opt/schily/lib -Wl,-R/opt/schily/lib  1>&5
configure:18195: checking for wcstoul
configure:18223: gcc -o conftest   -O      -D_GNU_SOURCE   conftest.c -Llibs/x86_64-linux-gcc -L/opt/schily/lib -Wl,-R/opt/schily/lib -Wl,-R/opt/schily/lib  1>&5
configure:18195: checking for wcstoull
configure:18223: gcc -o conftest   -O      -D_GNU_SOURCE   conftest.c -Llibs/x86_64-linux-gcc -L/opt/schily/lib -Wl,-R/opt/schily/lib -Wl,-R/opt/schily/lib  1>&5
configure:18250: checking for fgetws
configure:18278: gcc -o conftest   -O      -D_GNU_SOURCE   conftest.c -Llibs/x86_64-linux-gcc -L/opt/schily/lib -Wl,-R/opt/schily/lib -Wl,-R/opt/schily/lib  1>&5
configure:18305: checking for basename
configure:18333: gcc -o conftest   -O      -D_GNU_SOURCE   conftest.c -Llibs/x86_64-linux-gcc -L/opt/schily/lib -Wl,-R/opt/schily/lib -Wl,-R/opt/schily/lib  1>&5
configure:18305: checking for dirname
configure:18333: gcc -o conftest   -O      -D_GNU_SOURCE   conftest.c -Llibs/x86_64-linux-gcc -L/opt/schily/lib -Wl,-R/opt/schily/lib -Wl,-R/opt/schily/lib  1>&5
configure:18360: checking for pathconf
configure:18388: gcc -o conftest   -O      -D_GNU_SOURCE   conftest.c -Llibs/x86_64-linux-gcc -L/opt/schily/lib -Wl,-R/opt/schily/lib -Wl,-R/opt/schily/lib  1>&5
configure:18360: checking for fpathconf
configure:18388: gcc -o conftest   -O      -D_GNU_SOURCE   conftest.c -Llibs/x86_64-linux-gcc -L/opt/schily/lib -Wl,-R/opt/schily/lib -Wl,-R/opt/schily/lib  1>&5
configure:18360: checking for lpathconf
configure:18388: gcc -o conftest   -O      -D_GNU_SOURCE   conftest.c -Llibs/x86_64-linux-gcc -L/opt/schily/lib -Wl,-R/opt/schily/lib -Wl,-R/opt/schily/lib  1>&5
/tmp/ccGn92Pf.o: In function `main':
conftest.c:(.text+0xa): undefined reference to `lpathconf'
collect2: error: ld returned 1 exit status
configure: failed program was:
#line 18365 "configure"
#include "confdefs.h"
/* System header to define __stub macros and hopefully few prototypes,
    which can conflict with char lpathconf(); below.  */
#include <assert.h>
/* Override any gcc2 internal prototype to avoid an error.  */
/* We use char because int might match the return type of a gcc2
    builtin and then its argument prototype would still apply.  */
char lpathconf();

int main() {

/* The GNU C library defines this for functions which it implements
    to always fail with ENOSYS.  Some functions are actually named
    something starting with __ and the normal name is an alias.  */
#if defined (__stub_lpathconf) || defined (__stub___lpathconf)
choke me
#else
lpathconf();
#endif

; return 0; }
configure:18415: checking for malloc
configure:18443: gcc -o conftest   -O      -D_GNU_SOURCE   conftest.c -Llibs/x86_64-linux-gcc -L/opt/schily/lib -Wl,-R/opt/schily/lib -Wl,-R/opt/schily/lib  1>&5
configure:18427:6: warning: conflicting types for built-in function 'malloc' [-Wbuiltin-declaration-mismatch]
configure:18415: checking for calloc
configure:18443: gcc -o conftest   -O      -D_GNU_SOURCE   conftest.c -Llibs/x86_64-linux-gcc -L/opt/schily/lib -Wl,-R/opt/schily/lib -Wl,-R/opt/schily/lib  1>&5
configure:18427:6: warning: conflicting types for built-in function 'calloc' [-Wbuiltin-declaration-mismatch]
configure:18415: checking for valloc
configure:18443: gcc -o conftest   -O      -D_GNU_SOURCE   conftest.c -Llibs/x86_64-linux-gcc -L/opt/schily/lib -Wl,-R/opt/schily/lib -Wl,-R/opt/schily/lib  1>&5
configure:18415: checking for realloc
configure:18443: gcc -o conftest   -O      -D_GNU_SOURCE   conftest.c -Llibs/x86_64-linux-gcc -L/opt/schily/lib -Wl,-R/opt/schily/lib -Wl,-R/opt/schily/lib  1>&5
configure:18427:6: warning: conflicting types for built-in function 'realloc' [-Wbuiltin-declaration-mismatch]
configure:18415: checking for memalign
configure:18443: gcc -o conftest   -O      -D_GNU_SOURCE   conftest.c -Llibs/x86_64-linux-gcc -L/opt/schily/lib -Wl,-R/opt/schily/lib -Wl,-R/opt/schily/lib  1>&5
configure:18415: checking for posix_memalign
configure:18443: gcc -o conftest   -O      -D_GNU_SOURCE   conftest.c -Llibs/x86_64-linux-gcc -L/opt/schily/lib -Wl,-R/opt/schily/lib -Wl,-R/opt/schily/lib  1>&5
configure:18427:6: warning: conflicting types for built-in function 'posix_memalign' [-Wbuiltin-declaration-mismatch]
configure:18470: checking for madvise
configure:18498: gcc -o conftest   -O      -D_GNU_SOURCE   conftest.c -Llibs/x86_64-linux-gcc -L/opt/schily/lib -Wl,-R/opt/schily/lib -Wl,-R/opt/schily/lib  1>&5
configure:18525: checking for mktemp
configure:18553: gcc -o conftest   -O      -D_GNU_SOURCE   conftest.c -Llibs/x86_64-linux-gcc -L/opt/schily/lib -Wl,-R/opt/schily/lib -Wl,-R/opt/schily/lib  1>&5
/tmp/ccn9B4Nz.o: In function `main':
conftest.c:(.text+0xa): warning: the use of `mktemp' is dangerous, better use `mkstemp' or `mkdtemp'
configure:18525: checking for mkstemp
configure:18553: gcc -o conftest   -O      -D_GNU_SOURCE   conftest.c -Llibs/x86_64-linux-gcc -L/opt/schily/lib -Wl,-R/opt/schily/lib -Wl,-R/opt/schily/lib  1>&5
configure:18580: checking for chflags
configure:18608: gcc -o conftest   -O      -D_GNU_SOURCE   conftest.c -Llibs/x86_64-linux-gcc -L/opt/schily/lib -Wl,-R/opt/schily/lib -Wl,-R/opt/schily/lib  1>&5
configure: In function 'main':
configure:18600:1: error: unknown type name 'choke'
configure: failed program was:
#line 18585 "configure"
#include "confdefs.h"
/* System header to define __stub macros and hopefully few prototypes,
    which can conflict with char chflags(); below.  */
#include <assert.h>
/* Override any gcc2 internal prototype to avoid an error.  */
/* We use char because int might match the return type of a gcc2
    builtin and then its argument prototype would still apply.  */
char chflags();

int main() {

/* The GNU C library defines this for functions which it implements
    to always fail with ENOSYS.  Some functions are actually named
    something starting with __ and the normal name is an alias.  */
#if defined (__stub_chflags) || defined (__stub___chflags)
choke me
#else
chflags();
#endif

; return 0; }
configure:18580: checking for fchflags
configure:18608: gcc -o conftest   -O      -D_GNU_SOURCE   conftest.c -Llibs/x86_64-linux-gcc -L/opt/schily/lib -Wl,-R/opt/schily/lib -Wl,-R/opt/schily/lib  1>&5
configure: In function 'main':
configure:18600:1: error: unknown type name 'choke'
configure: failed program was:
#line 18585 "configure"
#include "confdefs.h"
/* System header to define __stub macros and hopefully few prototypes,
    which can conflict with char fchflags(); below.  */
#include <assert.h>
/* Override any gcc2 internal prototype to avoid an error.  */
/* We use char because int might match the return type of a gcc2
    builtin and then its argument prototype would still apply.  */
char fchflags();

int main() {

/* The GNU C library defines this for functions which it implements
    to always fail with ENOSYS.  Some functions are actually named
    something starting with __ and the normal name is an alias.  */
#if defined (__stub_fchflags) || defined (__stub___fchflags)
choke me
#else
fchflags();
#endif

; return 0; }
configure:18580: checking for fflagstostr
configure:18608: gcc -o conftest   -O      -D_GNU_SOURCE   conftest.c -Llibs/x86_64-linux-gcc -L/opt/schily/lib -Wl,-R/opt/schily/lib -Wl,-R/opt/schily/lib  1>&5
/tmp/ccTgvsnG.o: In function `main':
conftest.c:(.text+0xa): undefined reference to `fflagstostr'
collect2: error: ld returned 1 exit status
configure: failed program was:
#line 18585 "configure"
#include "confdefs.h"
/* System header to define __stub macros and hopefully few prototypes,
    which can conflict with char fflagstostr(); below.  */
#include <assert.h>
/* Override any gcc2 internal prototype to avoid an error.  */
/* We use char because int might match the return type of a gcc2
    builtin and then its argument prototype would still apply.  */
char fflagstostr();

int main() {

/* The GNU C library defines this for functions which it implements
    to always fail with ENOSYS.  Some functions are actually named
    something starting with __ and the normal name is an alias.  */
#if defined (__stub_fflagstostr) || defined (__stub___fflagstostr)
choke me
#else
fflagstostr();
#endif

; return 0; }
configure:18580: checking for strtofflags
configure:18608: gcc -o conftest   -O      -D_GNU_SOURCE   conftest.c -Llibs/x86_64-linux-gcc -L/opt/schily/lib -Wl,-R/opt/schily/lib -Wl,-R/opt/schily/lib  1>&5
/tmp/ccFhRJsJ.o: In function `main':
conftest.c:(.text+0xa): undefined reference to `strtofflags'
collect2: error: ld returned 1 exit status
configure: failed program was:
#line 18585 "configure"
#include "confdefs.h"
/* System header to define __stub macros and hopefully few prototypes,
    which can conflict with char strtofflags(); below.  */
#include <assert.h>
/* Override any gcc2 internal prototype to avoid an error.  */
/* We use char because int might match the return type of a gcc2
    builtin and then its argument prototype would still apply.  */
char strtofflags();

int main() {

/* The GNU C library defines this for functions which it implements
    to always fail with ENOSYS.  Some functions are actually named
    something starting with __ and the normal name is an alias.  */
#if defined (__stub_strtofflags) || defined (__stub___strtofflags)
choke me
#else
strtofflags();
#endif

; return 0; }
configure:18635: checking for fnmatch
configure:18663: gcc -o conftest   -O      -D_GNU_SOURCE   conftest.c -Llibs/x86_64-linux-gcc -L/opt/schily/lib -Wl,-R/opt/schily/lib -Wl,-R/opt/schily/lib  1>&5
configure:18690: checking for truncate
configure:18718: gcc -o conftest   -O      -D_GNU_SOURCE   conftest.c -Llibs/x86_64-linux-gcc -L/opt/schily/lib -Wl,-R/opt/schily/lib -Wl,-R/opt/schily/lib  1>&5
configure:18690: checking for ftruncate
configure:18718: gcc -o conftest   -O      -D_GNU_SOURCE   conftest.c -Llibs/x86_64-linux-gcc -L/opt/schily/lib -Wl,-R/opt/schily/lib -Wl,-R/opt/schily/lib  1>&5
configure:18745: checking for getppriv
configure:18773: gcc -o conftest   -O      -D_GNU_SOURCE   conftest.c -Llibs/x86_64-linux-gcc -L/opt/schily/lib -Wl,-R/opt/schily/lib -Wl,-R/opt/schily/lib  1>&5
/tmp/ccVqeRJY.o: In function `main':
conftest.c:(.text+0xa): undefined reference to `getppriv'
collect2: error: ld returned 1 exit status
configure: failed program was:
#line 18750 "configure"
#include "confdefs.h"
/* System header to define __stub macros and hopefully few prototypes,
    which can conflict with char getppriv(); below.  */
#include <assert.h>
/* Override any gcc2 internal prototype to avoid an error.  */
/* We use char because int might match the return type of a gcc2
    builtin and then its argument prototype would still apply.  */
char getppriv();

int main() {

/* The GNU C library defines this for functions which it implements
    to always fail with ENOSYS.  Some functions are actually named
    something starting with __ and the normal name is an alias.  */
#if defined (__stub_getppriv) || defined (__stub___getppriv)
choke me
#else
getppriv();
#endif

; return 0; }
configure:18745: checking for setppriv
configure:18773: gcc -o conftest   -O      -D_GNU_SOURCE   conftest.c -Llibs/x86_64-linux-gcc -L/opt/schily/lib -Wl,-R/opt/schily/lib -Wl,-R/opt/schily/lib  1>&5
/tmp/cc4WeDM1.o: In function `main':
conftest.c:(.text+0xa): undefined reference to `setppriv'
collect2: error: ld returned 1 exit status
configure: failed program was:
#line 18750 "configure"
#include "confdefs.h"
/* System header to define __stub macros and hopefully few prototypes,
    which can conflict with char setppriv(); below.  */
#include <assert.h>
/* Override any gcc2 internal prototype to avoid an error.  */
/* We use char because int might match the return type of a gcc2
    builtin and then its argument prototype would still apply.  */
char setppriv();

int main() {

/* The GNU C library defines this for functions which it implements
    to always fail with ENOSYS.  Some functions are actually named
    something starting with __ and the normal name is an alias.  */
#if defined (__stub_setppriv) || defined (__stub___setppriv)
choke me
#else
setppriv();
#endif

; return 0; }
configure:18745: checking for priv_set
configure:18773: gcc -o conftest   -O      -D_GNU_SOURCE   conftest.c -Llibs/x86_64-linux-gcc -L/opt/schily/lib -Wl,-R/opt/schily/lib -Wl,-R/opt/schily/lib  1>&5
/tmp/ccRWj8C2.o: In function `main':
conftest.c:(.text+0xa): undefined reference to `priv_set'
collect2: error: ld returned 1 exit status
configure: failed program was:
#line 18750 "configure"
#include "confdefs.h"
/* System header to define __stub macros and hopefully few prototypes,
    which can conflict with char priv_set(); below.  */
#include <assert.h>
/* Override any gcc2 internal prototype to avoid an error.  */
/* We use char because int might match the return type of a gcc2
    builtin and then its argument prototype would still apply.  */
char priv_set();

int main() {

/* The GNU C library defines this for functions which it implements
    to always fail with ENOSYS.  Some functions are actually named
    something starting with __ and the normal name is an alias.  */
#if defined (__stub_priv_set) || defined (__stub___priv_set)
choke me
#else
priv_set();
#endif

; return 0; }
configure:18800: checking for issetugid
configure:18828: gcc -o conftest   -O      -D_GNU_SOURCE   conftest.c -Llibs/x86_64-linux-gcc -L/opt/schily/lib -Wl,-R/opt/schily/lib -Wl,-R/opt/schily/lib  1>&5
/tmp/ccysfsR5.o: In function `main':
conftest.c:(.text+0xa): undefined reference to `issetugid'
collect2: error: ld returned 1 exit status
configure: failed program was:
#line 18805 "configure"
#include "confdefs.h"
/* System header to define __stub macros and hopefully few prototypes,
    which can conflict with char issetugid(); below.  */
#include <assert.h>
/* Override any gcc2 internal prototype to avoid an error.  */
/* We use char because int might match the return type of a gcc2
    builtin and then its argument prototype would still apply.  */
char issetugid();

int main() {

/* The GNU C library defines this for functions which it implements
    to always fail with ENOSYS.  Some functions are actually named
    something starting with __ and the normal name is an alias.  */
#if defined (__stub_issetugid) || defined (__stub___issetugid)
choke me
#else
issetugid();
#endif

; return 0; }
configure:18855: checking for getroles
configure:18883: gcc -o conftest   -O      -D_GNU_SOURCE   conftest.c -Llibs/x86_64-linux-gcc -L/opt/schily/lib -Wl,-R/opt/schily/lib -Wl,-R/opt/schily/lib  1>&5
/tmp/cc0Ukclb.o: In function `main':
conftest.c:(.text+0xa): undefined reference to `getroles'
collect2: error: ld returned 1 exit status
configure: failed program was:
#line 18860 "configure"
#include "confdefs.h"
/* System header to define __stub macros and hopefully few prototypes,
    which can conflict with char getroles(); below.  */
#include <assert.h>
/* Override any gcc2 internal prototype to avoid an error.  */
/* We use char because int might match the return type of a gcc2
    builtin and then its argument prototype would still apply.  */
char getroles();

int main() {

/* The GNU C library defines this for functions which it implements
    to always fail with ENOSYS.  Some functions are actually named
    something starting with __ and the normal name is an alias.  */
#if defined (__stub_getroles) || defined (__stub___getroles)
choke me
#else
getroles();
#endif

; return 0; }
configure:18855: checking for privbit_set
configure:18883: gcc -o conftest   -O      -D_GNU_SOURCE   conftest.c -Llibs/x86_64-linux-gcc -L/opt/schily/lib -Wl,-R/opt/schily/lib -Wl,-R/opt/schily/lib  1>&5
/tmp/ccOEUq1c.o: In function `main':
conftest.c:(.text+0xa): undefined reference to `privbit_set'
collect2: error: ld returned 1 exit status
configure: failed program was:
#line 18860 "configure"
#include "confdefs.h"
/* System header to define __stub macros and hopefully few prototypes,
    which can conflict with char privbit_set(); below.  */
#include <assert.h>
/* Override any gcc2 internal prototype to avoid an error.  */
/* We use char because int might match the return type of a gcc2
    builtin and then its argument prototype would still apply.  */
char privbit_set();

int main() {

/* The GNU C library defines this for functions which it implements
    to always fail with ENOSYS.  Some functions are actually named
    something starting with __ and the normal name is an alias.  */
#if defined (__stub_privbit_set) || defined (__stub___privbit_set)
choke me
#else
privbit_set();
#endif

; return 0; }
configure:18910: checking for setlocale
configure:18938: gcc -o conftest   -O      -D_GNU_SOURCE   conftest.c -Llibs/x86_64-linux-gcc -L/opt/schily/lib -Wl,-R/opt/schily/lib -Wl,-R/opt/schily/lib  1>&5
configure:18910: checking for localeconv
configure:18938: gcc -o conftest   -O      -D_GNU_SOURCE   conftest.c -Llibs/x86_64-linux-gcc -L/opt/schily/lib -Wl,-R/opt/schily/lib -Wl,-R/opt/schily/lib  1>&5
configure:18910: checking for nl_langinfo
configure:18938: gcc -o conftest   -O      -D_GNU_SOURCE   conftest.c -Llibs/x86_64-linux-gcc -L/opt/schily/lib -Wl,-R/opt/schily/lib -Wl,-R/opt/schily/lib  1>&5
configure:18965: checking for setbuf
configure:18993: gcc -o conftest   -O      -D_GNU_SOURCE   conftest.c -Llibs/x86_64-linux-gcc -L/opt/schily/lib -Wl,-R/opt/schily/lib -Wl,-R/opt/schily/lib  1>&5
configure:18965: checking for setvbuf
configure:18993: gcc -o conftest   -O      -D_GNU_SOURCE   conftest.c -Llibs/x86_64-linux-gcc -L/opt/schily/lib -Wl,-R/opt/schily/lib -Wl,-R/opt/schily/lib  1>&5
configure:19020: checking for clone_area
configure:19048: gcc -o conftest   -O      -D_GNU_SOURCE   conftest.c -Llibs/x86_64-linux-gcc -L/opt/schily/lib -Wl,-R/opt/schily/lib -Wl,-R/opt/schily/lib  1>&5
/tmp/ccvCVwKv.o: In function `main':
conftest.c:(.text+0xa): undefined reference to `clone_area'
collect2: error: ld returned 1 exit status
configure: failed program was:
#line 19025 "configure"
#include "confdefs.h"
/* System header to define __stub macros and hopefully few prototypes,
    which can conflict with char clone_area(); below.  */
#include <assert.h>
/* Override any gcc2 internal prototype to avoid an error.  */
/* We use char because int might match the return type of a gcc2
    builtin and then its argument prototype would still apply.  */
char clone_area();

int main() {

/* The GNU C library defines this for functions which it implements
    to always fail with ENOSYS.  Some functions are actually named
    something starting with __ and the normal name is an alias.  */
#if defined (__stub_clone_area) || defined (__stub___clone_area)
choke me
#else
clone_area();
#endif

; return 0; }
configure:19020: checking for create_area
configure:19048: gcc -o conftest   -O      -D_GNU_SOURCE   conftest.c -Llibs/x86_64-linux-gcc -L/opt/schily/lib -Wl,-R/opt/schily/lib -Wl,-R/opt/schily/lib  1>&5
/tmp/cczrME8x.o: In function `main':
conftest.c:(.text+0xa): undefined reference to `create_area'
collect2: error: ld returned 1 exit status
configure: failed program was:
#line 19025 "configure"
#include "confdefs.h"
/* System header to define __stub macros and hopefully few prototypes,
    which can conflict with char create_area(); below.  */
#include <assert.h>
/* Override any gcc2 internal prototype to avoid an error.  */
/* We use char because int might match the return type of a gcc2
    builtin and then its argument prototype would still apply.  */
char create_area();

int main() {

/* The GNU C library defines this for functions which it implements
    to always fail with ENOSYS.  Some functions are actually named
    something starting with __ and the normal name is an alias.  */
#if defined (__stub_create_area) || defined (__stub___create_area)
choke me
#else
create_area();
#endif

; return 0; }
configure:19020: checking for delete_area
configure:19048: gcc -o conftest   -O      -D_GNU_SOURCE   conftest.c -Llibs/x86_64-linux-gcc -L/opt/schily/lib -Wl,-R/opt/schily/lib -Wl,-R/opt/schily/lib  1>&5
/tmp/ccwxPXlz.o: In function `main':
conftest.c:(.text+0xa): undefined reference to `delete_area'
collect2: error: ld returned 1 exit status
configure: failed program was:
#line 19025 "configure"
#include "confdefs.h"
/* System header to define __stub macros and hopefully few prototypes,
    which can conflict with char delete_area(); below.  */
#include <assert.h>
/* Override any gcc2 internal prototype to avoid an error.  */
/* We use char because int might match the return type of a gcc2
    builtin and then its argument prototype would still apply.  */
char delete_area();

int main() {

/* The GNU C library defines this for functions which it implements
    to always fail with ENOSYS.  Some functions are actually named
    something starting with __ and the normal name is an alias.  */
#if defined (__stub_delete_area) || defined (__stub___delete_area)
choke me
#else
delete_area();
#endif

; return 0; }
configure:19077: checking for raw availability of fexecl
configure:19095: gcc -o conftest   -O      -D_GNU_SOURCE   conftest.c -Llibs/x86_64-linux-gcc -L/opt/schily/lib -Wl,-R/opt/schily/lib -Wl,-R/opt/schily/lib  1>&5
/tmp/ccfy12pB.o: In function `main':
conftest.c:(.text+0xa): undefined reference to `fexecl'
collect2: error: ld returned 1 exit status
configure: failed program was:
#line 19082 "configure"
#include "confdefs.h"
/* Override any gcc2 internal prototype to avoid an error.  */
/* We use char because int might match the return type of a gcc2
    builtin and then its argument prototype would still apply.  */
char fexecl();

int main() {

fexecl();

; return 0; }
configure:19077: checking for raw availability of fexecle
configure:19095: gcc -o conftest   -O      -D_GNU_SOURCE   conftest.c -Llibs/x86_64-linux-gcc -L/opt/schily/lib -Wl,-R/opt/schily/lib -Wl,-R/opt/schily/lib  1>&5
/tmp/cczh73BE.o: In function `main':
conftest.c:(.text+0xa): undefined reference to `fexecle'
collect2: error: ld returned 1 exit status
configure: failed program was:
#line 19082 "configure"
#include "confdefs.h"
/* Override any gcc2 internal prototype to avoid an error.  */
/* We use char because int might match the return type of a gcc2
    builtin and then its argument prototype would still apply.  */
char fexecle();

int main() {

fexecle();

; return 0; }
configure:19077: checking for raw availability of fexecv
configure:19095: gcc -o conftest   -O      -D_GNU_SOURCE   conftest.c -Llibs/x86_64-linux-gcc -L/opt/schily/lib -Wl,-R/opt/schily/lib -Wl,-R/opt/schily/lib  1>&5
/tmp/cc0SJfky.o: In function `main':
conftest.c:(.text+0xa): undefined reference to `fexecv'
collect2: error: ld returned 1 exit status
configure: failed program was:
#line 19082 "configure"
#include "confdefs.h"
/* Override any gcc2 internal prototype to avoid an error.  */
/* We use char because int might match the return type of a gcc2
    builtin and then its argument prototype would still apply.  */
char fexecv();

int main() {

fexecv();

; return 0; }
configure:19077: checking for raw availability of fexecve
configure:19095: gcc -o conftest   -O      -D_GNU_SOURCE   conftest.c -Llibs/x86_64-linux-gcc -L/opt/schily/lib -Wl,-R/opt/schily/lib -Wl,-R/opt/schily/lib  1>&5
configure:19122: checking for raw availability of fspawnv
configure:19140: gcc -o conftest   -O      -D_GNU_SOURCE   conftest.c -Llibs/x86_64-linux-gcc -L/opt/schily/lib -Wl,-R/opt/schily/lib -Wl,-R/opt/schily/lib  1>&5
/tmp/ccxofTYG.o: In function `main':
conftest.c:(.text+0xa): undefined reference to `fspawnv'
collect2: error: ld returned 1 exit status
configure: failed program was:
#line 19127 "configure"
#include "confdefs.h"
/* Override any gcc2 internal prototype to avoid an error.  */
/* We use char because int might match the return type of a gcc2
    builtin and then its argument prototype would still apply.  */
char fspawnv();

int main() {

fspawnv();

; return 0; }
configure:19122: checking for raw availability of fspawnl
configure:19140: gcc -o conftest   -O      -D_GNU_SOURCE   conftest.c -Llibs/x86_64-linux-gcc -L/opt/schily/lib -Wl,-R/opt/schily/lib -Wl,-R/opt/schily/lib  1>&5
/tmp/ccptzLWJ.o: In function `main':
conftest.c:(.text+0xa): undefined reference to `fspawnl'
collect2: error: ld returned 1 exit status
configure: failed program was:
#line 19127 "configure"
#include "confdefs.h"
/* Override any gcc2 internal prototype to avoid an error.  */
/* We use char because int might match the return type of a gcc2
    builtin and then its argument prototype would still apply.  */
char fspawnl();

int main() {

fspawnl();

; return 0; }
configure:19122: checking for raw availability of fspawnv_nowait
configure:19140: gcc -o conftest   -O      -D_GNU_SOURCE   conftest.c -Llibs/x86_64-linux-gcc -L/opt/schily/lib -Wl,-R/opt/schily/lib -Wl,-R/opt/schily/lib  1>&5
/tmp/ccdo0wdP.o: In function `main':
conftest.c:(.text+0xa): undefined reference to `fspawnv_nowait'
collect2: error: ld returned 1 exit status
configure: failed program was:
#line 19127 "configure"
#include "confdefs.h"
/* Override any gcc2 internal prototype to avoid an error.  */
/* We use char because int might match the return type of a gcc2
    builtin and then its argument prototype would still apply.  */
char fspawnv_nowait();

int main() {

fspawnv_nowait();

; return 0; }
configure:19168: checking for raw availability of getline
configure:19186: gcc -o conftest   -O      -D_GNU_SOURCE   conftest.c -Llibs/x86_64-linux-gcc -L/opt/schily/lib -Wl,-R/opt/schily/lib -Wl,-R/opt/schily/lib  1>&5
configure:19168: checking for raw availability of fgetline
configure:19186: gcc -o conftest   -O      -D_GNU_SOURCE   conftest.c -Llibs/x86_64-linux-gcc -L/opt/schily/lib -Wl,-R/opt/schily/lib -Wl,-R/opt/schily/lib  1>&5
/tmp/ccvOiKaY.o: In function `main':
conftest.c:(.text+0xa): undefined reference to `fgetline'
collect2: error: ld returned 1 exit status
configure: failed program was:
#line 19173 "configure"
#include "confdefs.h"
/* Override any gcc2 internal prototype to avoid an error.  */
/* We use char because int might match the return type of a gcc2
    builtin and then its argument prototype would still apply.  */
char fgetline();

int main() {

fgetline();

; return 0; }
configure:19213: checking if dirfd is defined or function
configure:19229: gcc -o conftest   -O      -D_GNU_SOURCE   conftest.c -Llibs/x86_64-linux-gcc -L/opt/schily/lib -Wl,-R/opt/schily/lib -Wl,-R/opt/schily/lib  1>&5
configure: In function 'main':
configure:19224:2: warning: implicit declaration of function 'exit' [-Wimplicit-function-declaration]
configure:19224:2: warning: incompatible implicit declaration of built-in function 'exit'
configure:19224:2: note: include '<stdlib.h>' or provide a declaration of 'exit'
configure:19256: checking if iswprint is defined or function
configure:19279: gcc -o conftest   -O      -D_GNU_SOURCE   conftest.c -Llibs/x86_64-linux-gcc -L/opt/schily/lib -Wl,-R/opt/schily/lib -Wl,-R/opt/schily/lib  1>&5
configure: In function 'main':
configure:19274:2: warning: implicit declaration of function 'exit' [-Wimplicit-function-declaration]
configure:19274:2: warning: incompatible implicit declaration of built-in function 'exit'
configure:19274:2: note: include '<stdlib.h>' or provide a declaration of 'exit'
configure:19306: checking if iswblank is defined or function
configure:19329: gcc -o conftest   -O      -D_GNU_SOURCE   conftest.c -Llibs/x86_64-linux-gcc -L/opt/schily/lib -Wl,-R/opt/schily/lib -Wl,-R/opt/schily/lib  1>&5
configure: In function 'main':
configure:19324:2: warning: implicit declaration of function 'exit' [-Wimplicit-function-declaration]
configure:19324:2: warning: incompatible implicit declaration of built-in function 'exit'
configure:19324:2: note: include '<stdlib.h>' or provide a declaration of 'exit'
configure:19356: checking if isblank is defined or function
configure:19376: gcc -o conftest   -O      -D_GNU_SOURCE   conftest.c -Llibs/x86_64-linux-gcc -L/opt/schily/lib -Wl,-R/opt/schily/lib -Wl,-R/opt/schily/lib  1>&5
configure:19403: checking if mbsinit is defined or function
configure:19426: gcc -o conftest   -O      -D_GNU_SOURCE   conftest.c -Llibs/x86_64-linux-gcc -L/opt/schily/lib -Wl,-R/opt/schily/lib -Wl,-R/opt/schily/lib  1>&5
configure: In function 'main':
configure:19421:2: warning: implicit declaration of function 'exit' [-Wimplicit-function-declaration]
configure:19421:2: warning: incompatible implicit declaration of built-in function 'exit'
configure:19421:2: note: include '<stdlib.h>' or provide a declaration of 'exit'
configure:19453: checking if mbtowc is defined or function
configure:19473: gcc -o conftest   -O      -D_GNU_SOURCE   conftest.c -Llibs/x86_64-linux-gcc -L/opt/schily/lib -Wl,-R/opt/schily/lib -Wl,-R/opt/schily/lib  1>&5
configure:19500: checking if wctomb is defined or function
configure:19520: gcc -o conftest   -O      -D_GNU_SOURCE   conftest.c -Llibs/x86_64-linux-gcc -L/opt/schily/lib -Wl,-R/opt/schily/lib -Wl,-R/opt/schily/lib  1>&5
configure:19547: checking if mbrtowc is defined or function
configure:19570: gcc -o conftest   -O      -D_GNU_SOURCE   conftest.c -Llibs/x86_64-linux-gcc -L/opt/schily/lib -Wl,-R/opt/schily/lib -Wl,-R/opt/schily/lib  1>&5
configure: In function 'main':
configure:19565:2: warning: implicit declaration of function 'exit' [-Wimplicit-function-declaration]
configure:19565:2: warning: incompatible implicit declaration of built-in function 'exit'
configure:19565:2: note: include '<stdlib.h>' or provide a declaration of 'exit'
configure:19597: checking if wcrtomb is defined or function
configure:19620: gcc -o conftest   -O      -D_GNU_SOURCE   conftest.c -Llibs/x86_64-linux-gcc -L/opt/schily/lib -Wl,-R/opt/schily/lib -Wl,-R/opt/schily/lib  1>&5
configure: In function 'main':
configure:19615:2: warning: implicit declaration of function 'exit' [-Wimplicit-function-declaration]
configure:19615:2: warning: incompatible implicit declaration of built-in function 'exit'
configure:19615:2: note: include '<stdlib.h>' or provide a declaration of 'exit'
configure:19647: checking if finite is defined or function
configure:19663: gcc -o conftest   -O      -D_GNU_SOURCE   conftest.c -Llibs/x86_64-linux-gcc -L/opt/schily/lib -Wl,-R/opt/schily/lib -Wl,-R/opt/schily/lib  1>&5
configure:19653:10: fatal error: ieeefp.h: No such file or directory
compilation terminated.
configure: failed program was:
#line 19652 "configure"
#include "confdefs.h"
#include <ieeefp.h>
int main() {

#ifndef finite
	char *p = (char *) finite;
	exit (p != (char *)0 && *p != 0);
#endif
; return 0; }
configure:19689: checking if isnand is defined or function
configure:19705: gcc -o conftest   -O      -D_GNU_SOURCE   conftest.c -Llibs/x86_64-linux-gcc -L/opt/schily/lib -Wl,-R/opt/schily/lib -Wl,-R/opt/schily/lib  1>&5
configure:19695:10: fatal error: ieeefp.h: No such file or directory
compilation terminated.
configure: failed program was:
#line 19694 "configure"
#include "confdefs.h"
#include <ieeefp.h>
int main() {

#ifndef isnand
	char *p = (char *) isnand;
	exit (p != (char *)0 && *p != 0);
#endif
; return 0; }
configure:19732: checking if we may not define our own malloc()
configure:19775: gcc -o conftest   -O      -D_GNU_SOURCE   conftest.c -Llibs/x86_64-linux-gcc -L/opt/schily/lib -Wl,-R/opt/schily/lib -Wl,-R/opt/schily/lib  1>&5
configure:19745:1: warning: conflicting types for built-in function 'malloc' [-Wbuiltin-declaration-mismatch]
configure: In function 'malloc':
configure:19754:2: warning: implicit declaration of function 'write' [-Wimplicit-function-declaration]
configure:19756:2: warning: implicit declaration of function '_exit' [-Wimplicit-function-declaration]
configure:19756:2: warning: incompatible implicit declaration of built-in function '_exit'
configure: At top level:
configure:19760:1: warning: return type defaults to 'int' [-Wimplicit-int]
configure:19760:1: warning: conflicting types for built-in function 'free' [-Wbuiltin-declaration-mismatch]
configure:19763:1: warning: return type defaults to 'int' [-Wimplicit-int]
configure: In function 'main':
configure:19767:2: warning: implicit declaration of function 'strdup' [-Wimplicit-function-declaration]
configure:19767:2: warning: incompatible implicit declaration of built-in function 'strdup'
configure:19772:2: warning: implicit declaration of function 'exit' [-Wimplicit-function-declaration]
configure:19772:2: warning: incompatible implicit declaration of built-in function 'exit'
configure:19772:2: note: include '<stdlib.h>' or provide a declaration of 'exit'
configure:19797: checking for working extern long timezone 
configure:19816: gcc -o conftest   -O      -D_GNU_SOURCE   conftest.c -Llibs/x86_64-linux-gcc -L/opt/schily/lib -Wl,-R/opt/schily/lib -Wl,-R/opt/schily/lib  1>&5
configure: In function 'main':
configure:19812:2: warning: implicit declaration of function 'exit' [-Wimplicit-function-declaration]
configure:19812:2: warning: incompatible implicit declaration of built-in function 'exit'
configure:19812:2: note: include '<stdlib.h>' or provide a declaration of 'exit'
configure:19838: checking for extern timezone in time.h or sys/time.h
configure:19861: gcc -c   -O      -D_GNU_SOURCE   conftest.c 1>&5
configure: In function 'main':
configure:19857:1: error: 'timezone' undeclared (first use in this function)
configure:19857:1: note: each undeclared identifier is reported only once for each function it appears in
configure: failed program was:
#line 19843 "configure"
#include "confdefs.h"

#include <sys/types.h>
#ifdef	TIME_WITH_SYS_TIME_H
#	include <sys/time.h>
#	include <time.h>
#else
#ifdef	HAVE_SYS_TIME_H
#	include <sys/time.h>
#else
#	include <time.h>
#endif
#endif
int main() {
timezone = 1;
; return 0; }
configure:19881: checking for working extern char *__progname 
configure:19900: gcc -o conftest   -O      -D_GNU_SOURCE   conftest.c -Llibs/x86_64-linux-gcc -L/opt/schily/lib -Wl,-R/opt/schily/lib -Wl,-R/opt/schily/lib  1>&5
configure: In function 'main':
configure:19896:2: warning: implicit declaration of function 'exit' [-Wimplicit-function-declaration]
configure:19896:2: warning: incompatible implicit declaration of built-in function 'exit'
configure:19896:2: note: include '<stdlib.h>' or provide a declaration of 'exit'
configure:19922: checking for working extern char *__progname_full 
configure:19941: gcc -o conftest   -O      -D_GNU_SOURCE   conftest.c -Llibs/x86_64-linux-gcc -L/opt/schily/lib -Wl,-R/opt/schily/lib -Wl,-R/opt/schily/lib  1>&5
configure: In function 'main':
configure:19937:2: warning: implicit declaration of function 'exit' [-Wimplicit-function-declaration]
configure:19937:2: warning: incompatible implicit declaration of built-in function 'exit'
configure:19937:2: note: include '<stdlib.h>' or provide a declaration of 'exit'
configure:19964: checking if link() allows hard links on symlinks
configure:19994: gcc -o conftest   -O      -D_GNU_SOURCE   conftest.c -Llibs/x86_64-linux-gcc -L/opt/schily/lib -Wl,-R/opt/schily/lib -Wl,-R/opt/schily/lib  1>&5
configure:19974:1: warning: return type defaults to 'int' [-Wimplicit-int]
configure: In function 'main':
configure:19978:2: warning: implicit declaration of function 'unlink'; did you mean 'unix'? [-Wimplicit-function-declaration]
configure:19982:6: warning: implicit declaration of function 'symlink' [-Wimplicit-function-declaration]
configure:19984:6: warning: implicit declaration of function 'link'; did you mean 'linux'? [-Wimplicit-function-declaration]
configure:19990:2: warning: implicit declaration of function 'exit' [-Wimplicit-function-declaration]
configure:19990:2: warning: incompatible implicit declaration of built-in function 'exit'
configure:19990:2: note: include '<stdlib.h>' or provide a declaration of 'exit'
configure:20016: checking if link() does not folow symlinks
configure:20058: gcc -o conftest   -O      -D_GNU_SOURCE   conftest.c -Llibs/x86_64-linux-gcc -L/opt/schily/lib -Wl,-R/opt/schily/lib -Wl,-R/opt/schily/lib  1>&5
configure:20029:1: warning: return type defaults to 'int' [-Wimplicit-int]
configure: In function 'main':
configure:20035:2: warning: implicit declaration of function 'unlink'; did you mean 'unix'? [-Wimplicit-function-declaration]
configure:20039:6: warning: implicit declaration of function 'creat' [-Wimplicit-function-declaration]
configure:20040:2: warning: implicit declaration of function 'close' [-Wimplicit-function-declaration]
configure:20041:6: warning: implicit declaration of function 'symlink' [-Wimplicit-function-declaration]
configure:20043:6: warning: implicit declaration of function 'link'; did you mean 'linux'? [-Wimplicit-function-declaration]
configure:20054:2: warning: implicit declaration of function 'exit' [-Wimplicit-function-declaration]
configure:20054:2: warning: incompatible implicit declaration of built-in function 'exit'
configure:20054:2: note: include '<stdlib.h>' or provide a declaration of 'exit'
configure:20083: checking for unistd.h
configure:20120: checking if access() does implement E_OK
configure:20181: gcc -o conftest   -O      -D_GNU_SOURCE   conftest.c -Llibs/x86_64-linux-gcc -L/opt/schily/lib -Wl,-R/opt/schily/lib -Wl,-R/opt/schily/lib  1>&5
configure:20157:1: warning: return type defaults to 'int' [-Wimplicit-int]
configure: In function 'main':
configure:20177:2: warning: implicit declaration of function 'exit' [-Wimplicit-function-declaration]
configure:20177:2: warning: incompatible implicit declaration of built-in function 'exit'
configure:20177:2: note: include '<stdlib.h>' or provide a declaration of 'exit'
configure: failed program was:
#line 20128 "configure"
#include "confdefs.h"

# ifdef HAVE_UNISTD_H
#  include <unistd.h>
# endif
#ifndef	R_OK
#define	R_OK	4	/* Test for Read permission */
#define	W_OK	2	/* Test for Write permission */
#define	X_OK	1	/* Test for eXecute permission */
#define	F_OK	0	/* Test for existence of File */
#endif

#ifndef	E_OK
#ifdef	EFF_ONLY_OK
#define	E_OK	EFF_ONLY_OK /* Irix */
#else
#ifdef	EUID_OK
#define	E_OK	EUID_OK	/* UNICOS (0400) */
#else
#define	E_OK	010	/* Test effective uids */
#endif
#endif
#endif

#include <errno.h>
#ifndef	HAVE_ERRNO_DEF
extern	int	errno;
#endif

main()
{
#ifdef	_MSC_VER
/*
 * If we use "cl" to compile and call access(".", E_OK|F_OK), the program will
 * cause an exception that results in a popup window. For this reason, the test
 * is disabled for "cl",  it would not work anyway.
 */	
	int	ret = 1;
#else
	int	ret = 0;

	if (access(".", F_OK) != 0)
		ret = 1;
	else if (access(".", E_OK|F_OK) != 0)
		ret = 1;
	else if (access(".", (R_OK<<4)|F_OK) == 0)
		ret = 1;
#endif

	exit(ret);
}
configure:20206: checking for fnmatch.h
configure:20243: checking if fnmatch() does implement FNM_IGNORECASE or FNM_CASEFOLD
configure:20272: gcc -o conftest   -O      -D_GNU_SOURCE   conftest.c -Llibs/x86_64-linux-gcc -L/opt/schily/lib -Wl,-R/opt/schily/lib -Wl,-R/opt/schily/lib  1>&5
configure:20263:1: warning: return type defaults to 'int' [-Wimplicit-int]
configure: In function 'main':
configure:20268:2: warning: implicit declaration of function 'exit' [-Wimplicit-function-declaration]
configure:20268:2: warning: incompatible implicit declaration of built-in function 'exit'
configure:20268:2: note: include '<stdlib.h>' or provide a declaration of 'exit'
configure:20295: checking for fseeko()
configure:20307: gcc -o conftest   -O      -D_GNU_SOURCE   conftest.c -Llibs/x86_64-linux-gcc -L/opt/schily/lib -Wl,-R/opt/schily/lib -Wl,-R/opt/schily/lib  1>&5
configure:20327: checking for ftello()
configure:20339: gcc -o conftest   -O      -D_GNU_SOURCE   conftest.c -Llibs/x86_64-linux-gcc -L/opt/schily/lib -Wl,-R/opt/schily/lib -Wl,-R/opt/schily/lib  1>&5
configure:20360: checking for dlopen in -lc
configure:20379: gcc -o conftest   -O      -D_GNU_SOURCE   conftest.c -Llibs/x86_64-linux-gcc -L/opt/schily/lib -Wl,-R/opt/schily/lib -Wl,-R/opt/schily/lib   1>&5
/tmp/ccLoTUMh.o: In function `main':
conftest.c:(.text+0xa): undefined reference to `dlopen'
collect2: error: ld returned 1 exit status
configure: failed program was:
#line 20368 "configure"
#include "confdefs.h"
/* Override any gcc2 internal prototype to avoid an error.  */
/* We use char because int might match the return type of a gcc2
    builtin and then its argument prototype would still apply.  */
char dlopen();

int main() {
dlopen()
; return 0; }
configure:20398: checking for dlopen in -ldl
configure:20417: gcc -o conftest   -O      -D_GNU_SOURCE   conftest.c -Llibs/x86_64-linux-gcc -L/opt/schily/lib -Wl,-R/opt/schily/lib -Wl,-R/opt/schily/lib -ldl   1>&5
configure:20444: checking for dlopen
configure:20472: gcc -o conftest   -O      -D_GNU_SOURCE   conftest.c -Llibs/x86_64-linux-gcc -L/opt/schily/lib -Wl,-R/opt/schily/lib -Wl,-R/opt/schily/lib  -ldl 1>&5
configure:20444: checking for dlclose
configure:20472: gcc -o conftest   -O      -D_GNU_SOURCE   conftest.c -Llibs/x86_64-linux-gcc -L/opt/schily/lib -Wl,-R/opt/schily/lib -Wl,-R/opt/schily/lib  -ldl 1>&5
configure:20444: checking for dlsym
configure:20472: gcc -o conftest   -O      -D_GNU_SOURCE   conftest.c -Llibs/x86_64-linux-gcc -L/opt/schily/lib -Wl,-R/opt/schily/lib -Wl,-R/opt/schily/lib  -ldl 1>&5
configure:20444: checking for dlerror
configure:20472: gcc -o conftest   -O      -D_GNU_SOURCE   conftest.c -Llibs/x86_64-linux-gcc -L/opt/schily/lib -Wl,-R/opt/schily/lib -Wl,-R/opt/schily/lib  -ldl 1>&5
configure:20444: checking for dlinfo
configure:20472: gcc -o conftest   -O      -D_GNU_SOURCE   conftest.c -Llibs/x86_64-linux-gcc -L/opt/schily/lib -Wl,-R/opt/schily/lib -Wl,-R/opt/schily/lib  -ldl 1>&5
configure:20499: checking for shl_load
configure:20527: gcc -o conftest   -O      -D_GNU_SOURCE   conftest.c -Llibs/x86_64-linux-gcc -L/opt/schily/lib -Wl,-R/opt/schily/lib -Wl,-R/opt/schily/lib  -ldl 1>&5
/tmp/ccQENsYH.o: In function `main':
conftest.c:(.text+0xa): undefined reference to `shl_load'
collect2: error: ld returned 1 exit status
configure: failed program was:
#line 20504 "configure"
#include "confdefs.h"
/* System header to define __stub macros and hopefully few prototypes,
    which can conflict with char shl_load(); below.  */
#include <assert.h>
/* Override any gcc2 internal prototype to avoid an error.  */
/* We use char because int might match the return type of a gcc2
    builtin and then its argument prototype would still apply.  */
char shl_load();

int main() {

/* The GNU C library defines this for functions which it implements
    to always fail with ENOSYS.  Some functions are actually named
    something starting with __ and the normal name is an alias.  */
#if defined (__stub_shl_load) || defined (__stub___shl_load)
choke me
#else
shl_load();
#endif

; return 0; }
configure:20499: checking for shl_unload
configure:20527: gcc -o conftest   -O      -D_GNU_SOURCE   conftest.c -Llibs/x86_64-linux-gcc -L/opt/schily/lib -Wl,-R/opt/schily/lib -Wl,-R/opt/schily/lib  -ldl 1>&5
/tmp/cc6usJ2N.o: In function `main':
conftest.c:(.text+0xa): undefined reference to `shl_unload'
collect2: error: ld returned 1 exit status
configure: failed program was:
#line 20504 "configure"
#include "confdefs.h"
/* System header to define __stub macros and hopefully few prototypes,
    which can conflict with char shl_unload(); below.  */
#include <assert.h>
/* Override any gcc2 internal prototype to avoid an error.  */
/* We use char because int might match the return type of a gcc2
    builtin and then its argument prototype would still apply.  */
char shl_unload();

int main() {

/* The GNU C library defines this for functions which it implements
    to always fail with ENOSYS.  Some functions are actually named
    something starting with __ and the normal name is an alias.  */
#if defined (__stub_shl_unload) || defined (__stub___shl_unload)
choke me
#else
shl_unload();
#endif

; return 0; }
configure:20499: checking for shl_gethandle
configure:20527: gcc -o conftest   -O      -D_GNU_SOURCE   conftest.c -Llibs/x86_64-linux-gcc -L/opt/schily/lib -Wl,-R/opt/schily/lib -Wl,-R/opt/schily/lib  -ldl 1>&5
/tmp/cc3HKG7Q.o: In function `main':
conftest.c:(.text+0xa): undefined reference to `shl_gethandle'
collect2: error: ld returned 1 exit status
configure: failed program was:
#line 20504 "configure"
#include "confdefs.h"
/* System header to define __stub macros and hopefully few prototypes,
    which can conflict with char shl_gethandle(); below.  */
#include <assert.h>
/* Override any gcc2 internal prototype to avoid an error.  */
/* We use char because int might match the return type of a gcc2
    builtin and then its argument prototype would still apply.  */
char shl_gethandle();

int main() {

/* The GNU C library defines this for functions which it implements
    to always fail with ENOSYS.  Some functions are actually named
    something starting with __ and the normal name is an alias.  */
#if defined (__stub_shl_gethandle) || defined (__stub___shl_gethandle)
choke me
#else
shl_gethandle();
#endif

; return 0; }
configure:20562: checking if LoadLibrary is defined or function
configure:20586: gcc -o conftest   -O      -D_GNU_SOURCE   conftest.c -Llibs/x86_64-linux-gcc -L/opt/schily/lib -Wl,-R/opt/schily/lib -Wl,-R/opt/schily/lib  1>&5
configure: In function 'main':
configure:20580:21: error: 'LoadLibrary' undeclared (first use in this function)
configure:20580:21: note: each undeclared identifier is reported only once for each function it appears in
configure:20581:2: warning: implicit declaration of function 'exit' [-Wimplicit-function-declaration]
configure:20581:2: warning: incompatible implicit declaration of built-in function 'exit'
configure:20581:2: note: include '<stdlib.h>' or provide a declaration of 'exit'
configure: failed program was:
#line 20567 "configure"
#include "confdefs.h"

#ifdef	HAVE_WINDOWS_H
#undef	u_char
#undef	u_short
#undef	u_int
#undef	u_long
#include <windows.h>
#endif

int main() {

#ifndef LoadLibrary
	char *p = (char *) LoadLibrary;
	exit (p != (char *)0 && *p != 0);
#endif
; return 0; }
configure:20562: checking if FreeLibrary is defined or function
configure:20586: gcc -o conftest   -O      -D_GNU_SOURCE   conftest.c -Llibs/x86_64-linux-gcc -L/opt/schily/lib -Wl,-R/opt/schily/lib -Wl,-R/opt/schily/lib  1>&5
configure: In function 'main':
configure:20580:21: error: 'FreeLibrary' undeclared (first use in this function)
configure:20580:21: note: each undeclared identifier is reported only once for each function it appears in
configure:20581:2: warning: implicit declaration of function 'exit' [-Wimplicit-function-declaration]
configure:20581:2: warning: incompatible implicit declaration of built-in function 'exit'
configure:20581:2: note: include '<stdlib.h>' or provide a declaration of 'exit'
configure: failed program was:
#line 20567 "configure"
#include "confdefs.h"

#ifdef	HAVE_WINDOWS_H
#undef	u_char
#undef	u_short
#undef	u_int
#undef	u_long
#include <windows.h>
#endif

int main() {

#ifndef FreeLibrary
	char *p = (char *) FreeLibrary;
	exit (p != (char *)0 && *p != 0);
#endif
; return 0; }
configure:20562: checking if GetProcAddress is defined or function
configure:20586: gcc -o conftest   -O      -D_GNU_SOURCE   conftest.c -Llibs/x86_64-linux-gcc -L/opt/schily/lib -Wl,-R/opt/schily/lib -Wl,-R/opt/schily/lib  1>&5
configure: In function 'main':
configure:20580:21: error: 'GetProcAddress' undeclared (first use in this function)
configure:20580:21: note: each undeclared identifier is reported only once for each function it appears in
configure:20581:2: warning: implicit declaration of function 'exit' [-Wimplicit-function-declaration]
configure:20581:2: warning: incompatible implicit declaration of built-in function 'exit'
configure:20581:2: note: include '<stdlib.h>' or provide a declaration of 'exit'
configure: failed program was:
#line 20567 "configure"
#include "confdefs.h"

#ifdef	HAVE_WINDOWS_H
#undef	u_char
#undef	u_short
#undef	u_int
#undef	u_long
#include <windows.h>
#endif

int main() {

#ifndef GetProcAddress
	char *p = (char *) GetProcAddress;
	exit (p != (char *)0 && *p != 0);
#endif
; return 0; }
configure:20615: checking for socket in -lc
configure:20634: gcc -o conftest   -O      -D_GNU_SOURCE   conftest.c -Llibs/x86_64-linux-gcc -L/opt/schily/lib -Wl,-R/opt/schily/lib -Wl,-R/opt/schily/lib   1>&5
configure:20696: checking for gethostbyname in -lc
configure:20715: gcc -o conftest   -O      -D_GNU_SOURCE   conftest.c -Llibs/x86_64-linux-gcc -L/opt/schily/lib -Wl,-R/opt/schily/lib -Wl,-R/opt/schily/lib   1>&5
configure:20820: checking for rcmd
configure:20848: gcc -o conftest   -O      -D_GNU_SOURCE   conftest.c -Llibs/x86_64-linux-gcc -L/opt/schily/lib -Wl,-R/opt/schily/lib -Wl,-R/opt/schily/lib    1>&5
configure:20820: checking for socket
configure:20848: gcc -o conftest   -O      -D_GNU_SOURCE   conftest.c -Llibs/x86_64-linux-gcc -L/opt/schily/lib -Wl,-R/opt/schily/lib -Wl,-R/opt/schily/lib    1>&5
configure:20820: checking for socketpair
configure:20848: gcc -o conftest   -O      -D_GNU_SOURCE   conftest.c -Llibs/x86_64-linux-gcc -L/opt/schily/lib -Wl,-R/opt/schily/lib -Wl,-R/opt/schily/lib    1>&5
configure:20875: checking for getservbyname
configure:20903: gcc -o conftest   -O      -D_GNU_SOURCE   conftest.c -Llibs/x86_64-linux-gcc -L/opt/schily/lib -Wl,-R/opt/schily/lib -Wl,-R/opt/schily/lib    1>&5
configure:20875: checking for inet_ntoa
configure:20903: gcc -o conftest   -O      -D_GNU_SOURCE   conftest.c -Llibs/x86_64-linux-gcc -L/opt/schily/lib -Wl,-R/opt/schily/lib -Wl,-R/opt/schily/lib    1>&5
configure:20930: checking for getaddrinfo
configure:20958: gcc -o conftest   -O      -D_GNU_SOURCE   conftest.c -Llibs/x86_64-linux-gcc -L/opt/schily/lib -Wl,-R/opt/schily/lib -Wl,-R/opt/schily/lib    1>&5
configure:20930: checking for getnameinfo
configure:20958: gcc -o conftest   -O      -D_GNU_SOURCE   conftest.c -Llibs/x86_64-linux-gcc -L/opt/schily/lib -Wl,-R/opt/schily/lib -Wl,-R/opt/schily/lib    1>&5
configure:20985: checking for host2netname
configure:21013: gcc -o conftest   -O      -D_GNU_SOURCE   conftest.c -Llibs/x86_64-linux-gcc -L/opt/schily/lib -Wl,-R/opt/schily/lib -Wl,-R/opt/schily/lib    1>&5
configure:20985: checking for netname2host
configure:21013: gcc -o conftest   -O      -D_GNU_SOURCE   conftest.c -Llibs/x86_64-linux-gcc -L/opt/schily/lib -Wl,-R/opt/schily/lib -Wl,-R/opt/schily/lib    1>&5
configure:21041: checking for res_init in -lc
configure:21060: gcc -o conftest   -O      -D_GNU_SOURCE   conftest.c -Llibs/x86_64-linux-gcc -L/opt/schily/lib -Wl,-R/opt/schily/lib -Wl,-R/opt/schily/lib   1>&5
/tmp/ccAFTJvm.o: In function `main':
conftest.c:(.text+0xa): undefined reference to `res_init'
collect2: error: ld returned 1 exit status
configure: failed program was:
#line 21049 "configure"
#include "confdefs.h"
/* Override any gcc2 internal prototype to avoid an error.  */
/* We use char because int might match the return type of a gcc2
    builtin and then its argument prototype would still apply.  */
char res_init();

int main() {
res_init()
; return 0; }
configure:21079: checking for res_init in -lresolv
configure:21098: gcc -o conftest   -O      -D_GNU_SOURCE   conftest.c -Llibs/x86_64-linux-gcc -L/opt/schily/lib -Wl,-R/opt/schily/lib -Wl,-R/opt/schily/lib -lresolv   1>&5
/tmp/ccBadZMo.o: In function `main':
conftest.c:(.text+0xa): undefined reference to `res_init'
collect2: error: ld returned 1 exit status
configure: failed program was:
#line 21087 "configure"
#include "confdefs.h"
/* Override any gcc2 internal prototype to avoid an error.  */
/* We use char because int might match the return type of a gcc2
    builtin and then its argument prototype would still apply.  */
char res_init();

int main() {
res_init()
; return 0; }
configure:21137: checking for special C compiler options needed for large files
configure:21209: checking for _FILE_OFFSET_BITS value needed for large files
configure:21231: gcc -c   -O      -D_GNU_SOURCE   conftest.c 1>&5
configure:21276: checking for _LARGE_FILES value needed for large files
configure:21298: gcc -c   -O      -D_GNU_SOURCE   conftest.c 1>&5
configure:21343: checking for _LARGEFILE_SOURCE value needed for large files
configure:21356: gcc -c   -O      -D_GNU_SOURCE   conftest.c 1>&5
configure:21394: checking if system supports Large Files at all
configure:21419: gcc -c   -O      -D_GNU_SOURCE   conftest.c 1>&5
configure:21462: checking for crypt in -lc
configure:21481: gcc -o conftest   -O      -D_GNU_SOURCE   conftest.c -Llibs/x86_64-linux-gcc -L/opt/schily/lib -Wl,-R/opt/schily/lib -Wl,-R/opt/schily/lib   1>&5
/tmp/ccnxZMtx.o: In function `main':
conftest.c:(.text+0xa): undefined reference to `crypt'
collect2: error: ld returned 1 exit status
configure: failed program was:
#line 21470 "configure"
#include "confdefs.h"
/* Override any gcc2 internal prototype to avoid an error.  */
/* We use char because int might match the return type of a gcc2
    builtin and then its argument prototype would still apply.  */
char crypt();

int main() {
crypt()
; return 0; }
configure:21500: checking for crypt in -lcrypt
configure:21519: gcc -o conftest   -O      -D_GNU_SOURCE   conftest.c -Llibs/x86_64-linux-gcc -L/opt/schily/lib -Wl,-R/opt/schily/lib -Wl,-R/opt/schily/lib -lcrypt   1>&5
configure:21553: checking for crypt
configure:21581: gcc -o conftest   -O      -D_GNU_SOURCE   conftest.c -Llibs/x86_64-linux-gcc -L/opt/schily/lib -Wl,-R/opt/schily/lib -Wl,-R/opt/schily/lib  -lcrypt 1>&5
configure:21608: checking for gettext in -lc
configure:21627: gcc -o conftest   -O      -D_GNU_SOURCE   conftest.c -Llibs/x86_64-linux-gcc -L/opt/schily/lib -Wl,-R/opt/schily/lib -Wl,-R/opt/schily/lib -lc   1>&5
configure: In function 'main':
configure:21622:10: warning: cast from pointer to integer of different size [-Wpointer-to-int-cast]
configure:21697: checking if gettext is defined or function
configure:21713: gcc -o conftest   -O      -D_GNU_SOURCE   conftest.c -Llibs/x86_64-linux-gcc -L/opt/schily/lib -Wl,-R/opt/schily/lib -Wl,-R/opt/schily/lib   1>&5
configure:21741: checking for iconv_open in -lc
configure:21760: gcc -o conftest   -O      -D_GNU_SOURCE   conftest.c -Llibs/x86_64-linux-gcc -L/opt/schily/lib -Wl,-R/opt/schily/lib -Wl,-R/opt/schily/lib -lc   1>&5
configure: In function 'main':
configure:21755:10: warning: cast from pointer to integer of different size [-Wpointer-to-int-cast]
configure:21830: checking if iconv is defined or function
configure:21846: gcc -o conftest   -O      -D_GNU_SOURCE   conftest.c -Llibs/x86_64-linux-gcc -L/opt/schily/lib -Wl,-R/opt/schily/lib -Wl,-R/opt/schily/lib   1>&5
configure: In function 'main':
configure:21841:2: warning: implicit declaration of function 'exit' [-Wimplicit-function-declaration]
configure:21841:2: warning: incompatible implicit declaration of built-in function 'exit'
configure:21841:2: note: include '<stdlib.h>' or provide a declaration of 'exit'
configure:21872: checking if iconv_open is defined or function
configure:21888: gcc -o conftest   -O      -D_GNU_SOURCE   conftest.c -Llibs/x86_64-linux-gcc -L/opt/schily/lib -Wl,-R/opt/schily/lib -Wl,-R/opt/schily/lib   1>&5
configure: In function 'main':
configure:21883:2: warning: implicit declaration of function 'exit' [-Wimplicit-function-declaration]
configure:21883:2: warning: incompatible implicit declaration of built-in function 'exit'
configure:21883:2: note: include '<stdlib.h>' or provide a declaration of 'exit'
configure:21914: checking if iconv_close is defined or function
configure:21930: gcc -o conftest   -O      -D_GNU_SOURCE   conftest.c -Llibs/x86_64-linux-gcc -L/opt/schily/lib -Wl,-R/opt/schily/lib -Wl,-R/opt/schily/lib   1>&5
configure: In function 'main':
configure:21925:2: warning: implicit declaration of function 'exit' [-Wimplicit-function-declaration]
configure:21925:2: warning: incompatible implicit declaration of built-in function 'exit'
configure:21925:2: note: include '<stdlib.h>' or provide a declaration of 'exit'
configure:21956: checking if libiconv is defined or function
configure:21972: gcc -o conftest   -O      -D_GNU_SOURCE   conftest.c -Llibs/x86_64-linux-gcc -L/opt/schily/lib -Wl,-R/opt/schily/lib -Wl,-R/opt/schily/lib   1>&5
configure: In function 'main':
configure:21966:21: error: 'libiconv' undeclared (first use in this function); did you mean 'iconv'?
configure:21966:21: note: each undeclared identifier is reported only once for each function it appears in
configure:21967:2: warning: implicit declaration of function 'exit' [-Wimplicit-function-declaration]
configure:21967:2: warning: incompatible implicit declaration of built-in function 'exit'
configure:21967:2: note: include '<stdlib.h>' or provide a declaration of 'exit'
configure: failed program was:
#line 21961 "configure"
#include "confdefs.h"
#include <iconv.h>
int main() {

#ifndef libiconv
	char *p = (char *) libiconv;
	exit (p != (char *)0 && *p != 0);
#endif
; return 0; }
configure:21998: checking if libiconv_open is defined or function
configure:22014: gcc -o conftest   -O      -D_GNU_SOURCE   conftest.c -Llibs/x86_64-linux-gcc -L/opt/schily/lib -Wl,-R/opt/schily/lib -Wl,-R/opt/schily/lib   1>&5
configure: In function 'main':
configure:22008:21: error: 'libiconv_open' undeclared (first use in this function); did you mean 'iconv_open'?
configure:22008:21: note: each undeclared identifier is reported only once for each function it appears in
configure:22009:2: warning: implicit declaration of function 'exit' [-Wimplicit-function-declaration]
configure:22009:2: warning: incompatible implicit declaration of built-in function 'exit'
configure:22009:2: note: include '<stdlib.h>' or provide a declaration of 'exit'
configure: failed program was:
#line 22003 "configure"
#include "confdefs.h"
#include <iconv.h>
int main() {

#ifndef libiconv_open
	char *p = (char *) libiconv_open;
	exit (p != (char *)0 && *p != 0);
#endif
; return 0; }
configure:22040: checking if libiconv_close is defined or function
configure:22056: gcc -o conftest   -O      -D_GNU_SOURCE   conftest.c -Llibs/x86_64-linux-gcc -L/opt/schily/lib -Wl,-R/opt/schily/lib -Wl,-R/opt/schily/lib   1>&5
configure: In function 'main':
configure:22050:21: error: 'libiconv_close' undeclared (first use in this function); did you mean 'iconv_close'?
configure:22050:21: note: each undeclared identifier is reported only once for each function it appears in
configure:22051:2: warning: implicit declaration of function 'exit' [-Wimplicit-function-declaration]
configure:22051:2: warning: incompatible implicit declaration of built-in function 'exit'
configure:22051:2: note: include '<stdlib.h>' or provide a declaration of 'exit'
configure: failed program was:
#line 22045 "configure"
#include "confdefs.h"
#include <iconv.h>
int main() {

#ifndef libiconv_close
	char *p = (char *) libiconv_close;
	exit (p != (char *)0 && *p != 0);
#endif
; return 0; }
configure:22084: checking for XML_Parse in -lc
configure:22103: gcc -o conftest   -O      -D_GNU_SOURCE   conftest.c -Llibs/x86_64-linux-gcc -L/opt/schily/lib -Wl,-R/opt/schily/lib -Wl,-R/opt/schily/lib   1>&5
/tmp/ccxzWGxU.o: In function `main':
conftest.c:(.text+0xa): undefined reference to `XML_Parse'
collect2: error: ld returned 1 exit status
configure: failed program was:
#line 22092 "configure"
#include "confdefs.h"
/* Override any gcc2 internal prototype to avoid an error.  */
/* We use char because int might match the return type of a gcc2
    builtin and then its argument prototype would still apply.  */
char XML_Parse();

int main() {
XML_Parse()
; return 0; }
configure:22122: checking for XML_Parse in -lexpat
configure:22141: gcc -o conftest   -O      -D_GNU_SOURCE   conftest.c -Llibs/x86_64-linux-gcc -L/opt/schily/lib -Wl,-R/opt/schily/lib -Wl,-R/opt/schily/lib -lexpat   1>&5
/usr/bin/ld: cannot find -lexpat
collect2: error: ld returned 1 exit status
configure: failed program was:
#line 22130 "configure"
#include "confdefs.h"
/* Override any gcc2 internal prototype to avoid an error.  */
/* We use char because int might match the return type of a gcc2
    builtin and then its argument prototype would still apply.  */
char XML_Parse();

int main() {
XML_Parse()
; return 0; }
configure:22174: checking for XML_Parse
configure:22202: gcc -o conftest   -O      -D_GNU_SOURCE   conftest.c -Llibs/x86_64-linux-gcc -L/opt/schily/lib -Wl,-R/opt/schily/lib -Wl,-R/opt/schily/lib   1>&5
/tmp/ccxWwbyZ.o: In function `main':
conftest.c:(.text+0xa): undefined reference to `XML_Parse'
collect2: error: ld returned 1 exit status
configure: failed program was:
#line 22179 "configure"
#include "confdefs.h"
/* System header to define __stub macros and hopefully few prototypes,
    which can conflict with char XML_Parse(); below.  */
#include <assert.h>
/* Override any gcc2 internal prototype to avoid an error.  */
/* We use char because int might match the return type of a gcc2
    builtin and then its argument prototype would still apply.  */
char XML_Parse();

int main() {

/* The GNU C library defines this for functions which it implements
    to always fail with ENOSYS.  Some functions are actually named
    something starting with __ and the normal name is an alias.  */
#if defined (__stub_XML_Parse) || defined (__stub___XML_Parse)
choke me
#else
XML_Parse();
#endif

; return 0; }
configure:22238: checking for SCardEstablishContext in -lc
configure:22257: gcc -o conftest   -O      -D_GNU_SOURCE   conftest.c -Llibs/x86_64-linux-gcc -L/opt/schily/lib -Wl,-R/opt/schily/lib -Wl,-R/opt/schily/lib   1>&5
/tmp/ccETg0N1.o: In function `main':
conftest.c:(.text+0xa): undefined reference to `SCardEstablishContext'
collect2: error: ld returned 1 exit status
configure: failed program was:
#line 22246 "configure"
#include "confdefs.h"
/* Override any gcc2 internal prototype to avoid an error.  */
/* We use char because int might match the return type of a gcc2
    builtin and then its argument prototype would still apply.  */
char SCardEstablishContext();

int main() {
SCardEstablishContext()
; return 0; }
configure:22276: checking for SCardEstablishContext in -lwinscard
configure:22295: gcc -o conftest   -O      -D_GNU_SOURCE   conftest.c -Llibs/x86_64-linux-gcc -L/opt/schily/lib -Wl,-R/opt/schily/lib -Wl,-R/opt/schily/lib -lwinscard   1>&5
/usr/bin/ld: cannot find -lwinscard
collect2: error: ld returned 1 exit status
configure: failed program was:
#line 22284 "configure"
#include "confdefs.h"
/* Override any gcc2 internal prototype to avoid an error.  */
/* We use char because int might match the return type of a gcc2
    builtin and then its argument prototype would still apply.  */
char SCardEstablishContext();

int main() {
SCardEstablishContext()
; return 0; }
configure:22314: checking for SCardEstablishContext in -lpcsclite
configure:22333: gcc -o conftest   -O      -D_GNU_SOURCE   conftest.c -Llibs/x86_64-linux-gcc -L/opt/schily/lib -Wl,-R/opt/schily/lib -Wl,-R/opt/schily/lib -lpcsclite   1>&5
/usr/bin/ld: cannot find -lpcsclite
collect2: error: ld returned 1 exit status
configure: failed program was:
#line 22322 "configure"
#include "confdefs.h"
/* Override any gcc2 internal prototype to avoid an error.  */
/* We use char because int might match the return type of a gcc2
    builtin and then its argument prototype would still apply.  */
char SCardEstablishContext();

int main() {
SCardEstablishContext()
; return 0; }
configure:22368: checking for SCardEstablishContext
configure:22396: gcc -o conftest   -O      -D_GNU_SOURCE   conftest.c -Llibs/x86_64-linux-gcc -L/opt/schily/lib -Wl,-R/opt/schily/lib -Wl,-R/opt/schily/lib   1>&5
/tmp/ccM7tXK9.o: In function `main':
conftest.c:(.text+0xa): undefined reference to `SCardEstablishContext'
collect2: error: ld returned 1 exit status
configure: failed program was:
#line 22373 "configure"
#include "confdefs.h"
/* System header to define __stub macros and hopefully few prototypes,
    which can conflict with char SCardEstablishContext(); below.  */
#include <assert.h>
/* Override any gcc2 internal prototype to avoid an error.  */
/* We use char because int might match the return type of a gcc2
    builtin and then its argument prototype would still apply.  */
char SCardEstablishContext();

int main() {

/* The GNU C library defines this for functions which it implements
    to always fail with ENOSYS.  Some functions are actually named
    something starting with __ and the normal name is an alias.  */
#if defined (__stub_SCardEstablishContext) || defined (__stub___SCardEstablishContext)
choke me
#else
SCardEstablishContext();
#endif

; return 0; }
configure:22431: checking for CRYPTO_free in -lc
configure:22450: gcc -o conftest   -O      -D_GNU_SOURCE   conftest.c -Llibs/x86_64-linux-gcc -L/opt/schily/lib -Wl,-R/opt/schily/lib -Wl,-R/opt/schily/lib   1>&5
/tmp/ccwoiuQb.o: In function `main':
conftest.c:(.text+0xa): undefined reference to `CRYPTO_free'
collect2: error: ld returned 1 exit status
configure: failed program was:
#line 22439 "configure"
#include "confdefs.h"
/* Override any gcc2 internal prototype to avoid an error.  */
/* We use char because int might match the return type of a gcc2
    builtin and then its argument prototype would still apply.  */
char CRYPTO_free();

int main() {
CRYPTO_free()
; return 0; }
configure:22469: checking for CRYPTO_free in -lcrypto
configure:22488: gcc -o conftest   -O      -D_GNU_SOURCE   conftest.c -Llibs/x86_64-linux-gcc -L/opt/schily/lib -Wl,-R/opt/schily/lib -Wl,-R/opt/schily/lib -lcrypto   1>&5
/usr/bin/ld: cannot find -lcrypto
collect2: error: ld returned 1 exit status
configure: failed program was:
#line 22477 "configure"
#include "confdefs.h"
/* Override any gcc2 internal prototype to avoid an error.  */
/* We use char because int might match the return type of a gcc2
    builtin and then its argument prototype would still apply.  */
char CRYPTO_free();

int main() {
CRYPTO_free()
; return 0; }
configure:22521: checking for CRYPTO_free
configure:22549: gcc -o conftest   -O      -D_GNU_SOURCE   conftest.c -Llibs/x86_64-linux-gcc -L/opt/schily/lib -Wl,-R/opt/schily/lib -Wl,-R/opt/schily/lib   1>&5
/tmp/ccgk1g6g.o: In function `main':
conftest.c:(.text+0xa): undefined reference to `CRYPTO_free'
collect2: error: ld returned 1 exit status
configure: failed program was:
#line 22526 "configure"
#include "confdefs.h"
/* System header to define __stub macros and hopefully few prototypes,
    which can conflict with char CRYPTO_free(); below.  */
#include <assert.h>
/* Override any gcc2 internal prototype to avoid an error.  */
/* We use char because int might match the return type of a gcc2
    builtin and then its argument prototype would still apply.  */
char CRYPTO_free();

int main() {

/* The GNU C library defines this for functions which it implements
    to always fail with ENOSYS.  Some functions are actually named
    something starting with __ and the normal name is an alias.  */
#if defined (__stub_CRYPTO_free) || defined (__stub___CRYPTO_free)
choke me
#else
CRYPTO_free();
#endif

; return 0; }
configure:22575: checking for SSL_free in -lc
configure:22594: gcc -o conftest   -O      -D_GNU_SOURCE   conftest.c -Llibs/x86_64-linux-gcc -L/opt/schily/lib -Wl,-R/opt/schily/lib -Wl,-R/opt/schily/lib   1>&5
/tmp/ccQvzGej.o: In function `main':
conftest.c:(.text+0xa): undefined reference to `SSL_free'
collect2: error: ld returned 1 exit status
configure: failed program was:
#line 22583 "configure"
#include "confdefs.h"
/* Override any gcc2 internal prototype to avoid an error.  */
/* We use char because int might match the return type of a gcc2
    builtin and then its argument prototype would still apply.  */
char SSL_free();

int main() {
SSL_free()
; return 0; }
configure:22613: checking for SSL_free in -lssl
configure:22632: gcc -o conftest   -O      -D_GNU_SOURCE   conftest.c -Llibs/x86_64-linux-gcc -L/opt/schily/lib -Wl,-R/opt/schily/lib -Wl,-R/opt/schily/lib -lssl   1>&5
/usr/bin/ld: cannot find -lssl
collect2: error: ld returned 1 exit status
configure: failed program was:
#line 22621 "configure"
#include "confdefs.h"
/* Override any gcc2 internal prototype to avoid an error.  */
/* We use char because int might match the return type of a gcc2
    builtin and then its argument prototype would still apply.  */
char SSL_free();

int main() {
SSL_free()
; return 0; }
configure:22665: checking for SSL_free
configure:22693: gcc -o conftest   -O      -D_GNU_SOURCE   conftest.c -Llibs/x86_64-linux-gcc -L/opt/schily/lib -Wl,-R/opt/schily/lib -Wl,-R/opt/schily/lib   1>&5
/tmp/ccT8KWzo.o: In function `main':
conftest.c:(.text+0xa): undefined reference to `SSL_free'
collect2: error: ld returned 1 exit status
configure: failed program was:
#line 22670 "configure"
#include "confdefs.h"
/* System header to define __stub macros and hopefully few prototypes,
    which can conflict with char SSL_free(); below.  */
#include <assert.h>
/* Override any gcc2 internal prototype to avoid an error.  */
/* We use char because int might match the return type of a gcc2
    builtin and then its argument prototype would still apply.  */
char SSL_free();

int main() {

/* The GNU C library defines this for functions which it implements
    to always fail with ENOSYS.  Some functions are actually named
    something starting with __ and the normal name is an alias.  */
#if defined (__stub_SSL_free) || defined (__stub___SSL_free)
choke me
#else
SSL_free();
#endif

; return 0; }
configure:23262: checking for Linux flavor Extended Attribute support
configure:23264: checking for getxattr in -lc
configure:23283: gcc -o conftest   -O      -D_GNU_SOURCE   conftest.c -Llibs/x86_64-linux-gcc -L/opt/schily/lib -Wl,-R/opt/schily/lib -Wl,-R/opt/schily/lib   1>&5
configure:23348: checking for getxattr
configure:23376: gcc -o conftest   -O      -D_GNU_SOURCE   conftest.c -Llibs/x86_64-linux-gcc -L/opt/schily/lib -Wl,-R/opt/schily/lib -Wl,-R/opt/schily/lib   1>&5
configure:23348: checking for setxattr
configure:23376: gcc -o conftest   -O      -D_GNU_SOURCE   conftest.c -Llibs/x86_64-linux-gcc -L/opt/schily/lib -Wl,-R/opt/schily/lib -Wl,-R/opt/schily/lib   1>&5
configure:23348: checking for listxattr
configure:23376: gcc -o conftest   -O      -D_GNU_SOURCE   conftest.c -Llibs/x86_64-linux-gcc -L/opt/schily/lib -Wl,-R/opt/schily/lib -Wl,-R/opt/schily/lib   1>&5
configure:23348: checking for lgetxattr
configure:23376: gcc -o conftest   -O      -D_GNU_SOURCE   conftest.c -Llibs/x86_64-linux-gcc -L/opt/schily/lib -Wl,-R/opt/schily/lib -Wl,-R/opt/schily/lib   1>&5
configure:23348: checking for lsetxattr
configure:23376: gcc -o conftest   -O      -D_GNU_SOURCE   conftest.c -Llibs/x86_64-linux-gcc -L/opt/schily/lib -Wl,-R/opt/schily/lib -Wl,-R/opt/schily/lib   1>&5
configure:23348: checking for llistxattr
configure:23376: gcc -o conftest   -O      -D_GNU_SOURCE   conftest.c -Llibs/x86_64-linux-gcc -L/opt/schily/lib -Wl,-R/opt/schily/lib -Wl,-R/opt/schily/lib   1>&5
configure:23404: checking for RBAC support
configure:23406: checking for getuserattr in -lsecdb
configure:23425: gcc -o conftest   -O      -D_GNU_SOURCE   conftest.c -Llibs/x86_64-linux-gcc -L/opt/schily/lib -Wl,-R/opt/schily/lib -Wl,-R/opt/schily/lib -lsecdb   1>&5
/usr/bin/ld: cannot find -lsecdb
collect2: error: ld returned 1 exit status
configure: failed program was:
#line 23414 "configure"
#include "confdefs.h"
/* Override any gcc2 internal prototype to avoid an error.  */
/* We use char because int might match the return type of a gcc2
    builtin and then its argument prototype would still apply.  */
char getuserattr();

int main() {
getuserattr()
; return 0; }
configure:23450: checking for getauthattr
configure:23478: gcc -o conftest   -O      -D_GNU_SOURCE   conftest.c -Llibs/x86_64-linux-gcc -L/opt/schily/lib -Wl,-R/opt/schily/lib -Wl,-R/opt/schily/lib   1>&5
/tmp/ccMYsOyM.o: In function `main':
conftest.c:(.text+0xa): undefined reference to `getauthattr'
collect2: error: ld returned 1 exit status
configure: failed program was:
#line 23455 "configure"
#include "confdefs.h"
/* System header to define __stub macros and hopefully few prototypes,
    which can conflict with char getauthattr(); below.  */
#include <assert.h>
/* Override any gcc2 internal prototype to avoid an error.  */
/* We use char because int might match the return type of a gcc2
    builtin and then its argument prototype would still apply.  */
char getauthattr();

int main() {

/* The GNU C library defines this for functions which it implements
    to always fail with ENOSYS.  Some functions are actually named
    something starting with __ and the normal name is an alias.  */
#if defined (__stub_getauthattr) || defined (__stub___getauthattr)
choke me
#else
getauthattr();
#endif

; return 0; }
configure:23450: checking for getuserattr
configure:23478: gcc -o conftest   -O      -D_GNU_SOURCE   conftest.c -Llibs/x86_64-linux-gcc -L/opt/schily/lib -Wl,-R/opt/schily/lib -Wl,-R/opt/schily/lib   1>&5
/tmp/ccUQomYO.o: In function `main':
conftest.c:(.text+0xa): undefined reference to `getuserattr'
collect2: error: ld returned 1 exit status
configure: failed program was:
#line 23455 "configure"
#include "confdefs.h"
/* System header to define __stub macros and hopefully few prototypes,
    which can conflict with char getuserattr(); below.  */
#include <assert.h>
/* Override any gcc2 internal prototype to avoid an error.  */
/* We use char because int might match the return type of a gcc2
    builtin and then its argument prototype would still apply.  */
char getuserattr();

int main() {

/* The GNU C library defines this for functions which it implements
    to always fail with ENOSYS.  Some functions are actually named
    something starting with __ and the normal name is an alias.  */
#if defined (__stub_getuserattr) || defined (__stub___getuserattr)
choke me
#else
getuserattr();
#endif

; return 0; }
configure:23450: checking for getexecattr
configure:23478: gcc -o conftest   -O      -D_GNU_SOURCE   conftest.c -Llibs/x86_64-linux-gcc -L/opt/schily/lib -Wl,-R/opt/schily/lib -Wl,-R/opt/schily/lib   1>&5
/tmp/ccWvJEsS.o: In function `main':
conftest.c:(.text+0xa): undefined reference to `getexecattr'
collect2: error: ld returned 1 exit status
configure: failed program was:
#line 23455 "configure"
#include "confdefs.h"
/* System header to define __stub macros and hopefully few prototypes,
    which can conflict with char getexecattr(); below.  */
#include <assert.h>
/* Override any gcc2 internal prototype to avoid an error.  */
/* We use char because int might match the return type of a gcc2
    builtin and then its argument prototype would still apply.  */
char getexecattr();

int main() {

/* The GNU C library defines this for functions which it implements
    to always fail with ENOSYS.  Some functions are actually named
    something starting with __ and the normal name is an alias.  */
#if defined (__stub_getexecattr) || defined (__stub___getexecattr)
choke me
#else
getexecattr();
#endif

; return 0; }
configure:23450: checking for getprofattr
configure:23478: gcc -o conftest   -O      -D_GNU_SOURCE   conftest.c -Llibs/x86_64-linux-gcc -L/opt/schily/lib -Wl,-R/opt/schily/lib -Wl,-R/opt/schily/lib   1>&5
/tmp/ccWteTLU.o: In function `main':
conftest.c:(.text+0xa): undefined reference to `getprofattr'
collect2: error: ld returned 1 exit status
configure: failed program was:
#line 23455 "configure"
#include "confdefs.h"
/* System header to define __stub macros and hopefully few prototypes,
    which can conflict with char getprofattr(); below.  */
#include <assert.h>
/* Override any gcc2 internal prototype to avoid an error.  */
/* We use char because int might match the return type of a gcc2
    builtin and then its argument prototype would still apply.  */
char getprofattr();

int main() {

/* The GNU C library defines this for functions which it implements
    to always fail with ENOSYS.  Some functions are actually named
    something starting with __ and the normal name is an alias.  */
#if defined (__stub_getprofattr) || defined (__stub___getprofattr)
choke me
#else
getprofattr();
#endif

; return 0; }
configure:23505: checking for gmatch() support
configure:23507: checking for gmatch in -lgen
configure:23526: gcc -o conftest   -O      -D_GNU_SOURCE   conftest.c -Llibs/x86_64-linux-gcc -L/opt/schily/lib -Wl,-R/opt/schily/lib -Wl,-R/opt/schily/lib -lgen   1>&5
/usr/bin/ld: cannot find -lgen
collect2: error: ld returned 1 exit status
configure: failed program was:
#line 23515 "configure"
#include "confdefs.h"
/* Override any gcc2 internal prototype to avoid an error.  */
/* We use char because int might match the return type of a gcc2
    builtin and then its argument prototype would still apply.  */
char gmatch();

int main() {
gmatch()
; return 0; }
configure:23551: checking for gmatch
configure:23579: gcc -o conftest   -O      -D_GNU_SOURCE   conftest.c -Llibs/x86_64-linux-gcc -L/opt/schily/lib -Wl,-R/opt/schily/lib -Wl,-R/opt/schily/lib   1>&5
/tmp/cc4kp6aZ.o: In function `main':
conftest.c:(.text+0xa): undefined reference to `gmatch'
collect2: error: ld returned 1 exit status
configure: failed program was:
#line 23556 "configure"
#include "confdefs.h"
/* System header to define __stub macros and hopefully few prototypes,
    which can conflict with char gmatch(); below.  */
#include <assert.h>
/* Override any gcc2 internal prototype to avoid an error.  */
/* We use char because int might match the return type of a gcc2
    builtin and then its argument prototype would still apply.  */
char gmatch();

int main() {

/* The GNU C library defines this for functions which it implements
    to always fail with ENOSYS.  Some functions are actually named
    something starting with __ and the normal name is an alias.  */
#if defined (__stub_gmatch) || defined (__stub___gmatch)
choke me
#else
gmatch();
#endif

; return 0; }
configure:23606: checking for ELF support
configure:23608: checking for elf_begin in -lelf
configure:23627: gcc -o conftest   -O      -D_GNU_SOURCE   conftest.c -Llibs/x86_64-linux-gcc -L/opt/schily/lib -Wl,-R/opt/schily/lib -Wl,-R/opt/schily/lib -lelf   1>&5
/usr/bin/ld: cannot find -lelf
collect2: error: ld returned 1 exit status
configure: failed program was:
#line 23616 "configure"
#include "confdefs.h"
/* Override any gcc2 internal prototype to avoid an error.  */
/* We use char because int might match the return type of a gcc2
    builtin and then its argument prototype would still apply.  */
char elf_begin();

int main() {
elf_begin()
; return 0; }
configure:23652: checking for elf_begin
configure:23680: gcc -o conftest   -O      -D_GNU_SOURCE   conftest.c -Llibs/x86_64-linux-gcc -L/opt/schily/lib -Wl,-R/opt/schily/lib -Wl,-R/opt/schily/lib   1>&5
/tmp/ccVp15WT.o: In function `main':
conftest.c:(.text+0xa): undefined reference to `elf_begin'
collect2: error: ld returned 1 exit status
configure: failed program was:
#line 23657 "configure"
#include "confdefs.h"
/* System header to define __stub macros and hopefully few prototypes,
    which can conflict with char elf_begin(); below.  */
#include <assert.h>
/* Override any gcc2 internal prototype to avoid an error.  */
/* We use char because int might match the return type of a gcc2
    builtin and then its argument prototype would still apply.  */
char elf_begin();

int main() {

/* The GNU C library defines this for functions which it implements
    to always fail with ENOSYS.  Some functions are actually named
    something starting with __ and the normal name is an alias.  */
#if defined (__stub_elf_begin) || defined (__stub___elf_begin)
choke me
#else
elf_begin();
#endif

; return 0; }
configure:23709: checking for thr_yield
configure:23737: gcc -o conftest   -O      -D_GNU_SOURCE   conftest.c -Llibs/x86_64-linux-gcc -L/opt/schily/lib -Wl,-R/opt/schily/lib -Wl,-R/opt/schily/lib  1>&5
/tmp/cczFx6oW.o: In function `main':
conftest.c:(.text+0xa): undefined reference to `thr_yield'
collect2: error: ld returned 1 exit status
configure: failed program was:
#line 23714 "configure"
#include "confdefs.h"
/* System header to define __stub macros and hopefully few prototypes,
    which can conflict with char thr_yield(); below.  */
#include <assert.h>
/* Override any gcc2 internal prototype to avoid an error.  */
/* We use char because int might match the return type of a gcc2
    builtin and then its argument prototype would still apply.  */
char thr_yield();

int main() {

/* The GNU C library defines this for functions which it implements
    to always fail with ENOSYS.  Some functions are actually named
    something starting with __ and the normal name is an alias.  */
#if defined (__stub_thr_yield) || defined (__stub___thr_yield)
choke me
#else
thr_yield();
#endif

; return 0; }
configure:23764: checking for pthread_create in -lc
configure:23783: gcc -o conftest   -O      -D_GNU_SOURCE   conftest.c -Llibs/x86_64-linux-gcc -L/opt/schily/lib -Wl,-R/opt/schily/lib -Wl,-R/opt/schily/lib   1>&5
/tmp/ccohR4cX.o: In function `main':
conftest.c:(.text+0xa): undefined reference to `pthread_create'
collect2: error: ld returned 1 exit status
configure: failed program was:
#line 23772 "configure"
#include "confdefs.h"
/* Override any gcc2 internal prototype to avoid an error.  */
/* We use char because int might match the return type of a gcc2
    builtin and then its argument prototype would still apply.  */
char pthread_create();

int main() {
pthread_create()
; return 0; }
configure:23802: checking for pthread_create in -lpthread
configure:23821: gcc -o conftest   -O      -D_GNU_SOURCE   conftest.c -Llibs/x86_64-linux-gcc -L/opt/schily/lib -Wl,-R/opt/schily/lib -Wl,-R/opt/schily/lib -lpthread   1>&5
configure:23849: checking for pthread_create
configure:23877: gcc -o conftest   -O      -D_GNU_SOURCE   conftest.c -Llibs/x86_64-linux-gcc -L/opt/schily/lib -Wl,-R/opt/schily/lib -Wl,-R/opt/schily/lib  -lpthread 1>&5
configure:23849: checking for pthread_kill
configure:23877: gcc -o conftest   -O      -D_GNU_SOURCE   conftest.c -Llibs/x86_64-linux-gcc -L/opt/schily/lib -Wl,-R/opt/schily/lib -Wl,-R/opt/schily/lib  -lpthread 1>&5
configure:23904: checking for pthread_mutex_lock
configure:23932: gcc -o conftest   -O      -D_GNU_SOURCE   conftest.c -Llibs/x86_64-linux-gcc -L/opt/schily/lib -Wl,-R/opt/schily/lib -Wl,-R/opt/schily/lib  -lpthread 1>&5
configure:23904: checking for pthread_cond_wait
configure:23932: gcc -o conftest   -O      -D_GNU_SOURCE   conftest.c -Llibs/x86_64-linux-gcc -L/opt/schily/lib -Wl,-R/opt/schily/lib -Wl,-R/opt/schily/lib  -lpthread 1>&5
configure:23904: checking for pthread_spin_lock
configure:23932: gcc -o conftest   -O      -D_GNU_SOURCE   conftest.c -Llibs/x86_64-linux-gcc -L/opt/schily/lib -Wl,-R/opt/schily/lib -Wl,-R/opt/schily/lib  -lpthread 1>&5
configure:23959: checking for clock_gettime in -lc
configure:23978: gcc -o conftest   -O      -D_GNU_SOURCE   conftest.c -Llibs/x86_64-linux-gcc -L/opt/schily/lib -Wl,-R/opt/schily/lib -Wl,-R/opt/schily/lib   1>&5
configure:24090: checking for clock_gettime
configure:24118: gcc -o conftest   -O      -D_GNU_SOURCE   conftest.c -Llibs/x86_64-linux-gcc -L/opt/schily/lib -Wl,-R/opt/schily/lib -Wl,-R/opt/schily/lib   1>&5
configure:24090: checking for clock_settime
configure:24118: gcc -o conftest   -O      -D_GNU_SOURCE   conftest.c -Llibs/x86_64-linux-gcc -L/opt/schily/lib -Wl,-R/opt/schily/lib -Wl,-R/opt/schily/lib   1>&5
configure:24090: checking for clock_getres
configure:24118: gcc -o conftest   -O      -D_GNU_SOURCE   conftest.c -Llibs/x86_64-linux-gcc -L/opt/schily/lib -Wl,-R/opt/schily/lib -Wl,-R/opt/schily/lib   1>&5
configure:24145: checking for sched_getparam
configure:24173: gcc -o conftest   -O      -D_GNU_SOURCE   conftest.c -Llibs/x86_64-linux-gcc -L/opt/schily/lib -Wl,-R/opt/schily/lib -Wl,-R/opt/schily/lib   1>&5
configure:24145: checking for sched_setparam
configure:24173: gcc -o conftest   -O      -D_GNU_SOURCE   conftest.c -Llibs/x86_64-linux-gcc -L/opt/schily/lib -Wl,-R/opt/schily/lib -Wl,-R/opt/schily/lib   1>&5
configure:24145: checking for sched_getscheduler
configure:24173: gcc -o conftest   -O      -D_GNU_SOURCE   conftest.c -Llibs/x86_64-linux-gcc -L/opt/schily/lib -Wl,-R/opt/schily/lib -Wl,-R/opt/schily/lib   1>&5
configure:24145: checking for sched_setscheduler
configure:24173: gcc -o conftest   -O      -D_GNU_SOURCE   conftest.c -Llibs/x86_64-linux-gcc -L/opt/schily/lib -Wl,-R/opt/schily/lib -Wl,-R/opt/schily/lib   1>&5
configure:24200: checking for sched_yield
configure:24228: gcc -o conftest   -O      -D_GNU_SOURCE   conftest.c -Llibs/x86_64-linux-gcc -L/opt/schily/lib -Wl,-R/opt/schily/lib -Wl,-R/opt/schily/lib   1>&5
configure:24255: checking for nanosleep
configure:24283: gcc -o conftest   -O      -D_GNU_SOURCE   conftest.c -Llibs/x86_64-linux-gcc -L/opt/schily/lib -Wl,-R/opt/schily/lib -Wl,-R/opt/schily/lib   1>&5
configure:24310: checking for cap_get_proc in -lcap
configure:24329: gcc -o conftest   -O      -D_GNU_SOURCE   conftest.c -Llibs/x86_64-linux-gcc -L/opt/schily/lib -Wl,-R/opt/schily/lib -Wl,-R/opt/schily/lib -lcap   1>&5
/usr/bin/ld: cannot find -lcap
collect2: error: ld returned 1 exit status
configure: failed program was:
#line 24318 "configure"
#include "confdefs.h"
/* Override any gcc2 internal prototype to avoid an error.  */
/* We use char because int might match the return type of a gcc2
    builtin and then its argument prototype would still apply.  */
char cap_get_proc();

int main() {
cap_get_proc()
; return 0; }
configure:24354: checking for cap_get_proc
configure:24382: gcc -o conftest   -O      -D_GNU_SOURCE   conftest.c -Llibs/x86_64-linux-gcc -L/opt/schily/lib -Wl,-R/opt/schily/lib -Wl,-R/opt/schily/lib   1>&5
/tmp/ccx3ukNM.o: In function `main':
conftest.c:(.text+0xa): undefined reference to `cap_get_proc'
collect2: error: ld returned 1 exit status
configure: failed program was:
#line 24359 "configure"
#include "confdefs.h"
/* System header to define __stub macros and hopefully few prototypes,
    which can conflict with char cap_get_proc(); below.  */
#include <assert.h>
/* Override any gcc2 internal prototype to avoid an error.  */
/* We use char because int might match the return type of a gcc2
    builtin and then its argument prototype would still apply.  */
char cap_get_proc();

int main() {

/* The GNU C library defines this for functions which it implements
    to always fail with ENOSYS.  Some functions are actually named
    something starting with __ and the normal name is an alias.  */
#if defined (__stub_cap_get_proc) || defined (__stub___cap_get_proc)
choke me
#else
cap_get_proc();
#endif

; return 0; }
configure:24354: checking for cap_set_proc
configure:24382: gcc -o conftest   -O      -D_GNU_SOURCE   conftest.c -Llibs/x86_64-linux-gcc -L/opt/schily/lib -Wl,-R/opt/schily/lib -Wl,-R/opt/schily/lib   1>&5
/tmp/ccOqSTAN.o: In function `main':
conftest.c:(.text+0xa): undefined reference to `cap_set_proc'
collect2: error: ld returned 1 exit status
configure: failed program was:
#line 24359 "configure"
#include "confdefs.h"
/* System header to define __stub macros and hopefully few prototypes,
    which can conflict with char cap_set_proc(); below.  */
#include <assert.h>
/* Override any gcc2 internal prototype to avoid an error.  */
/* We use char because int might match the return type of a gcc2
    builtin and then its argument prototype would still apply.  */
char cap_set_proc();

int main() {

/* The GNU C library defines this for functions which it implements
    to always fail with ENOSYS.  Some functions are actually named
    something starting with __ and the normal name is an alias.  */
#if defined (__stub_cap_set_proc) || defined (__stub___cap_set_proc)
choke me
#else
cap_set_proc();
#endif

; return 0; }
configure:24354: checking for cap_set_flag
configure:24382: gcc -o conftest   -O      -D_GNU_SOURCE   conftest.c -Llibs/x86_64-linux-gcc -L/opt/schily/lib -Wl,-R/opt/schily/lib -Wl,-R/opt/schily/lib   1>&5
/tmp/ccXL7MIP.o: In function `main':
conftest.c:(.text+0xa): undefined reference to `cap_set_flag'
collect2: error: ld returned 1 exit status
configure: failed program was:
#line 24359 "configure"
#include "confdefs.h"
/* System header to define __stub macros and hopefully few prototypes,
    which can conflict with char cap_set_flag(); below.  */
#include <assert.h>
/* Override any gcc2 internal prototype to avoid an error.  */
/* We use char because int might match the return type of a gcc2
    builtin and then its argument prototype would still apply.  */
char cap_set_flag();

int main() {

/* The GNU C library defines this for functions which it implements
    to always fail with ENOSYS.  Some functions are actually named
    something starting with __ and the normal name is an alias.  */
#if defined (__stub_cap_set_flag) || defined (__stub___cap_set_flag)
choke me
#else
cap_set_flag();
#endif

; return 0; }
configure:24354: checking for cap_clear_flag
configure:24382: gcc -o conftest   -O      -D_GNU_SOURCE   conftest.c -Llibs/x86_64-linux-gcc -L/opt/schily/lib -Wl,-R/opt/schily/lib -Wl,-R/opt/schily/lib   1>&5
/tmp/ccOKpUYS.o: In function `main':
conftest.c:(.text+0xa): undefined reference to `cap_clear_flag'
collect2: error: ld returned 1 exit status
configure: failed program was:
#line 24359 "configure"
#include "confdefs.h"
/* System header to define __stub macros and hopefully few prototypes,
    which can conflict with char cap_clear_flag(); below.  */
#include <assert.h>
/* Override any gcc2 internal prototype to avoid an error.  */
/* We use char because int might match the return type of a gcc2
    builtin and then its argument prototype would still apply.  */
char cap_clear_flag();

int main() {

/* The GNU C library defines this for functions which it implements
    to always fail with ENOSYS.  Some functions are actually named
    something starting with __ and the normal name is an alias.  */
#if defined (__stub_cap_clear_flag) || defined (__stub___cap_clear_flag)
choke me
#else
cap_clear_flag();
#endif

; return 0; }
configure:24519: checking for /dev/tty
configure:24541: gcc -o conftest   -O      -D_GNU_SOURCE   conftest.c -Llibs/x86_64-linux-gcc -L/opt/schily/lib -Wl,-R/opt/schily/lib -Wl,-R/opt/schily/lib  1>&5
configure: In function 'main':
configure:24537:2: warning: implicit declaration of function 'exit' [-Wimplicit-function-declaration]
configure:24537:2: warning: incompatible implicit declaration of built-in function 'exit'
configure:24537:2: note: include '<stdlib.h>' or provide a declaration of 'exit'
configure:24519: checking for /dev/null
configure:24541: gcc -o conftest   -O      -D_GNU_SOURCE   conftest.c -Llibs/x86_64-linux-gcc -L/opt/schily/lib -Wl,-R/opt/schily/lib -Wl,-R/opt/schily/lib  1>&5
configure: In function 'main':
configure:24537:2: warning: implicit declaration of function 'exit' [-Wimplicit-function-declaration]
configure:24537:2: warning: incompatible implicit declaration of built-in function 'exit'
configure:24537:2: note: include '<stdlib.h>' or provide a declaration of 'exit'
configure:24519: checking for /dev/zero
configure:24541: gcc -o conftest   -O      -D_GNU_SOURCE   conftest.c -Llibs/x86_64-linux-gcc -L/opt/schily/lib -Wl,-R/opt/schily/lib -Wl,-R/opt/schily/lib  1>&5
configure: In function 'main':
configure:24537:2: warning: implicit declaration of function 'exit' [-Wimplicit-function-declaration]
configure:24537:2: warning: incompatible implicit declaration of built-in function 'exit'
configure:24537:2: note: include '<stdlib.h>' or provide a declaration of 'exit'
configure:24573: checking for /dev/stdin
configure:24595: gcc -o conftest   -O      -D_GNU_SOURCE   conftest.c -Llibs/x86_64-linux-gcc -L/opt/schily/lib -Wl,-R/opt/schily/lib -Wl,-R/opt/schily/lib  1>&5
configure: In function 'main':
configure:24591:2: warning: implicit declaration of function 'exit' [-Wimplicit-function-declaration]
configure:24591:2: warning: incompatible implicit declaration of built-in function 'exit'
configure:24591:2: note: include '<stdlib.h>' or provide a declaration of 'exit'
configure:24573: checking for /dev/stdout
configure:24595: gcc -o conftest   -O      -D_GNU_SOURCE   conftest.c -Llibs/x86_64-linux-gcc -L/opt/schily/lib -Wl,-R/opt/schily/lib -Wl,-R/opt/schily/lib  1>&5
configure: In function 'main':
configure:24591:2: warning: implicit declaration of function 'exit' [-Wimplicit-function-declaration]
configure:24591:2: warning: incompatible implicit declaration of built-in function 'exit'
configure:24591:2: note: include '<stdlib.h>' or provide a declaration of 'exit'
configure:24573: checking for /dev/stderr
configure:24595: gcc -o conftest   -O      -D_GNU_SOURCE   conftest.c -Llibs/x86_64-linux-gcc -L/opt/schily/lib -Wl,-R/opt/schily/lib -Wl,-R/opt/schily/lib  1>&5
configure: In function 'main':
configure:24591:2: warning: implicit declaration of function 'exit' [-Wimplicit-function-declaration]
configure:24591:2: warning: incompatible implicit declaration of built-in function 'exit'
configure:24591:2: note: include '<stdlib.h>' or provide a declaration of 'exit'
configure:24627: checking for /dev/fd/0
configure:24649: gcc -o conftest   -O      -D_GNU_SOURCE   conftest.c -Llibs/x86_64-linux-gcc -L/opt/schily/lib -Wl,-R/opt/schily/lib -Wl,-R/opt/schily/lib  1>&5
configure: In function 'main':
configure:24645:2: warning: implicit declaration of function 'exit' [-Wimplicit-function-declaration]
configure:24645:2: warning: incompatible implicit declaration of built-in function 'exit'
configure:24645:2: note: include '<stdlib.h>' or provide a declaration of 'exit'
configure:24627: checking for /dev/fd/1
configure:24649: gcc -o conftest   -O      -D_GNU_SOURCE   conftest.c -Llibs/x86_64-linux-gcc -L/opt/schily/lib -Wl,-R/opt/schily/lib -Wl,-R/opt/schily/lib  1>&5
configure: In function 'main':
configure:24645:2: warning: implicit declaration of function 'exit' [-Wimplicit-function-declaration]
configure:24645:2: warning: incompatible implicit declaration of built-in function 'exit'
configure:24645:2: note: include '<stdlib.h>' or provide a declaration of 'exit'
configure:24627: checking for /dev/fd/2
configure:24649: gcc -o conftest   -O      -D_GNU_SOURCE   conftest.c -Llibs/x86_64-linux-gcc -L/opt/schily/lib -Wl,-R/opt/schily/lib -Wl,-R/opt/schily/lib  1>&5
configure: In function 'main':
configure:24645:2: warning: implicit declaration of function 'exit' [-Wimplicit-function-declaration]
configure:24645:2: warning: incompatible implicit declaration of built-in function 'exit'
configure:24645:2: note: include '<stdlib.h>' or provide a declaration of 'exit'
configure:24681: checking for /usr/src/linux/include
configure:24703: gcc -o conftest   -O      -D_GNU_SOURCE   conftest.c -Llibs/x86_64-linux-gcc -L/opt/schily/lib -Wl,-R/opt/schily/lib -Wl,-R/opt/schily/lib  1>&5
configure: In function 'main':
configure:24699:2: warning: implicit declaration of function 'exit' [-Wimplicit-function-declaration]
configure:24699:2: warning: incompatible implicit declaration of built-in function 'exit'
configure:24699:2: note: include '<stdlib.h>' or provide a declaration of 'exit'
configure: failed program was:
#line 24689 "configure"
#include "confdefs.h"

#include <sys/types.h>
#include <sys/stat.h>

int
main()
{
	struct	stat	sb;

	exit(stat("/usr/src/linux/include", &sb) < 0);
}
configure:24681: checking for /usr/xpg4/bin/sh
configure:24703: gcc -o conftest   -O      -D_GNU_SOURCE   conftest.c -Llibs/x86_64-linux-gcc -L/opt/schily/lib -Wl,-R/opt/schily/lib -Wl,-R/opt/schily/lib  1>&5
configure: In function 'main':
configure:24699:2: warning: implicit declaration of function 'exit' [-Wimplicit-function-declaration]
configure:24699:2: warning: incompatible implicit declaration of built-in function 'exit'
configure:24699:2: note: include '<stdlib.h>' or provide a declaration of 'exit'
configure: failed program was:
#line 24689 "configure"
#include "confdefs.h"

#include <sys/types.h>
#include <sys/stat.h>

int
main()
{
	struct	stat	sb;

	exit(stat("/usr/xpg4/bin/sh", &sb) < 0);
}
configure:24681: checking for /opt/schily/xpg4/bin/sh
configure:24703: gcc -o conftest   -O      -D_GNU_SOURCE   conftest.c -Llibs/x86_64-linux-gcc -L/opt/schily/lib -Wl,-R/opt/schily/lib -Wl,-R/opt/schily/lib  1>&5
configure: In function 'main':
configure:24699:2: warning: implicit declaration of function 'exit' [-Wimplicit-function-declaration]
configure:24699:2: warning: incompatible implicit declaration of built-in function 'exit'
configure:24699:2: note: include '<stdlib.h>' or provide a declaration of 'exit'
configure: failed program was:
#line 24689 "configure"
#include "confdefs.h"

#include <sys/types.h>
#include <sys/stat.h>

int
main()
{
	struct	stat	sb;

	exit(stat("/opt/schily/xpg4/bin/sh", &sb) < 0);
}
configure:24737: checking if Linux include file linux/ext2_fs.h is broken
configure:24752: gcc -c   -O      -D_GNU_SOURCE   conftest.c 1>&5
configure:24745:10: fatal error: linux/ext2_fs.h: No such file or directory
compilation terminated.
configure: failed program was:
#line 24742 "configure"
#include "confdefs.h"

#if defined(__linux__) || defined(__linux) || defined(linux)
#include <linux/ext2_fs.h>
#endif
int main() {

; return 0; }
configure:24772: checking if Linux include file /usr/src/linux/include/linux/ext2_fs.h is broken
configure:24788: gcc -c   -O    -I/usr/src/linux/include   -D_GNU_SOURCE   conftest.c 1>&5
configure:24781:10: fatal error: linux/ext2_fs.h: No such file or directory
compilation terminated.
configure: failed program was:
#line 24778 "configure"
#include "confdefs.h"

#if defined(__linux__) || defined(__linux) || defined(linux)
#include <linux/ext2_fs.h>
#endif
int main() {

; return 0; }
configure:24826: checking if Linux include file scsi/scsi.h is broken
configure:24841: gcc -c   -O      -D_GNU_SOURCE   conftest.c 1>&5
configure:24861: checking if Linux include file /usr/src/linux/include/scsi/scsi.h is broken
configure:24877: gcc -c   -O    -I/usr/src/linux/include   -D_GNU_SOURCE   conftest.c 1>&5
configure:24898: checking if Linux include file scsi/sg.h is broken
configure:24914: gcc -c   -O      -D_GNU_SOURCE   conftest.c 1>&5
configure:24934: checking if Linux include file /usr/src/linux/include/scsi/sg.h is broken
configure:24951: gcc -c   -O    -I/usr/src/linux/include   -D_GNU_SOURCE   conftest.c 1>&5
